Age,appearances_count,minutes_played,goals,assists,goals_per_90,assists_per_90,has_appearance_data,market_value_in_eur,position_Defender,position_Goalkeeper,position_Midfield,position_Missing,current_club_domestic_competition_id_FR1,current_club_domestic_competition_id_GB1,current_club_domestic_competition_id_IT1,current_club_domestic_competition_id_L1
37.57152635181382,116.0,7730.0,40.0,19.0,0.4657179818887452,0.22121604139715395,1,1000000,0,0,0,0,0,0,1,0
37.39356605065024,151.0,13507.0,0.0,0.0,0.0,0.0,1,750000,0,1,0,0,0,0,0,1
38.5242984257358,4.0,307.0,0.0,0.0,0.0,0.0,1,200000,1,0,0,0,0,0,1,0
37.215605749486656,12.0,1080.0,0.0,0.0,0.0,0.0,1,100000,0,1,0,0,0,0,0,1
32.18891170431211,4.0,286.0,0.0,1.0,0.0,0.3146853146853147,1,1500000,1,0,0,0,0,0,0,1
36.681724845995895,77.0,3987.0,9.0,4.0,0.20316027088036115,0.09029345372460496,1,350000,0,0,1,0,0,1,0,0
36.58590006844627,0.0,0.0,0.0,0.0,0.0,0.0,0,200000,0,1,0,0,0,0,0,1
41.869952087611225,109.0,6038.0,26.0,8.0,0.38754554488241144,0.11924478304074197,1,250000,0,0,0,0,0,0,0,0
36.24640657084189,19.0,1075.0,0.0,2.0,0.0,0.16744186046511628,1,100000,0,0,0,0,0,0,0,1
36.99931553730322,24.0,1227.0,2.0,3.0,0.14669926650366746,0.2200488997555012,1,100000,0,0,1,0,0,0,0,1
35.32101300479124,66.0,4746.0,5.0,4.0,0.09481668773704172,0.07585335018963338,1,150000,0,0,1,0,0,0,0,0
36.8952772073922,7.0,76.0,0.0,0.0,0.0,0.0,1,150000,0,0,1,0,0,0,0,1
34.97604380561259,81.0,5716.0,2.0,6.0,0.031490552834149754,0.09447165850244926,1,1000000,0,0,1,0,0,0,0,1
35.969883641341546,0.0,0.0,0.0,0.0,0.0,0.0,0,400000,0,0,1,0,0,0,0,1
39.09924709103354,9.0,766.0,0.0,0.0,0.0,0.0,1,350000,0,1,0,0,0,0,0,1
38.614647501711154,38.0,3198.0,0.0,0.0,0.0,0.0,1,250000,0,1,0,0,0,1,0,0
41.51403148528405,184.0,6777.0,53.0,24.0,0.7038512616201859,0.3187250996015936,1,400000,0,0,0,0,0,0,0,1
37.15537303216975,7.0,630.0,0.0,0.0,0.0,0.0,1,300000,0,1,0,0,0,0,0,1
35.66598220396988,98.0,8514.0,8.0,0.0,0.08456659619450317,0.0,1,1000000,1,0,0,0,0,0,0,1
35.58110882956879,47.0,4230.0,0.0,0.0,0.0,0.0,1,750000,0,1,0,0,0,0,0,1
32.681724845995895,0.0,0.0,0.0,0.0,0.0,0.0,0,100000,0,1,0,0,0,0,0,1
35.148528405201915,9.0,225.0,0.0,2.0,0.0,0.0,1,400000,0,0,0,0,0,0,0,0
33.41820670773443,3.0,65.0,1.0,0.0,0.0,0.0,1,500000,0,0,0,0,0,0,0,1
33.03764544832307,98.0,6984.0,11.0,7.0,0.14175257731958762,0.0902061855670103,1,2000000,0,0,1,0,0,0,0,1
36.13141683778234,11.0,669.0,0.0,1.0,0.0,0.13452914798206278,1,75000,1,0,0,0,0,0,1,0
34.93223819301848,5.0,279.0,0.0,0.0,0.0,0.0,1,250000,0,0,1,0,1,0,0,0
35.1129363449692,49.0,4022.0,1.0,2.0,0.022376926902038786,0.04475385380407757,1,200000,0,0,1,0,0,0,0,1
37.76043805612594,18.0,1601.0,2.0,0.0,0.11242973141786383,0.0,1,100000,1,0,0,0,0,0,0,1
35.66872005475702,15.0,1305.0,0.0,0.0,0.0,0.0,1,200000,0,1,0,0,0,0,0,1
34.38740588637919,1.0,90.0,0.0,0.0,0.0,0.0,1,50000,1,0,0,0,0,0,0,1
34.001368925393564,18.0,1070.0,2.0,0.0,0.16822429906542058,0.0,1,500000,1,0,0,0,0,0,0,1
36.91444216290212,39.0,2942.0,1.0,2.0,0.030591434398368453,0.06118286879673691,1,200000,1,0,0,0,0,0,0,1
35.219712525667354,3.0,122.0,0.0,1.0,0.0,0.0,1,125000,0,0,1,0,0,0,0,1
36.5886379192334,23.0,1778.0,0.0,0.0,0.0,0.0,1,250000,1,0,0,0,0,0,0,1
35.238877481177276,0.0,0.0,0.0,0.0,0.0,0.0,0,200000,0,1,0,0,0,0,0,1
36.04106776180698,119.0,10082.0,6.0,6.0,0.05356080142828804,0.05356080142828804,1,250000,0,0,1,0,0,0,0,1
35.77275838466804,76.0,6671.0,2.0,0.0,0.026982461400089943,0.0,1,500000,1,0,0,0,0,0,0,1
36.407939767282684,2.0,103.0,0.0,0.0,0.0,0.0,1,100000,0,1,0,0,0,0,0,1
37.98220396988364,66.0,5910.0,0.0,0.0,0.0,0.0,1,200000,0,1,0,0,0,0,0,1
40.41067761806981,53.0,4331.0,0.0,1.0,0.0,0.020780420226275687,1,1000000,1,0,0,0,0,0,1,0
39.167693360711844,0.0,0.0,0.0,0.0,0.0,0.0,0,50000,0,1,0,0,0,0,0,1
36.16974674880219,126.0,10236.0,2.0,14.0,0.017584994138335287,0.123094958968347,1,750000,1,0,0,0,0,0,0,1
31.813826146475016,0.0,0.0,0.0,0.0,0.0,0.0,0,300000,1,0,0,0,0,0,0,1
35.879534565366185,40.0,2531.0,2.0,1.0,0.07111813512445674,0.03555906756222837,1,250000,0,0,1,0,1,0,0,0
33.95756331279945,101.0,6588.0,34.0,9.0,0.4644808743169399,0.12295081967213115,1,1250000,0,0,0,0,0,0,0,1
34.98151950718686,35.0,2905.0,0.0,2.0,0.0,0.06196213425129088,1,750000,1,0,0,0,0,0,0,1
36.85968514715948,37.0,3242.0,0.0,0.0,0.0,0.0,1,50000,0,1,0,0,0,0,0,1
32.51745379876797,1.0,90.0,0.0,0.0,0.0,0.0,1,300000,1,0,0,0,0,0,0,1
33.125256673511295,6.0,112.0,1.0,0.0,0.0,0.0,1,1000000,0,0,0,0,0,1,0,0
36.375085557837096,126.0,11131.0,2.0,18.0,0.016171053813673526,0.1455394843230617,1,500000,1,0,0,0,1,0,0,0
34.86926762491444,38.0,1580.0,2.0,4.0,0.11392405063291139,0.22784810126582278,1,350000,0,0,0,0,0,0,0,1
30.6694045174538,65.0,2756.0,9.0,5.0,0.29390420899854863,0.1632801161103048,1,1000000,0,0,0,0,0,0,0,1
32.56125941136208,11.0,990.0,0.0,0.0,0.0,0.0,1,500000,0,1,0,0,0,0,0,1
34.46132785763176,4.0,242.0,0.0,0.0,0.0,0.0,1,200000,1,0,0,0,0,0,0,1
36.39972621492129,135.0,10845.0,69.0,13.0,0.5726141078838174,0.1078838174273859,1,300000,0,0,0,0,0,0,0,1
32.36139630390144,26.0,1577.0,8.0,0.0,0.45656309448319593,0.0,1,500000,0,0,0,0,0,0,0,1
31.592060232717316,0.0,0.0,0.0,0.0,0.0,0.0,0,500000,1,0,0,0,1,0,0,0
30.817248459958932,7.0,351.0,0.0,0.0,0.0,0.0,1,1000000,0,0,1,0,0,1,0,0
37.46201232032854,116.0,9676.0,5.0,2.0,0.04650682100041339,0.018602728400165358,1,100000,1,0,0,0,0,0,0,1
35.19507186858316,12.0,796.0,0.0,0.0,0.0,0.0,1,100000,1,0,0,0,1,0,0,0
34.784394250513344,16.0,742.0,0.0,0.0,0.0,0.0,1,400000,0,0,0,0,0,0,0,1
36.20260095824778,121.0,9641.0,1.0,13.0,0.009335131210455346,0.12135670573591952,1,300000,1,0,0,0,0,0,0,1
36.27926078028747,199.0,17762.0,0.0,0.0,0.0,0.0,1,250000,0,1,0,0,1,0,0,0
37.63175906913073,18.0,1196.0,0.0,0.0,0.0,0.0,1,150000,0,0,1,0,0,0,0,1
32.82683093771389,0.0,0.0,0.0,0.0,0.0,0.0,0,250000,0,1,0,0,0,0,0,1
33.086926762491444,11.0,309.0,0.0,0.0,0.0,0.0,1,825000,1,0,0,0,0,0,0,1
34.38466803559206,144.0,12858.0,0.0,3.0,0.0,0.020998600093327113,1,500000,0,1,0,0,0,0,0,1
35.52908966461328,157.0,10893.0,29.0,18.0,0.23960341503717983,0.1487193610575599,1,200000,0,0,1,0,0,0,0,1
34.52977412731006,91.0,6053.0,2.0,9.0,0.029737320337022963,0.13381794151660334,1,300000,0,0,1,0,0,0,0,1
36.56673511293634,102.0,6865.0,8.0,5.0,0.10487982520029132,0.06554989075018208,1,100000,0,0,1,0,0,0,0,1
37.18822724161533,69.0,2881.0,16.0,0.0,0.49982644914960084,0.0,1,100000,0,0,0,0,0,0,0,1
33.4757015742642,30.0,1804.0,1.0,1.0,0.04988913525498891,0.04988913525498891,1,500000,0,0,1,0,0,0,0,1
38.71321013004791,0.0,0.0,0.0,0.0,0.0,0.0,0,50000,0,1,0,0,0,0,0,1
35.520876112251884,35.0,3180.0,0.0,0.0,0.0,0.0,1,100000,0,1,0,0,0,0,0,1
33.242984257357975,195.0,16354.0,6.0,33.0,0.03301944478415067,0.18160694631282867,1,11000000,1,0,0,0,0,0,0,1
29.404517453798768,33.0,2705.0,2.0,3.0,0.066543438077634,0.099815157116451,1,800000,1,0,0,0,0,0,0,0
32.82683093771389,0.0,0.0,0.0,0.0,0.0,0.0,0,300000,0,1,0,0,0,0,0,1
36.06570841889117,35.0,2702.0,1.0,2.0,0.03330866025166543,0.06661732050333086,1,50000,0,0,1,0,0,0,0,1
33.08418891170431,31.0,2193.0,0.0,3.0,0.0,0.12311901504787962,1,200000,1,0,0,0,0,0,0,1
34.25325119780972,0.0,0.0,0.0,0.0,0.0,0.0,0,200000,1,0,0,0,0,0,0,1
35.64681724845996,6.0,540.0,0.0,0.0,0.0,0.0,1,200000,0,1,0,0,0,0,0,1
35.90143737166324,37.0,3360.0,0.0,1.0,0.0,0.026785714285714288,1,300000,0,1,0,0,0,0,0,1
38.94866529774127,12.0,313.0,1.0,1.0,0.2875399361022364,0.2875399361022364,1,50000,0,0,0,0,0,0,0,1
35.29637234770705,142.0,10261.0,24.0,27.0,0.21050579865510183,0.23681902348698958,1,1000000,0,0,1,0,0,1,0,0
31.901437371663246,42.0,1913.0,4.0,3.0,0.18818609513852586,0.1411395713538944,1,750000,0,0,1,0,0,0,0,1
32.087611225188226,14.0,483.0,3.0,0.0,0.5590062111801242,0.0,1,250000,0,0,0,0,0,0,0,1
34.96235455167693,59.0,3764.0,8.0,0.0,0.19128586609989373,0.0,1,250000,1,0,0,0,0,0,0,1
32.46817248459959,45.0,2774.0,1.0,8.0,0.032444124008651765,0.2595529920692141,1,250000,1,0,0,0,0,0,0,1
38.88569472963724,32.0,2837.0,0.0,0.0,0.0,0.0,1,100000,0,1,0,0,0,1,0,0
36.22724161533196,258.0,19121.0,13.0,30.0,0.06118926834370587,0.14120600387009047,1,800000,1,0,0,0,0,0,0,1
34.997946611909654,12.0,544.0,1.0,0.0,0.16544117647058823,0.0,1,150000,1,0,0,0,1,0,0,0
39.15400410677618,10.0,849.0,0.0,0.0,0.0,0.0,1,800000,1,0,0,0,0,0,1,0
35.02532511978097,85.0,5686.0,13.0,17.0,0.20576855434400282,0.26908195568061904,1,200000,0,0,1,0,0,0,0,0
33.568788501026695,85.0,6777.0,1.0,5.0,0.013280212483399735,0.06640106241699867,1,100000,1,0,0,0,0,0,0,1
33.30321697467488,22.0,1667.0,0.0,1.0,0.0,0.05398920215956808,1,1500000,0,0,1,0,0,0,0,1
36.45722108145106,154.0,12086.0,9.0,2.0,0.06701969220585802,0.014893264934635114,1,200000,1,0,0,0,0,0,0,0
33.7741273100616,145.0,12857.0,7.0,3.0,0.04900054445049389,0.021000233335925954,1,2500000,1,0,0,0,0,1,0,0
36.544832306639286,120.0,10014.0,38.0,26.0,0.341521869382864,0.2336728579988017,1,1750000,0,0,1,0,0,1,0,0
31.550992470910334,70.0,3428.0,6.0,8.0,0.15752625437572929,0.2100350058343057,1,750000,0,0,0,0,0,0,0,1
33.18822724161533,24.0,947.0,2.0,0.0,0.1900739176346357,0.0,1,250000,0,0,0,0,1,0,0,0
34.17385352498289,5.0,286.0,1.0,1.0,0.3146853146853147,0.3146853146853147,1,500000,0,0,1,0,0,1,0,0
38.261464750171115,0.0,0.0,0.0,0.0,0.0,0.0,0,250000,0,1,0,0,0,1,0,0
31.496235455167692,10.0,712.0,0.0,0.0,0.0,0.0,1,2000000,1,0,0,0,0,1,0,0
39.964407939767284,0.0,0.0,0.0,0.0,0.0,0.0,0,250000,0,0,0,0,0,1,0,0
38.078028747433265,12.0,391.0,0.0,2.0,0.0,0.4603580562659847,1,1000000,0,0,1,0,1,0,0,0
41.18822724161533,21.0,1845.0,0.0,0.0,0.0,0.0,1,250000,0,1,0,0,0,1,0,0
38.79808350444901,0.0,0.0,0.0,0.0,0.0,0.0,0,500000,0,1,0,0,0,1,0,0
35.92881587953457,24.0,1976.0,1.0,0.0,0.04554655870445344,0.0,1,500000,1,0,0,0,0,1,0,0
40.054757015742645,10.0,763.0,0.0,0.0,0.0,0.0,1,200000,1,0,0,0,0,0,1,0
37.223819301848046,160.0,13397.0,17.0,5.0,0.1142046726879152,0.03358960961409271,1,1000000,1,0,0,0,0,1,0,0
38.48870636550308,123.0,7173.0,30.0,14.0,0.3764115432873275,0.17565872020075282,1,1000000,0,0,1,0,0,1,0,0
35.474332648870636,28.0,935.0,4.0,0.0,0.3850267379679144,0.0,1,100000,0,0,1,0,0,0,0,0
38.51882272416153,89.0,7603.0,1.0,7.0,0.011837432592397739,0.08286202814678417,1,500000,1,0,0,0,0,0,1,0
37.49486652977413,4.0,360.0,0.0,0.0,0.0,0.0,1,250000,0,1,0,0,0,1,0,0
34.26420260095825,9.0,244.0,1.0,0.0,0.0,0.0,1,500000,0,0,0,0,0,1,0,0
34.54346338124572,54.0,4136.0,0.0,5.0,0.0,0.10880077369439073,1,700000,1,0,0,0,0,1,0,0
34.841889117043124,13.0,808.0,2.0,0.0,0.22277227722772278,0.0,1,1000000,0,0,0,0,0,1,0,0
34.847364818617386,0.0,0.0,0.0,0.0,0.0,0.0,0,300000,1,0,0,0,0,0,0,1
36.26557152635181,66.0,5539.0,1.0,2.0,0.016248420292471564,0.03249684058494313,1,1000000,1,0,0,0,0,1,0,0
34.22861054072553,110.0,8938.0,4.0,10.0,0.040277466994853434,0.1006936674871336,1,100000,1,0,0,0,0,0,0,1
36.002737850787135,50.0,3284.0,3.0,11.0,0.08221680876979293,0.30146163215590743,1,600000,0,0,1,0,0,1,0,0
34.17385352498289,71.0,5202.0,24.0,14.0,0.4152249134948097,0.24221453287197234,1,500000,0,0,0,0,1,0,0,0
35.09924709103354,44.0,3925.0,1.0,0.0,0.022929936305732482,0.0,1,750000,1,0,0,0,0,1,0,0
34.47501711156742,0.0,0.0,0.0,0.0,0.0,0.0,0,500000,1,0,0,0,0,1,0,0
37.007529089664615,7.0,554.0,1.0,0.0,0.1624548736462094,0.0,1,250000,1,0,0,0,0,1,0,0
34.63107460643395,65.0,2647.0,6.0,6.0,0.20400453343407632,0.20400453343407632,1,500000,0,0,0,0,0,1,0,0
39.121149897330596,218.0,17597.0,8.0,17.0,0.040916065238392904,0.08694663863158493,1,325000,0,0,1,0,0,1,0,0
34.81998631074607,81.0,6351.0,3.0,6.0,0.042512990080302314,0.08502598016060463,1,1000000,0,0,1,0,0,1,0,0
35.408624229979466,28.0,2430.0,1.0,1.0,0.037037037037037035,0.037037037037037035,1,250000,1,0,0,0,0,1,0,0
34.510609171800134,10.0,579.0,0.0,1.0,0.0,0.15544041450777202,1,1000000,0,0,0,0,0,1,0,0
35.011635865845314,165.0,11744.0,34.0,14.0,0.260558583106267,0.10728882833787466,1,1500000,0,0,0,0,0,1,0,0
34.97604380561259,224.0,17645.0,82.0,59.0,0.4182487956928308,0.3009351090960612,1,2000000,0,0,0,0,0,1,0,0
40.41067761806981,480.0,26767.0,39.0,70.0,0.13113161728994657,0.23536444128964767,1,500000,0,0,1,0,0,1,0,0
38.1492128678987,104.0,8834.0,0.0,3.0,0.0,0.030563731039166854,1,750000,1,0,0,0,0,1,0,0
43.3429158110883,55.0,4962.0,0.0,0.0,0.0,0.0,1,500000,0,1,0,0,0,1,0,0
35.62217659137577,64.0,4319.0,14.0,12.0,0.2917341977309562,0.25005788376939103,1,1000000,0,0,1,0,0,0,1,0
38.20123203285421,19.0,910.0,1.0,1.0,0.0989010989010989,0.0989010989010989,1,1000000,0,0,1,0,0,1,0,0
36.01916495550992,18.0,1551.0,0.0,1.0,0.0,0.058027079303675046,1,1000000,1,0,0,0,0,1,0,0
37.37713894592745,59.0,4779.0,0.0,2.0,0.0,0.037664783427495296,1,500000,1,0,0,0,0,1,0,0
40.12867898699521,46.0,2494.0,3.0,8.0,0.1082598235765838,0.28869286287089013,1,1000000,0,0,1,0,0,1,0,0
37.152635181382614,142.0,12495.0,1.0,1.0,0.007202881152460984,0.007202881152460984,1,300000,1,0,0,0,0,0,1,0
34.770704996577685,3.0,114.0,0.0,0.0,0.0,0.0,1,500000,0,0,1,0,0,0,1,0
41.6974674880219,283.0,21715.0,196.0,78.0,0.8123416992862076,0.3232788395118582,1,2000000,0,0,0,0,0,0,1,0
31.479808350444902,13.0,825.0,2.0,0.0,0.21818181818181817,0.0,1,1500000,0,0,1,0,0,1,0,0
36.07118412046543,25.0,1422.0,1.0,1.0,0.06329113924050633,0.06329113924050633,1,100000,0,0,0,0,0,1,0,0
40.106776180698155,7.0,615.0,0.0,0.0,0.0,0.0,1,250000,0,1,0,0,0,1,0,0
43.73990417522245,27.0,2460.0,0.0,0.0,0.0,0.0,1,750000,0,1,0,0,0,1,0,0
36.3066392881588,38.0,3392.0,0.0,1.0,0.0,0.026533018867924526,1,100000,0,1,0,0,0,0,0,0
38.49144421629021,90.0,7841.0,0.0,0.0,0.0,0.0,1,500000,0,1,0,0,0,0,1,0
36.832306639288156,123.0,10147.0,2.0,2.0,0.017739233270917514,0.017739233270917514,1,250000,1,0,0,0,1,0,0,0
39.32375085557837,51.0,3448.0,1.0,3.0,0.026102088167053363,0.07830626450116009,1,100000,0,0,1,0,0,0,0,1
41.45653661875428,1.0,15.0,0.0,0.0,0.0,0.0,1,100000,0,1,0,0,0,0,0,0
37.828884325804246,168.0,13965.0,3.0,4.0,0.01933404940923738,0.025778732545649836,1,500000,1,0,0,0,0,1,0,0
35.403148528405204,157.0,12444.0,8.0,8.0,0.057859209257473475,0.057859209257473475,1,1000000,0,0,1,0,0,1,0,0
31.301848049281315,85.0,5768.0,6.0,7.0,0.09361997226074896,0.10922330097087378,1,1500000,1,0,0,0,0,1,0,0
34.078028747433265,23.0,911.0,0.0,1.0,0.0,0.09879253567508232,1,250000,0,0,0,0,0,1,0,0
40.90896646132786,37.0,3086.0,0.0,0.0,0.0,0.0,1,250000,0,1,0,0,0,1,0,0
37.40177960301163,131.0,7286.0,7.0,13.0,0.08646719736480922,0.16058193796321713,1,200000,0,0,1,0,1,0,0,0
34.672142368240934,60.0,5348.0,0.0,0.0,0.0,0.0,1,1750000,0,1,0,0,1,0,0,0
35.00068446269678,20.0,1093.0,0.0,1.0,0.0,0.08234217749313816,1,1000000,1,0,0,0,0,1,0,0
34.9678302532512,17.0,1223.0,0.0,0.0,0.0,0.0,1,500000,1,0,0,0,0,1,0,0
34.732375085557834,118.0,7695.0,13.0,12.0,0.152046783625731,0.14035087719298245,1,1000000,0,0,1,0,0,1,0,0
37.70294318959617,3.0,270.0,0.0,0.0,0.0,0.0,1,250000,0,1,0,0,0,1,0,0
37.4839151266256,17.0,1450.0,0.0,4.0,0.0,0.24827586206896549,1,150000,1,0,0,0,0,1,0,0
35.24709103353867,4.0,327.0,0.0,0.0,0.0,0.0,1,500000,1,0,0,0,0,1,0,0
35.95345653661875,11.0,708.0,0.0,1.0,0.0,0.1271186440677966,1,250000,0,0,0,0,0,1,0,0
36.78850102669404,0.0,0.0,0.0,0.0,0.0,0.0,0,250000,0,0,1,0,0,1,0,0
33.426420260095824,2.0,180.0,0.0,1.0,0.0,0.0,1,500000,1,0,0,0,0,1,0,0
41.86173853524983,59.0,5247.0,0.0,1.0,0.0,0.017152658662092625,1,150000,0,1,0,0,0,1,0,0
35.238877481177276,31.0,2667.0,0.0,0.0,0.0,0.0,1,150000,1,0,0,0,1,0,0,0
40.88158795345654,104.0,7136.0,31.0,13.0,0.39097533632287,0.16395739910313903,1,150000,0,0,0,0,0,0,1,0
33.125256673511295,34.0,2841.0,3.0,6.0,0.09503695881731784,0.1900739176346357,1,750000,0,0,1,0,0,1,0,0
32.714579055441476,21.0,1594.0,0.0,2.0,0.0,0.11292346298619824,1,1000000,1,0,0,0,0,1,0,0
36.375085557837096,59.0,4445.0,2.0,5.0,0.04049493813273341,0.10123734533183353,1,500000,0,0,1,0,0,1,0,0
32.421629021218344,39.0,2314.0,0.0,2.0,0.0,0.07778738115816768,1,1500000,0,0,1,0,0,1,0,0
32.87063655030801,25.0,2085.0,1.0,1.0,0.04316546762589928,0.04316546762589928,1,500000,1,0,0,0,0,1,0,0
40.33949349760438,0.0,0.0,0.0,0.0,0.0,0.0,0,250000,0,1,0,0,0,1,0,0
35.39493497604381,17.0,1421.0,0.0,0.0,0.0,0.0,1,500000,1,0,0,0,0,1,0,0
30.20123203285421,14.0,990.0,0.0,3.0,0.0,0.2727272727272727,1,500000,1,0,0,0,0,0,0,1
34.5845311430527,18.0,1455.0,0.0,0.0,0.0,0.0,1,100000,1,0,0,0,0,0,0,1
36.63244353182751,64.0,5676.0,0.0,0.0,0.0,0.0,1,350000,0,1,0,0,0,1,0,0
34.69678302532512,103.0,8617.0,7.0,2.0,0.07311129163281885,0.02088894046651967,1,100000,1,0,0,0,0,0,0,1
37.01848049281314,55.0,2155.0,8.0,5.0,0.33410672853828305,0.2088167053364269,1,150000,0,0,1,0,0,1,0,0
36.832306639288156,181.0,13994.0,4.0,10.0,0.025725310847506073,0.0643132771187652,1,1000000,0,0,1,0,0,1,0,0
33.76043805612594,157.0,12975.0,3.0,10.0,0.020809248554913295,0.06936416184971099,1,2500000,1,0,0,0,0,1,0,0
33.44284736481862,22.0,1766.0,6.0,2.0,0.3057757644394111,0.10192525481313704,1,500000,0,0,0,0,1,0,0,0
33.74948665297741,3.0,76.0,0.0,0.0,0.0,0.0,1,250000,0,0,0,0,1,0,0,0
36.29295003422313,2.0,24.0,0.0,0.0,0.0,0.0,1,250000,1,0,0,0,1,0,0,0
35.76728268309377,0.0,0.0,0.0,0.0,0.0,0.0,0,600000,0,0,0,0,1,0,0,0
40.33401779603012,84.0,5328.0,24.0,15.0,0.40540540540540543,0.25337837837837834,1,500000,0,0,0,0,0,1,0,0
33.01848049281314,103.0,7838.0,18.0,10.0,0.2066853789231947,0.11482521051288594,1,2000000,0,0,1,0,0,1,0,0
36.407939767282684,67.0,3031.0,10.0,5.0,0.29693170570768723,0.14846585285384362,1,200000,0,0,0,0,1,0,0,0
36.11225188227242,53.0,3307.0,1.0,3.0,0.02721499848805564,0.08164499546416691,1,500000,0,0,1,0,0,1,0,0
34.86379192334018,17.0,311.0,0.0,0.0,0.0,0.0,1,400000,0,0,0,0,0,0,1,0
35.89048596851472,260.0,22826.0,6.0,13.0,0.02365723297993516,0.05125733812319285,1,400000,0,0,1,0,0,0,0,1
36.186173853524984,21.0,1770.0,1.0,2.0,0.05084745762711865,0.1016949152542373,1,800000,0,0,1,0,0,1,0,0
33.69199178644764,0.0,0.0,0.0,0.0,0.0,0.0,0,500000,0,0,1,0,0,1,0,0
28.955509924709105,2.0,180.0,0.0,0.0,0.0,0.0,1,250000,0,0,0,0,0,1,0,0
36.93908281998631,150.0,12017.0,14.0,21.0,0.10485146043105602,0.15727719064658402,1,200000,0,0,0,0,0,1,0,0
34.93497604380561,64.0,5443.0,1.0,4.0,0.016534999081388942,0.06613999632555577,1,500000,1,0,0,0,0,1,0,0
38.365503080082135,188.0,10762.0,37.0,20.0,0.30942204051291583,0.16725515703400853,1,1000000,0,0,0,0,0,1,0,0
33.4757015742642,5.0,167.0,0.0,0.0,0.0,0.0,1,350000,1,0,0,0,0,1,0,0
34.86379192334018,12.0,939.0,0.0,0.0,0.0,0.0,1,500000,1,0,0,0,0,1,0,0
36.988364134154686,2.0,30.0,0.0,0.0,0.0,0.0,1,250000,0,0,1,0,0,1,0,0
36.00547570157426,43.0,2397.0,2.0,1.0,0.0750938673341677,0.03754693366708385,1,250000,0,0,1,0,0,1,0,0
38.64476386036961,0.0,0.0,0.0,0.0,0.0,0.0,0,10000,0,1,0,0,0,1,0,0
35.2580424366872,54.0,3160.0,7.0,7.0,0.19936708860759494,0.19936708860759494,1,750000,0,0,0,0,0,1,0,0
32.668035592060235,6.0,258.0,0.0,0.0,0.0,0.0,1,50000,1,0,0,0,0,0,0,1
32.64613278576318,5.0,305.0,0.0,1.0,0.0,0.29508196721311475,1,250000,0,0,1,0,0,1,0,0
36.6652977412731,36.0,3195.0,0.0,0.0,0.0,0.0,1,250000,0,1,0,0,0,1,0,0
40.224503764544835,143.0,12758.0,0.0,1.0,0.0,0.007054397240946857,1,300000,0,1,0,0,0,1,0,0
38.20670773442848,142.0,10996.0,67.0,34.0,0.5483812295380138,0.2782830120043652,1,300000,0,0,0,0,0,0,1,0
40.38329911019849,6.0,495.0,0.0,0.0,0.0,0.0,1,100000,0,1,0,0,0,0,1,0
33.270362765229294,15.0,1002.0,1.0,1.0,0.08982035928143711,0.08982035928143711,1,800000,1,0,0,0,0,0,1,0
35.761806981519506,175.0,15026.0,11.0,21.0,0.06588579795021962,0.12578197790496473,1,1000000,1,0,0,0,1,0,0,0
35.80835044490075,96.0,6742.0,8.0,14.0,0.10679323642835954,0.18688816374962916,1,500000,0,0,1,0,0,1,0,0
33.908281998631075,24.0,1869.0,0.0,0.0,0.0,0.0,1,750000,1,0,0,0,0,0,0,0
35.35386721423682,128.0,10382.0,8.0,3.0,0.06935079946060489,0.026006549797726836,1,400000,0,0,1,0,0,0,0,1
34.89664613278576,165.0,13028.0,41.0,40.0,0.2832361068467915,0.276327909118821,1,3000000,0,0,1,0,1,0,0,0
35.148528405201915,162.0,11622.0,30.0,21.0,0.23231801755291687,0.1626226122870418,1,250000,0,0,1,0,0,0,0,1
34.573579739904176,90.0,5850.0,4.0,1.0,0.06153846153846154,0.015384615384615385,1,200000,0,0,1,0,0,0,0,1
36.01368925393566,36.0,3001.0,1.0,1.0,0.029990003332222594,0.029990003332222594,1,1000000,1,0,0,0,0,0,0,1
35.7015742642026,1.0,43.0,0.0,0.0,0.0,0.0,1,100000,0,1,0,0,0,0,0,1
35.983572895277206,35.0,2971.0,1.0,0.0,0.030292830696735107,0.0,1,1000000,1,0,0,0,0,0,1,0
35.200547570157426,89.0,7372.0,5.0,4.0,0.061041779706999456,0.048833423765599564,1,500000,1,0,0,0,1,0,0,0
43.723477070499655,291.0,25446.0,9.0,6.0,0.031832115067201135,0.021221410044800756,1,150000,1,0,0,0,1,0,0,0
37.74127310061601,271.0,23563.0,10.0,11.0,0.03819547595806985,0.04201502355387684,1,300000,1,0,0,0,0,0,0,1
45.36892539356605,312.0,28055.0,0.0,0.0,0.0,0.0,1,1000000,0,1,0,0,0,0,1,0
33.90554414784394,16.0,1440.0,0.0,0.0,0.0,0.0,1,250000,0,1,0,0,0,0,0,1
39.715263518138265,38.0,3333.0,0.0,0.0,0.0,0.0,1,200000,0,1,0,0,0,1,0,0
39.56741957563313,0.0,0.0,0.0,0.0,0.0,0.0,0,50000,0,1,0,0,1,0,0,0
37.034907597535934,191.0,15948.0,10.0,20.0,0.0564334085778781,0.1128668171557562,1,1000000,1,0,0,0,1,0,0,0
34.32169746748802,1.0,90.0,0.0,0.0,0.0,0.0,1,250000,1,0,0,0,1,0,0,0
36.80492813141684,98.0,8469.0,5.0,2.0,0.053134962805526036,0.021253985122210415,1,250000,1,0,0,0,1,0,0,0
36.8870636550308,17.0,581.0,1.0,1.0,0.1549053356282272,0.1549053356282272,1,400000,0,0,0,0,1,0,0,0
35.35386721423682,28.0,2387.0,3.0,9.0,0.11311269375785504,0.33933808127356513,1,250000,0,0,1,0,1,0,0,0
36.99110198494182,215.0,10419.0,31.0,19.0,0.26778001727613016,0.16412323639504753,1,200000,0,0,0,0,1,0,0,0
34.86926762491444,23.0,2070.0,0.0,0.0,0.0,0.0,1,400000,0,1,0,0,1,0,0,0
37.93839835728953,190.0,17038.0,0.0,0.0,0.0,0.0,1,250000,0,1,0,0,1,0,0,0
38.75427789185489,56.0,4678.0,2.0,1.0,0.038477982043608375,0.019238991021804187,1,250000,1,0,0,0,1,0,0,0
38.220396988364136,31.0,1499.0,0.0,1.0,0.0,0.0600400266844563,1,250000,0,0,0,0,1,0,0,0
39.87679671457906,216.0,15017.0,5.0,22.0,0.029966038489711657,0.1318505693547313,1,250000,0,0,1,0,1,0,0,0
32.323066392881586,8.0,607.0,0.0,0.0,0.0,0.0,1,750000,0,0,1,0,0,1,0,0
33.842573579739906,18.0,571.0,0.0,2.0,0.0,0.3152364273204904,1,600000,0,0,0,0,1,0,0,0
35.4798083504449,24.0,1162.0,2.0,3.0,0.1549053356282272,0.2323580034423408,1,300000,0,0,1,0,1,0,0,0
32.19438740588638,0.0,0.0,0.0,0.0,0.0,0.0,0,150000,1,0,0,0,1,0,0,0
37.82614647501711,31.0,2205.0,2.0,2.0,0.0816326530612245,0.0816326530612245,1,600000,0,0,1,0,1,0,0,0
36.550308008213555,75.0,4718.0,4.0,8.0,0.07630351844001695,0.1526070368800339,1,250000,0,0,1,0,1,0,0,0
33.765913757700204,87.0,7480.0,7.0,2.0,0.08422459893048129,0.02406417112299465,1,500000,1,0,0,0,0,0,1,0
35.696098562628336,91.0,7317.0,0.0,1.0,0.0,0.012300123001230012,1,250000,0,0,1,0,1,0,0,0
36.648870636550306,58.0,2418.0,2.0,2.0,0.07444168734491315,0.07444168734491315,1,150000,0,0,1,0,1,0,0,0
38.88021902806297,1.0,20.0,0.0,0.0,0.0,0.0,1,50000,0,1,0,0,1,0,0,0
36.63518138261465,75.0,6098.0,4.0,0.0,0.059035749426041326,0.0,1,250000,1,0,0,0,1,0,0,0
37.60438056125941,132.0,8745.0,15.0,22.0,0.15437392795883362,0.22641509433962262,1,300000,0,0,0,0,1,0,0,0
37.65639972621492,57.0,4626.0,10.0,13.0,0.19455252918287938,0.2529182879377432,1,75000,0,0,0,0,1,0,0,0
35.66872005475702,0.0,0.0,0.0,0.0,0.0,0.0,0,50000,0,1,0,0,1,0,0,0
36.17522245037645,27.0,1641.0,1.0,0.0,0.05484460694698355,0.0,1,500000,1,0,0,0,1,0,0,0
39.03353867214237,123.0,10543.0,6.0,8.0,0.05121881817319549,0.06829175756426065,1,100000,1,0,0,0,1,0,0,0
37.30047912388775,77.0,5498.0,5.0,1.0,0.08184794470716623,0.016369588941433248,1,500000,0,0,1,0,0,0,1,0
34.836413415468854,5.0,383.0,0.0,0.0,0.0,0.0,1,300000,1,0,0,0,0,0,1,0
39.49897330595483,44.0,3439.0,1.0,0.0,0.026170398371619656,0.0,1,100000,1,0,0,0,0,0,1,0
33.724845995893226,158.0,13480.0,1.0,3.0,0.0066765578635014835,0.02002967359050445,1,2000000,0,0,1,0,1,0,0,0
36.02737850787132,63.0,3830.0,14.0,4.0,0.3289817232375979,0.09399477806788512,1,250000,0,0,0,0,1,0,0,0
35.80835044490075,17.0,813.0,0.0,1.0,0.0,0.11070110701107011,1,400000,0,0,1,0,1,0,0,0
38.34360027378508,43.0,3680.0,4.0,0.0,0.09782608695652174,0.0,1,250000,1,0,0,0,1,0,0,0
32.14784394250513,54.0,2756.0,5.0,4.0,0.1632801161103048,0.13062409288824384,1,500000,0,0,0,0,1,0,0,0
33.67556468172484,3.0,254.0,0.0,0.0,0.0,0.0,1,250000,0,0,1,0,1,0,0,0
37.190965092402465,58.0,4972.0,0.0,0.0,0.0,0.0,1,250000,0,1,0,0,1,0,0,0
42.32443531827516,247.0,22238.0,0.0,0.0,0.0,0.0,1,100000,0,1,0,0,1,0,0,0
38.072553045859,8.0,456.0,0.0,0.0,0.0,0.0,1,50000,0,0,1,0,1,0,0,0
37.9192334017796,34.0,1144.0,1.0,1.0,0.07867132867132867,0.07867132867132867,1,150000,0,0,0,0,1,0,0,0
35.898699520876114,49.0,4217.0,1.0,1.0,0.021342186388427793,0.021342186388427793,1,250000,1,0,0,0,1,0,0,0
35.507186858316224,19.0,1197.0,0.0,0.0,0.0,0.0,1,250000,1,0,0,0,1,0,0,0
35.68788501026694,23.0,1298.0,2.0,1.0,0.13867488443759632,0.06933744221879816,1,150000,1,0,0,0,1,0,0,0
33.270362765229294,20.0,1601.0,0.0,0.0,0.0,0.0,1,300000,1,0,0,0,1,0,0,0
33.08145106091718,29.0,979.0,4.0,0.0,0.3677221654749745,0.0,1,500000,0,0,1,0,1,0,0,0
36.591375770020534,62.0,4592.0,4.0,2.0,0.078397212543554,0.039198606271777,1,200000,0,0,1,0,1,0,0,0
36.31211498973306,22.0,847.0,2.0,2.0,0.21251475796930341,0.21251475796930341,1,150000,0,0,0,0,0,1,0,0
36.58316221765914,243.0,21672.0,0.0,0.0,0.0,0.0,1,2500000,0,1,0,0,0,1,0,0
35.1895961670089,13.0,860.0,1.0,0.0,0.10465116279069767,0.0,1,300000,1,0,0,0,1,0,0,0
35.2580424366872,64.0,5398.0,2.0,5.0,0.033345683586513526,0.08336420896628381,1,500000,1,0,0,0,0,1,0,0
35.860369609856264,194.0,14189.0,7.0,17.0,0.044400592007893445,0.10783000916202692,1,250000,0,0,1,0,1,0,0,0
36.824093086926766,103.0,8921.0,1.0,4.0,0.010088555094720323,0.04035422037888129,1,250000,0,0,1,0,1,0,0,0
38.02053388090349,37.0,1921.0,6.0,2.0,0.28110359187922956,0.09370119729307652,1,250000,0,0,0,0,1,0,0,0
36.030116358658454,64.0,5714.0,0.0,0.0,0.0,0.0,1,500000,0,1,0,0,1,0,0,0
39.9151266255989,87.0,5637.0,13.0,11.0,0.20755721128259713,0.17562533262373603,1,250000,0,0,0,0,1,0,0,0
37.98494182067078,232.0,19895.0,6.0,7.0,0.0271424981151043,0.03166624780095501,1,500000,1,0,0,0,0,0,1,0
37.82614647501711,10.0,468.0,0.0,0.0,0.0,0.0,1,100000,0,0,1,0,0,0,1,0
33.9958932238193,65.0,4661.0,2.0,4.0,0.03861832224844454,0.07723664449688908,1,300000,1,0,0,0,0,0,1,0
36.16153319644079,28.0,2133.0,9.0,3.0,0.37974683544303794,0.12658227848101267,1,100000,0,0,0,0,0,0,0,0
36.95824777549623,8.0,218.0,0.0,0.0,0.0,0.0,1,200000,0,0,1,0,0,0,1,0
38.548939082819984,123.0,10306.0,16.0,24.0,0.1397244323694935,0.20958664855424025,1,1000000,0,0,1,0,0,0,1,0
36.610540725530456,41.0,2826.0,1.0,2.0,0.03184713375796178,0.06369426751592357,1,500000,0,0,1,0,0,0,1,0
35.969883641341546,132.0,8570.0,43.0,10.0,0.4515752625437573,0.10501750291715285,1,400000,0,0,0,0,0,0,1,0
31.600273785078713,0.0,0.0,0.0,0.0,0.0,0.0,0,250000,0,1,0,0,0,0,1,0
38.02874743326489,112.0,8726.0,0.0,2.0,0.0,0.0206280082512033,1,200000,1,0,0,0,0,0,0,0
36.50924024640657,158.0,13171.0,2.0,4.0,0.013666388277275832,0.027332776554551665,1,200000,1,0,0,0,0,0,1,0
38.30527036276523,108.0,6315.0,5.0,1.0,0.07125890736342043,0.014251781472684086,1,200000,0,0,1,0,0,0,1,0
37.908281998631075,67.0,5514.0,2.0,5.0,0.03264417845484222,0.08161044613710554,1,25000,0,0,1,0,0,0,1,0
35.95345653661875,142.0,10323.0,45.0,10.0,0.39232781168265035,0.08718395815170009,1,200000,0,0,0,0,0,0,1,0
37.229295003422315,37.0,2857.0,11.0,0.0,0.3465173258662933,0.0,1,100000,0,0,0,0,1,0,0,0
40.18343600273785,125.0,11184.0,0.0,1.0,0.0,0.008047210300429184,1,250000,0,1,0,0,1,0,0,0
36.04654346338125,49.0,4210.0,0.0,1.0,0.0,0.021377672209026127,1,50000,1,0,0,0,0,0,1,0
34.639288158795345,46.0,3115.0,5.0,0.0,0.14446227929373998,0.0,1,100000,0,0,1,0,0,0,1,0
37.84804928131417,94.0,6322.0,5.0,5.0,0.07118000632711168,0.07118000632711168,1,100000,0,0,1,0,0,0,1,0
38.72689938398357,110.0,8319.0,4.0,11.0,0.0432744320230797,0.11900468806346917,1,300000,0,0,1,0,0,0,1,0
33.57700205338809,0.0,0.0,0.0,0.0,0.0,0.0,0,200000,0,0,0,0,0,0,1,0
36.54757015742642,1.0,18.0,0.0,0.0,0.0,0.0,1,100000,0,1,0,0,0,0,1,0
34.04517453798768,4.0,256.0,0.0,0.0,0.0,0.0,1,50000,1,0,0,0,1,0,0,0
35.75359342915811,17.0,588.0,2.0,1.0,0.30612244897959184,0.15306122448979592,1,300000,0,0,1,0,0,0,1,0
37.215605749486656,43.0,3618.0,3.0,1.0,0.0746268656716418,0.02487562189054726,1,300000,1,0,0,0,0,0,1,0
40.15058179329227,166.0,7802.0,35.0,5.0,0.4037426300948475,0.05767751858497821,1,200000,0,0,0,0,0,0,1,0
36.65434633812457,14.0,1200.0,0.0,0.0,0.0,0.0,1,25000,0,1,0,0,0,0,1,0
37.738535249828885,37.0,3029.0,3.0,0.0,0.08913832948167713,0.0,1,400000,1,0,0,0,0,0,1,0
36.33949349760438,37.0,3073.0,0.0,0.0,0.0,0.0,1,250000,1,0,0,0,1,0,0,0
36.388774811772755,94.0,7813.0,2.0,3.0,0.023038525534365802,0.0345577883015487,1,100000,1,0,0,0,0,0,1,0
36.3668720054757,225.0,17664.0,16.0,19.0,0.08152173913043478,0.09680706521739131,1,1000000,0,0,1,0,0,0,1,0
30.65571526351814,4.0,128.0,0.0,0.0,0.0,0.0,1,200000,1,0,0,0,0,0,1,0
33.894592744695416,183.0,11860.0,21.0,12.0,0.15935919055649242,0.09106239460370993,1,700000,0,0,1,0,0,0,0,0
40.695414099931554,145.0,8620.0,38.0,43.0,0.3967517401392111,0.44895591647331784,1,1000000,0,0,0,0,0,0,1,0
34.47775496235455,120.0,8458.0,29.0,30.0,0.30858358950106407,0.3192244029321353,1,300000,0,0,0,0,0,0,1,0
36.93908281998631,34.0,2809.0,0.0,3.0,0.0,0.09611961552153792,1,25000,1,0,0,0,0,0,0,1
39.98904859685147,162.0,13218.0,3.0,1.0,0.020426690876078075,0.006808896958692692,1,150000,1,0,0,0,0,0,1,0
38.04791238877481,43.0,3098.0,1.0,6.0,0.02905100064557779,0.17430600387346676,1,25000,0,0,1,0,0,0,1,0
33.440109514031484,32.0,2338.0,0.0,2.0,0.0,0.07698887938408897,1,300000,0,0,1,0,0,0,1,0
38.60917180013689,114.0,8670.0,56.0,18.0,0.5813148788927336,0.18685121107266436,1,1000000,0,0,0,0,0,0,1,0
39.9917864476386,3.0,270.0,0.0,0.0,0.0,0.0,1,50000,0,1,0,0,0,0,1,0
35.90143737166324,62.0,4944.0,3.0,2.0,0.05461165048543689,0.03640776699029127,1,150000,1,0,0,0,0,0,1,0
35.611225188227245,20.0,1165.0,2.0,0.0,0.15450643776824033,0.0,1,200000,0,0,1,0,0,0,1,0
36.714579055441476,74.0,5617.0,2.0,2.0,0.03204557593021186,0.03204557593021186,1,75000,1,0,0,0,0,0,1,0
42.313483915126625,28.0,1538.0,4.0,2.0,0.2340702210663199,0.11703511053315994,1,25000,0,0,0,0,0,0,1,0
37.374401095140314,18.0,1032.0,3.0,1.0,0.2616279069767442,0.0872093023255814,1,50000,0,0,0,0,0,0,1,0
38.2258726899384,131.0,9660.0,67.0,18.0,0.6242236024844721,0.16770186335403725,1,1000000,0,0,0,0,0,0,1,0
39.26078028747433,115.0,9238.0,16.0,14.0,0.15587789564840873,0.13639315869235766,1,25000,0,0,1,0,0,0,1,0
37.41820670773443,98.0,5898.0,18.0,12.0,0.2746693794506612,0.18311291963377416,1,50000,0,0,1,0,0,0,1,0
33.776865160848736,20.0,1362.0,1.0,2.0,0.06607929515418502,0.13215859030837004,1,100000,0,0,0,0,0,0,1,0
40.46269678302532,6.0,426.0,0.0,0.0,0.0,0.0,1,100000,0,1,0,0,0,0,1,0
36.18069815195072,20.0,649.0,2.0,0.0,0.27734976887519264,0.0,1,200000,0,0,0,0,0,0,1,0
39.46611909650924,13.0,692.0,2.0,1.0,0.26011560693641617,0.13005780346820808,1,25000,0,0,0,0,0,0,1,0
36.24640657084189,12.0,823.0,0.0,0.0,0.0,0.0,1,75000,0,0,1,0,0,0,1,0
35.99452429842574,30.0,1982.0,10.0,9.0,0.4540867810292634,0.40867810292633705,1,75000,0,0,0,0,0,0,1,0
36.86242299794661,40.0,2467.0,2.0,1.0,0.0729631130928253,0.03648155654641265,1,1000000,0,0,1,0,0,1,0,0
35.885010266940455,4.0,360.0,0.0,0.0,0.0,0.0,1,250000,1,0,0,0,0,1,0,0
34.42573579739904,42.0,1872.0,0.0,0.0,0.0,0.0,1,300000,0,0,1,0,0,0,0,0
34.76522929500342,0.0,0.0,0.0,0.0,0.0,0.0,0,100000,0,0,1,0,0,0,0,1
39.742642026009584,115.0,9981.0,2.0,1.0,0.018034265103697024,0.009017132551848512,1,75000,1,0,0,0,0,1,0,0
34.039698836413415,18.0,1247.0,4.0,2.0,0.28869286287089013,0.14434643143544507,1,75000,0,0,1,0,0,0,1,0
36.766598220396986,119.0,7078.0,35.0,11.0,0.4450409720259961,0.13987001977959876,1,300000,0,0,0,0,0,0,1,0
37.544147843942504,24.0,1112.0,1.0,4.0,0.08093525179856116,0.32374100719424465,1,200000,0,0,1,0,0,0,1,0
36.92813141683778,98.0,5711.0,23.0,6.0,0.362458413587813,0.09455436876203818,1,100000,0,0,0,0,0,0,1,0
33.92470910335387,204.0,14536.0,77.0,34.0,0.4767473858007705,0.2105118326912493,1,1000000,0,0,0,0,0,0,0,1
33.70294318959617,6.0,65.0,0.0,0.0,0.0,0.0,1,200000,0,0,0,0,1,0,0,0
38.58179329226557,90.0,7758.0,0.0,0.0,0.0,0.0,1,250000,0,1,0,0,1,0,0,0
32.016427104722794,4.0,182.0,0.0,0.0,0.0,0.0,1,500000,1,0,0,0,1,0,0,0
36.91170431211499,36.0,3231.0,0.0,0.0,0.0,0.0,1,400000,1,0,0,0,1,0,0,0
35.663244353182755,39.0,2328.0,2.0,2.0,0.07731958762886598,0.07731958762886598,1,250000,1,0,0,0,0,0,0,1
34.7460643394935,183.0,12965.0,84.0,20.0,0.5831083686849209,0.13883532587736214,1,800000,0,0,0,0,0,0,0,1
35.030800821355236,37.0,2037.0,1.0,1.0,0.04418262150220913,0.04418262150220913,1,200000,0,0,1,0,0,0,1,0
38.94866529774127,19.0,1740.0,0.0,0.0,0.0,0.0,1,100000,0,1,0,0,0,0,1,0
32.12320328542094,61.0,3529.0,16.0,10.0,0.40804760555398134,0.2550297534712383,1,5000000,0,0,0,0,0,0,1,0
35.09103353867214,33.0,2374.0,3.0,3.0,0.11373209772535804,0.11373209772535804,1,100000,0,0,1,0,0,0,0,1
39.619438740588635,50.0,3877.0,24.0,10.0,0.5571318029404179,0.2321382512251741,1,25000,0,0,0,0,0,0,0,0
36.5886379192334,231.0,17410.0,6.0,27.0,0.03101665709362435,0.1395749569213096,1,400000,1,0,0,0,0,1,0,0
34.03422313483915,91.0,4472.0,4.0,15.0,0.08050089445438283,0.3018783542039356,1,400000,0,0,1,0,0,0,0,1
33.659137577002056,189.0,16455.0,10.0,4.0,0.05469462169553327,0.021877848678213307,1,1000000,1,0,0,0,0,1,0,0
32.86242299794661,12.0,870.0,0.0,2.0,0.0,0.20689655172413793,1,150000,0,0,1,0,0,0,1,0
39.058179329226554,38.0,2352.0,4.0,3.0,0.15306122448979592,0.11479591836734693,1,25000,0,0,0,0,0,0,1,0
36.65434633812457,3.0,86.0,0.0,0.0,0.0,0.0,1,100000,0,0,1,0,0,0,1,0
38.93497604380561,89.0,7189.0,2.0,7.0,0.02503825288635415,0.08763388510223953,1,200000,1,0,0,0,0,0,1,0
31.63586584531143,27.0,1222.0,5.0,5.0,0.36824877250409166,0.36824877250409166,1,400000,0,0,0,0,0,0,0,1
33.8590006844627,43.0,3252.0,3.0,1.0,0.08302583025830258,0.027675276752767528,1,150000,1,0,0,0,0,0,1,0
35.7015742642026,98.0,7884.0,2.0,6.0,0.0228310502283105,0.0684931506849315,1,200000,0,0,1,0,0,0,1,0
33.998631074606436,152.0,12041.0,1.0,16.0,0.007474462253965617,0.11959139606344987,1,400000,1,0,0,0,1,0,0,0
38.286105407255306,2.0,189.0,0.0,0.0,0.0,0.0,1,50000,0,1,0,0,0,0,1,0
36.02464065708419,8.0,602.0,0.0,0.0,0.0,0.0,1,100000,1,0,0,0,0,0,1,0
37.23477070499658,8.0,594.0,6.0,1.0,0.9090909090909092,0.15151515151515152,1,200000,0,0,0,0,0,0,0,0
34.75975359342916,2.0,149.0,0.0,0.0,0.0,0.0,1,50000,1,0,0,0,0,0,0,0
33.267624914442166,77.0,4890.0,25.0,22.0,0.4601226993865031,0.40490797546012275,1,100000,0,0,0,0,0,1,0,0
39.619438740588635,13.0,803.0,0.0,0.0,0.0,0.0,1,100000,1,0,0,0,0,1,0,0
34.34907597535934,10.0,357.0,0.0,0.0,0.0,0.0,1,250000,0,0,1,0,1,0,0,0
37.02669404517454,110.0,6449.0,10.0,10.0,0.13955652039075825,0.13955652039075825,1,250000,0,0,1,0,1,0,0,0
37.56605065023956,225.0,16957.0,4.0,4.0,0.021230170431090406,0.021230170431090406,1,400000,0,0,1,0,0,0,1,0
36.46543463381246,140.0,11614.0,6.0,5.0,0.04649560874806268,0.03874634062338557,1,300000,1,0,0,0,0,0,1,0
38.27241615331965,37.0,2896.0,5.0,2.0,0.15538674033149172,0.06215469613259668,1,75000,0,0,1,0,0,0,1,0
38.96235455167693,0.0,0.0,0.0,0.0,0.0,0.0,0,50000,0,1,0,0,0,0,1,0
31.515400410677618,0.0,0.0,0.0,0.0,0.0,0.0,0,50000,0,0,0,0,0,0,1,0
38.078028747433265,227.0,17271.0,1.0,3.0,0.005211047420531526,0.015633142261594582,1,1000000,1,0,0,0,0,0,1,0
33.86721423682409,374.0,22148.0,70.0,83.0,0.28445006321112515,0.3372765035217627,1,1500000,0,0,1,0,0,0,0,1
33.927446954141,28.0,2216.0,0.0,1.0,0.0,0.04061371841155235,1,500000,1,0,0,0,0,1,0,0
32.82683093771389,11.0,628.0,0.0,0.0,0.0,0.0,1,500000,1,0,0,0,0,1,0,0
40.328542094455855,23.0,946.0,0.0,2.0,0.0,0.19027484143763215,1,50000,1,0,0,0,0,0,0,0
39.66872005475702,50.0,4334.0,0.0,2.0,0.0,0.04153207198892478,1,125000,1,0,0,0,0,0,0,1
33.79329226557152,44.0,3538.0,2.0,3.0,0.05087620124364047,0.07631430186546072,1,300000,0,0,1,0,0,0,1,0
37.78507871321013,120.0,8482.0,36.0,16.0,0.38198538080641353,0.16977128035840605,1,300000,0,0,0,0,0,0,0,1
33.87542778918549,109.0,8203.0,10.0,7.0,0.10971595757649641,0.07680117030354748,1,2000000,0,0,1,0,0,1,0,0
35.29363449691992,39.0,2772.0,6.0,7.0,0.19480519480519481,0.2272727272727273,1,300000,0,0,1,0,0,0,0,0
35.20328542094456,192.0,15146.0,9.0,19.0,0.053479466525815395,0.11290109599894362,1,3500000,0,0,1,0,0,0,0,1
33.555099247091036,27.0,1108.0,3.0,0.0,0.24368231046931407,0.0,1,800000,0,0,0,0,0,0,0,0
40.0766598220397,35.0,2974.0,1.0,2.0,0.03026227303295225,0.0605245460659045,1,100000,1,0,0,0,0,0,0,0
36.64613278576318,20.0,1380.0,0.0,2.0,0.0,0.13043478260869565,1,100000,1,0,0,0,0,0,1,0
40.68446269678302,48.0,2989.0,1.0,11.0,0.03011040481766477,0.3312144529943125,1,100000,0,0,1,0,0,0,0,0
38.403832991101986,85.0,5530.0,2.0,3.0,0.0325497287522604,0.048824593128390596,1,100000,0,0,1,0,0,0,0,0
35.41683778234086,20.0,1664.0,1.0,0.0,0.054086538461538464,0.0,1,100000,1,0,0,0,0,0,0,0
38.209445585215605,27.0,2430.0,0.0,0.0,0.0,0.0,1,300000,0,1,0,0,0,0,0,0
39.605749486652975,108.0,9192.0,2.0,5.0,0.0195822454308094,0.048955613577023493,1,100000,1,0,0,0,0,0,0,0
39.63860369609856,19.0,1676.0,0.0,0.0,0.0,0.0,1,100000,0,1,0,0,0,0,0,1
37.09514031485284,115.0,9986.0,2.0,2.0,0.018025235329461247,0.018025235329461247,1,100000,1,0,0,0,0,0,0,0
34.521560574948666,23.0,1872.0,2.0,0.0,0.09615384615384616,0.0,1,300000,1,0,0,0,0,0,0,0
35.7782340862423,27.0,1694.0,0.0,0.0,0.0,0.0,1,500000,0,0,1,0,0,0,0,0
35.45242984257358,113.0,10029.0,0.0,0.0,0.0,0.0,1,2000000,0,1,0,0,0,1,0,0
35.92881587953457,190.0,15570.0,0.0,6.0,0.0,0.034682080924855495,1,100000,1,0,0,0,0,0,0,0
35.780971937029435,31.0,2381.0,2.0,0.0,0.0755984880302394,0.0,1,1000000,1,0,0,0,0,0,0,0
39.419575633128,267.0,18826.0,16.0,55.0,0.07648996069265909,0.2629342398810156,1,800000,0,0,1,0,0,0,0,0
35.76728268309377,191.0,14475.0,8.0,14.0,0.04974093264248705,0.08704663212435233,1,1000000,0,0,1,0,1,0,0,0
39.26899383983573,139.0,9450.0,13.0,28.0,0.12380952380952381,0.26666666666666666,1,2000000,0,0,1,0,0,0,0,0
33.58795345653662,87.0,4648.0,25.0,10.0,0.48407917383821,0.19363166953528396,1,500000,0,0,0,0,0,0,1,0
34.34907597535934,38.0,3354.0,0.0,0.0,0.0,0.0,1,1000000,0,1,0,0,0,0,0,0
35.50992470910335,122.0,9215.0,5.0,0.0,0.048833423765599564,0.0,1,500000,1,0,0,0,0,0,0,0
37.4072553045859,6.0,416.0,0.0,0.0,0.0,0.0,1,50000,0,1,0,0,0,0,1,0
41.894592744695416,354.0,20149.0,43.0,52.0,0.19206908531440767,0.2322695915430046,1,1500000,0,0,0,0,0,0,0,0
41.152635181382614,0.0,0.0,0.0,0.0,0.0,0.0,0,100000,0,1,0,0,0,0,0,0
38.75975359342916,10.0,887.0,0.0,0.0,0.0,0.0,1,100000,0,1,0,0,0,0,0,0
35.46885694729637,160.0,8988.0,19.0,33.0,0.19025367156208278,0.3304405874499332,1,300000,0,0,0,0,0,0,0,0
32.39972621492129,8.0,662.0,0.0,0.0,0.0,0.0,1,200000,1,0,0,0,0,0,0,0
38.38466803559206,44.0,2697.0,2.0,2.0,0.06674082313681869,0.06674082313681869,1,100000,0,0,1,0,0,0,0,0
38.99520876112252,38.0,2722.0,0.0,4.0,0.0,0.13225569434239529,1,100000,0,0,1,0,0,0,0,0
35.26899383983573,270.0,14861.0,69.0,30.0,0.4178722831572573,0.18168360137272052,1,2500000,0,0,0,0,0,0,0,0
34.677618069815196,177.0,14689.0,9.0,3.0,0.0551433045135816,0.018381101504527198,1,475000,1,0,0,0,0,0,0,0
36.93908281998631,128.0,5452.0,8.0,12.0,0.13206162876008803,0.19809244314013205,1,100000,0,0,1,0,0,0,0,0
41.568788501026695,138.0,12407.0,0.0,0.0,0.0,0.0,1,200000,0,1,0,0,0,0,1,0
38.39835728952772,22.0,1747.0,1.0,0.0,0.05151688609044075,0.0,1,300000,1,0,0,0,0,0,0,0
33.27857631759069,58.0,4606.0,13.0,11.0,0.25401650021710814,0.21493703864524533,1,800000,0,0,1,0,0,0,0,0
41.76865160848734,342.0,30675.0,0.0,2.0,0.0,0.005867970660146699,1,600000,0,1,0,0,0,0,1,0
37.776865160848736,38.0,3285.0,0.0,0.0,0.0,0.0,1,100000,1,0,0,0,0,0,0,0
34.450376454483234,34.0,1641.0,3.0,1.0,0.16453382084095064,0.05484460694698355,1,200000,0,0,0,0,0,0,0,0
38.510609171800134,19.0,686.0,0.0,2.0,0.0,0.26239067055393583,1,250000,0,0,0,0,0,1,0,0
35.63860369609856,8.0,186.0,1.0,0.0,0.0,0.0,1,100000,0,0,0,0,0,0,0,0
38.26420260095825,202.0,17831.0,0.0,0.0,0.0,0.0,1,200000,0,1,0,0,0,0,0,0
36.27926078028747,71.0,5851.0,4.0,1.0,0.06152794394120663,0.015381985985301657,1,100000,1,0,0,0,0,0,0,0
37.22108145106092,4.0,57.0,1.0,0.0,0.0,0.0,1,100000,0,0,0,0,0,0,0,0
36.10951403148528,22.0,1614.0,0.0,1.0,0.0,0.055762081784386616,1,50000,1,0,0,0,0,0,0,0
36.00547570157426,179.0,12972.0,40.0,35.0,0.27752081406105455,0.24283071230342274,1,1000000,0,0,0,0,0,0,0,0
36.84052019164955,147.0,12325.0,5.0,26.0,0.036511156186612576,0.18985801217038542,1,200000,0,0,1,0,0,0,0,0
36.375085557837096,59.0,3526.0,2.0,2.0,0.05104934770277936,0.05104934770277936,1,200000,0,0,1,0,0,0,0,0
37.67008898015058,248.0,18857.0,84.0,27.0,0.40091212812218274,0.1288646126107016,1,150000,0,0,0,0,0,0,0,1
38.06707734428473,90.0,5341.0,31.0,14.0,0.5223740872495788,0.23591087811271297,1,1000000,0,0,0,0,0,0,0,0
35.90417522245038,46.0,2967.0,3.0,6.0,0.0910010111223458,0.1820020222446916,1,300000,0,0,1,0,0,0,0,0
32.8870636550308,2.0,139.0,0.0,0.0,0.0,0.0,1,300000,0,0,1,0,0,0,0,0
36.41341546885695,65.0,3419.0,8.0,6.0,0.2105878911962562,0.15794091839719218,1,200000,0,0,1,0,0,0,0,0
34.23134839151266,46.0,2809.0,5.0,5.0,0.1601993592025632,0.1601993592025632,1,1500000,0,0,0,0,0,0,0,0
35.76454483230664,53.0,2929.0,1.0,0.0,0.030727210652099695,0.0,1,50000,0,0,1,0,0,0,0,0
32.799452429842574,5.0,301.0,0.0,0.0,0.0,0.0,1,250000,1,0,0,0,0,0,0,0
33.70841889117043,76.0,6683.0,0.0,0.0,0.0,0.0,1,200000,0,1,0,0,0,0,0,0
37.555099247091036,165.0,14456.0,0.0,0.0,0.0,0.0,1,200000,0,1,0,0,0,0,0,0
39.690622861054074,7.0,451.0,3.0,1.0,0.5986696230598669,0.19955654101995565,1,125000,0,0,0,0,0,1,0,0
35.75906913073238,62.0,4640.0,4.0,1.0,0.07758620689655173,0.01939655172413793,1,100000,0,0,1,0,0,0,1,0
36.284736481861735,2.0,146.0,0.0,0.0,0.0,0.0,1,100000,1,0,0,0,0,0,1,0
39.07734428473648,12.0,1110.0,0.0,0.0,0.0,0.0,1,300000,0,1,0,0,0,0,0,1
33.45379876796714,117.0,5764.0,3.0,11.0,0.04684247050659264,0.17175572519083968,1,500000,1,0,0,0,0,0,0,1
37.327857631759066,67.0,5294.0,0.0,2.0,0.0,0.03400075557234605,1,100000,0,0,1,0,0,0,0,0
31.874058863791923,14.0,1138.0,0.0,0.0,0.0,0.0,1,500000,0,1,0,0,1,0,0,0
36.09308692676249,97.0,6566.0,6.0,5.0,0.08224185196466646,0.06853487663722205,1,1000000,0,0,1,0,0,0,0,0
32.97741273100616,0.0,0.0,0.0,0.0,0.0,0.0,0,150000,0,1,0,0,1,0,0,0
35.266255989048595,31.0,2510.0,1.0,5.0,0.035856573705179286,0.17928286852589642,1,25000,0,0,1,0,0,0,0,1
36.42436687200548,59.0,4766.0,1.0,5.0,0.01888375996642887,0.09441879983214435,1,175000,1,0,0,0,0,0,0,0
36.106776180698155,345.0,23223.0,49.0,88.0,0.18989794600180854,0.34104120914610514,1,1000000,0,0,1,0,1,0,0,0
37.4072553045859,234.0,16683.0,7.0,18.0,0.037762992267577775,0.09710483725948571,1,500000,0,0,1,0,1,0,0,0
37.04312114989733,31.0,2790.0,0.0,1.0,0.0,0.03225806451612903,1,100000,0,1,0,0,0,0,1,0
34.87200547570158,50.0,2886.0,1.0,5.0,0.031185031185031187,0.15592515592515593,1,250000,0,0,1,0,0,1,0,0
29.557837097878167,6.0,302.0,1.0,1.0,0.2980132450331126,0.2980132450331126,1,150000,0,0,0,0,1,0,0,0
36.72553045859001,74.0,4135.0,21.0,11.0,0.45707376058041116,0.23941958887545345,1,50000,0,0,1,0,0,0,0,1
34.42573579739904,50.0,3547.0,8.0,13.0,0.20298844093600227,0.32985621652100366,1,1000000,0,0,1,0,0,1,0,0
36.04106776180698,12.0,666.0,1.0,1.0,0.13513513513513514,0.13513513513513514,1,500000,0,0,0,0,0,0,0,1
34.573579739904176,79.0,6591.0,1.0,2.0,0.013654984069185251,0.027309968138370503,1,1000000,1,0,0,0,0,1,0,0
35.3264887063655,68.0,5678.0,3.0,1.0,0.047551954913702,0.01585065163790067,1,250000,1,0,0,0,0,0,0,1
33.93839835728953,2.0,130.0,0.0,0.0,0.0,0.0,1,300000,1,0,0,0,0,0,0,1
29.61259411362081,14.0,734.0,2.0,1.0,0.24523160762942778,0.12261580381471389,1,1000000,0,0,0,0,0,0,0,0
39.540041067761805,125.0,10909.0,2.0,4.0,0.01650013750114584,0.03300027500229168,1,100000,1,0,0,0,1,0,0,0
34.02874743326489,3.0,39.0,0.0,0.0,0.0,0.0,1,750000,1,0,0,0,0,1,0,0
37.28678986995209,0.0,0.0,0.0,0.0,0.0,0.0,0,250000,0,0,1,0,0,1,0,0
32.68446269678302,37.0,2245.0,2.0,0.0,0.0801781737193764,0.0,1,750000,0,0,1,0,0,1,0,0
37.152635181382614,204.0,13470.0,31.0,15.0,0.2071269487750557,0.10022271714922049,1,100000,0,0,1,0,0,0,1,0
33.43463381245722,3.0,52.0,0.0,0.0,0.0,0.0,1,125000,0,0,1,0,0,1,0,0
33.686516084873375,4.0,268.0,1.0,0.0,0.0,0.0,1,250000,0,0,0,0,0,1,0,0
37.61533196440794,123.0,10112.0,6.0,1.0,0.053401898734177215,0.008900316455696203,1,200000,1,0,0,0,0,1,0,0
37.379876796714576,196.0,16261.0,10.0,3.0,0.05534714962179448,0.016604144886538344,1,400000,1,0,0,0,0,1,0,0
37.503080082135526,1.0,90.0,0.0,0.0,0.0,0.0,1,200000,0,1,0,0,0,0,0,1
38.10266940451746,56.0,2741.0,5.0,5.0,0.16417365924844948,0.16417365924844948,1,100000,0,0,1,0,0,0,1,0
32.139630390143736,33.0,1364.0,6.0,3.0,0.3958944281524927,0.19794721407624635,1,700000,0,0,0,0,0,0,0,0
36.17796030116359,1.0,17.0,0.0,0.0,0.0,0.0,1,100000,0,1,0,0,0,0,0,1
34.90759753593429,6.0,272.0,0.0,0.0,0.0,0.0,1,75000,0,0,1,0,0,1,0,0
36.80766598220397,6.0,522.0,5.0,1.0,0.8620689655172413,0.17241379310344826,1,250000,0,0,1,0,0,1,0,0
37.464750171115675,54.0,4553.0,4.0,3.0,0.07906874588183616,0.05930155941137712,1,200000,1,0,0,0,0,0,0,1
33.960301163586585,92.0,7800.0,1.0,1.0,0.011538461538461539,0.011538461538461539,1,250000,1,0,0,0,0,1,0,0
34.42573579739904,77.0,3937.0,5.0,7.0,0.1143002286004572,0.1600203200406401,1,150000,0,0,0,0,0,0,0,1
34.6611909650924,0.0,0.0,0.0,0.0,0.0,0.0,0,250000,0,1,0,0,0,0,0,1
39.54551676933607,64.0,4009.0,6.0,6.0,0.13469693190321774,0.13469693190321774,1,100000,0,0,1,0,0,0,0,1
38.91854893908282,54.0,4686.0,0.0,0.0,0.0,0.0,1,250000,0,1,0,0,0,1,0,0
34.31074606433949,65.0,5791.0,10.0,2.0,0.15541357278535659,0.03108271455707132,1,125000,1,0,0,0,0,0,0,1
38.03148528405202,96.0,8336.0,0.0,0.0,0.0,0.0,1,250000,0,1,0,0,1,0,0,0
42.168377823408626,151.0,13533.0,0.0,1.0,0.0,0.006650410108623365,1,100000,0,1,0,0,1,0,0,0
34.56536618754278,2.0,135.0,0.0,0.0,0.0,0.0,1,200000,0,1,0,0,1,0,0,0
35.318275154004105,47.0,3667.0,1.0,0.0,0.024543223343332424,0.0,1,250000,1,0,0,0,1,0,0,0
34.026009582477755,112.0,9319.0,1.0,6.0,0.009657688593196696,0.05794613155918017,1,500000,1,0,0,0,1,0,0,0
35.69883641341547,119.0,10230.0,1.0,8.0,0.00879765395894428,0.07038123167155425,1,250000,1,0,0,0,1,0,0,0
33.478439425051334,20.0,1710.0,0.0,0.0,0.0,0.0,1,350000,1,0,0,0,0,1,0,0
33.95756331279945,49.0,4258.0,3.0,0.0,0.06341005166744951,0.0,1,350000,1,0,0,0,0,1,0,0
35.07734428473648,96.0,8510.0,3.0,7.0,0.03172737955346651,0.07403055229142186,1,300000,1,0,0,0,1,0,0,0
35.912388774811774,46.0,2620.0,11.0,3.0,0.37786259541984735,0.10305343511450382,1,500000,0,0,1,0,0,0,1,0
32.9637234770705,111.0,8317.0,2.0,2.0,0.021642419141517374,0.021642419141517374,1,1000000,0,0,1,0,1,0,0,0
34.93771389459275,10.0,627.0,0.0,0.0,0.0,0.0,1,250000,1,0,0,0,1,0,0,0
36.24093086926762,529.0,44422.0,23.0,29.0,0.04659853225879069,0.05875467110891,1,1200000,1,0,0,0,0,0,0,0
33.24845995893224,62.0,4760.0,1.0,1.0,0.018907563025210086,0.018907563025210086,1,500000,1,0,0,0,1,0,0,0
34.93223819301848,103.0,7844.0,4.0,3.0,0.04589495155532892,0.03442121366649668,1,500000,0,0,1,0,0,1,0,0
34.98699520876112,89.0,6462.0,5.0,4.0,0.06963788300835655,0.055710306406685235,1,400000,1,0,0,0,1,0,0,0
31.27173169062286,0.0,0.0,0.0,0.0,0.0,0.0,0,150000,1,0,0,0,1,0,0,0
34.75975359342916,1.0,11.0,0.0,0.0,0.0,0.0,1,250000,0,0,0,0,0,1,0,0
34.34633812457221,54.0,3537.0,2.0,8.0,0.05089058524173028,0.2035623409669211,1,200000,0,0,1,0,1,0,0,0
36.44900752908966,49.0,3882.0,3.0,0.0,0.0695517774343122,0.0,1,250000,1,0,0,0,1,0,0,0
33.86447638603696,132.0,9277.0,16.0,22.0,0.15522259351083323,0.21343106607739573,1,1000000,0,0,1,0,1,0,0,0
32.219028062970565,55.0,4577.0,3.0,1.0,0.05899060519991261,0.019663535066637535,1,250000,0,0,1,0,1,0,0,0
35.87679671457906,70.0,3822.0,12.0,6.0,0.282574568288854,0.141287284144427,1,500000,0,0,0,0,0,1,0,0
35.564681724846,9.0,646.0,2.0,0.0,0.2786377708978328,0.0,1,200000,1,0,0,0,0,0,0,0
37.60438056125941,199.0,17889.0,0.0,1.0,0.0,0.005031024652020795,1,100000,0,1,0,0,0,0,1,0
38.861054072553046,254.0,13068.0,47.0,29.0,0.3236914600550964,0.1997245179063361,1,400000,0,0,0,0,0,0,1,0
34.82819986310746,27.0,1224.0,5.0,2.0,0.36764705882352944,0.14705882352941177,1,150000,0,0,0,0,0,1,0,0
36.62696783025325,144.0,11149.0,7.0,3.0,0.05650731007265226,0.024217418602565252,1,600000,1,0,0,0,0,1,0,0
38.49418206707735,2.0,156.0,0.0,0.0,0.0,0.0,1,200000,0,0,0,0,0,1,0,0
35.5482546201232,24.0,2064.0,1.0,0.0,0.0436046511627907,0.0,1,250000,1,0,0,0,0,1,0,0
39.58932238193019,91.0,8155.0,0.0,0.0,0.0,0.0,1,250000,0,1,0,0,0,1,0,0
41.686516084873375,54.0,4685.0,0.0,1.0,0.0,0.0192102454642476,1,50000,0,1,0,0,0,0,0,1
34.691307323750856,106.0,8166.0,5.0,1.0,0.055106539309331376,0.011021307861866276,1,400000,1,0,0,0,1,0,0,0
29.93839835728953,181.0,16308.0,0.0,0.0,0.0,0.0,1,1500000,0,1,0,0,0,0,1,0
38.93223819301848,0.0,0.0,0.0,0.0,0.0,0.0,0,50000,0,1,0,0,1,0,0,0
38.14647501711157,45.0,3942.0,0.0,0.0,0.0,0.0,1,250000,0,1,0,0,1,0,0,0
33.719370294318956,109.0,8276.0,4.0,4.0,0.04349927501208313,0.04349927501208313,1,500000,1,0,0,0,0,0,0,0
34.05886379192334,54.0,2689.0,12.0,3.0,0.40163629602082557,0.10040907400520639,1,1000000,0,0,0,0,0,1,0,0
38.217659137577,0.0,0.0,0.0,0.0,0.0,0.0,0,250000,0,1,0,0,0,1,0,0
36.24093086926762,0.0,0.0,0.0,0.0,0.0,0.0,0,250000,0,1,0,0,0,1,0,0
35.59753593429158,50.0,3248.0,9.0,5.0,0.24938423645320199,0.13854679802955666,1,350000,0,0,0,0,0,1,0,0
35.27446954140999,19.0,1624.0,0.0,4.0,0.0,0.22167487684729065,1,250000,1,0,0,0,0,1,0,0
35.45242984257358,87.0,6258.0,12.0,4.0,0.1725790987535954,0.05752636625119847,1,1000000,0,0,1,0,0,1,0,0
36.54757015742642,5.0,404.0,0.0,0.0,0.0,0.0,1,150000,0,1,0,0,0,1,0,0
39.38124572210815,33.0,2970.0,0.0,0.0,0.0,0.0,1,250000,0,1,0,0,0,1,0,0
35.37303216974675,134.0,10053.0,4.0,16.0,0.03581020590868397,0.1432408236347359,1,250000,0,0,1,0,0,1,0,0
35.32375085557837,208.0,18115.0,23.0,36.0,0.11426994203698591,0.17885730057963012,1,1600000,1,0,0,0,0,1,0,0
40.78850102669404,223.0,18526.0,13.0,5.0,0.06315448558782252,0.024290186764547125,1,200000,1,0,0,0,0,1,0,0
39.200547570157426,284.0,25482.0,0.0,1.0,0.0,0.0035319048740287263,1,300000,0,1,0,0,0,1,0,0
35.14031485284052,140.0,11434.0,0.0,9.0,0.0,0.07084135035857968,1,800000,1,0,0,0,0,1,0,0
35.25530458590007,34.0,2565.0,0.0,0.0,0.0,0.0,1,500000,0,0,1,0,0,1,0,0
30.518822724161534,31.0,2114.0,0.0,0.0,0.0,0.0,1,1000000,1,0,0,0,0,1,0,0
39.36208076659822,23.0,2011.0,0.0,0.0,0.0,0.0,1,250000,0,1,0,0,0,1,0,0
36.37234770704997,34.0,1693.0,1.0,0.0,0.05316007088009451,0.0,1,250000,0,0,1,0,0,1,0,0
34.390143737166326,4.0,80.0,0.0,0.0,0.0,0.0,1,125000,0,0,0,0,0,0,0,1
35.21697467488022,26.0,1421.0,0.0,1.0,0.0,0.0633356790992259,1,50000,0,0,1,0,0,0,1,0
34.25051334702259,17.0,1043.0,3.0,1.0,0.2588686481303931,0.0862895493767977,1,1600000,0,0,1,0,0,1,0,0
37.09514031485284,21.0,1676.0,1.0,1.0,0.053699284009546544,0.053699284009546544,1,500000,1,0,0,0,0,1,0,0
39.45242984257358,97.0,7944.0,2.0,4.0,0.022658610271903322,0.045317220543806644,1,25000,1,0,0,0,0,0,0,0
38.23682409308692,0.0,0.0,0.0,0.0,0.0,0.0,0,250000,0,1,0,0,0,1,0,0
36.884325804243666,49.0,2910.0,6.0,6.0,0.18556701030927836,0.18556701030927836,1,75000,0,0,0,0,0,0,0,1
36.70636550308008,0.0,0.0,0.0,0.0,0.0,0.0,0,50000,1,0,0,0,0,1,0,0
35.57015742642026,19.0,1170.0,0.0,0.0,0.0,0.0,1,500000,0,0,1,0,0,1,0,0
30.98425735797399,16.0,677.0,6.0,0.0,0.7976366322008863,0.0,1,250000,0,0,0,0,0,1,0,0
32.90896646132786,3.0,134.0,0.0,1.0,0.0,0.0,1,1000000,0,0,0,0,0,1,0,0
31.156741957563312,32.0,2793.0,2.0,0.0,0.0644468313641246,0.0,1,600000,0,0,1,0,0,1,0,0
40.60506502395619,0.0,0.0,0.0,0.0,0.0,0.0,0,100000,0,1,0,0,0,1,0,0
34.7378507871321,39.0,3364.0,1.0,9.0,0.0267538644470868,0.2407847800237812,1,250000,0,0,0,0,0,1,0,0
36.47638603696099,190.0,12767.0,21.0,18.0,0.14803791023733062,0.1268896373462834,1,250000,0,0,0,0,0,1,0,0
33.842573579739906,1.0,55.0,0.0,0.0,0.0,0.0,1,700000,0,0,0,0,0,1,0,0
34.63655030800821,68.0,4595.0,3.0,5.0,0.05875952121871599,0.09793253536452666,1,250000,0,0,1,0,0,1,0,0
40.40246406570842,402.0,26857.0,18.0,44.0,0.06031946978441375,0.14744759280634473,1,400000,1,0,0,0,0,1,0,0
35.02532511978097,30.0,1163.0,1.0,0.0,0.07738607050730868,0.0,1,500000,0,0,1,0,0,1,0,0
33.31143052703628,21.0,1741.0,0.0,0.0,0.0,0.0,1,150000,0,1,0,0,0,0,0,1
35.47707049965777,284.0,18931.0,16.0,31.0,0.07606571232370186,0.14737731762717238,1,600000,0,0,0,0,0,1,0,0
40.917180013689254,40.0,3026.0,1.0,0.0,0.02974223397224058,0.0,1,25000,1,0,0,0,0,0,0,0
34.57905544147844,2.0,136.0,0.0,0.0,0.0,0.0,1,300000,1,0,0,0,0,0,0,1
36.91991786447639,24.0,2057.0,0.0,0.0,0.0,0.0,1,100000,1,0,0,0,0,0,0,0
33.08418891170431,173.0,12932.0,3.0,23.0,0.020878441076399627,0.16006804825239715,1,800000,0,0,1,0,0,0,0,1
34.03696098562629,3.0,225.0,0.0,0.0,0.0,0.0,1,200000,1,0,0,0,0,0,0,0
39.73716632443532,35.0,3062.0,0.0,0.0,0.0,0.0,1,100000,0,1,0,0,0,1,0,0
28.95277207392197,16.0,1004.0,0.0,0.0,0.0,0.0,1,500000,0,0,1,0,0,0,0,1
37.12251882272416,96.0,8642.0,0.0,0.0,0.0,0.0,1,500000,0,1,0,0,0,0,0,0
37.05133470225873,97.0,7690.0,3.0,13.0,0.035110533159947985,0.15214564369310793,1,100000,1,0,0,0,0,0,0,0
37.097878165639976,227.0,19598.0,22.0,68.0,0.1010307174201449,0.31227676293499335,1,800000,1,0,0,0,0,0,1,0
34.34907597535934,148.0,11799.0,2.0,2.0,0.015255530129672006,0.015255530129672006,1,750000,0,0,1,0,1,0,0,0
31.76454483230664,0.0,0.0,0.0,0.0,0.0,0.0,0,50000,0,0,0,0,1,0,0,0
35.79192334017796,80.0,5245.0,8.0,9.0,0.13727359389895138,0.1544327931363203,1,300000,0,0,1,0,1,0,0,0
34.52703627652293,41.0,3347.0,0.0,1.0,0.0,0.0268897520167314,1,500000,1,0,0,0,0,0,0,1
34.3025325119781,52.0,2656.0,0.0,0.0,0.0,0.0,1,100000,1,0,0,0,0,0,0,1
37.5523613963039,10.0,853.0,0.0,0.0,0.0,0.0,1,200000,0,1,0,0,0,1,0,0
33.883641341546884,55.0,3558.0,1.0,6.0,0.025295109612141653,0.15177065767284992,1,1000000,1,0,0,0,0,1,0,0
42.313483915126625,132.0,11803.0,0.0,1.0,0.0,0.007625180038973143,1,50000,0,1,0,0,0,1,0,0
33.99041752224504,22.0,797.0,1.0,1.0,0.11292346298619824,0.11292346298619824,1,200000,0,0,0,0,1,0,0,0
34.13278576317591,21.0,1594.0,0.0,1.0,0.0,0.05646173149309912,1,250000,1,0,0,0,0,0,0,1
36.271047227926076,26.0,1196.0,2.0,1.0,0.1505016722408027,0.07525083612040134,1,75000,0,0,0,0,0,0,1,0
34.078028747433265,120.0,9774.0,11.0,2.0,0.10128913443830571,0.01841620626151013,1,1000000,1,0,0,0,0,0,1,0
40.73100616016427,471.0,40064.0,11.0,11.0,0.024710463258785943,0.024710463258785943,1,700000,1,0,0,0,0,0,1,0
34.23134839151266,21.0,815.0,1.0,2.0,0.11042944785276074,0.22085889570552147,1,200000,0,0,0,0,0,0,0,1
35.31006160164271,18.0,1131.0,1.0,0.0,0.07957559681697612,0.0,1,100000,1,0,0,0,0,0,0,0
34.75154004106776,237.0,17447.0,32.0,30.0,0.16507135897288933,0.15475439903708374,1,3000000,0,0,1,0,0,0,0,0
32.68720054757016,63.0,5483.0,2.0,1.0,0.032828743388655844,0.016414371694327922,1,1500000,0,0,1,0,0,0,0,0
32.591375770020534,0.0,0.0,0.0,0.0,0.0,0.0,0,250000,0,0,1,0,0,0,0,0
33.75496235455168,55.0,4472.0,0.0,3.0,0.0,0.06037567084078711,1,200000,1,0,0,0,0,0,0,0
32.96098562628337,1.0,45.0,0.0,0.0,0.0,0.0,1,200000,0,0,1,0,0,0,0,0
37.98494182067078,169.0,13757.0,3.0,5.0,0.019626372028785345,0.03271062004797558,1,75000,1,0,0,0,0,1,0,0
32.785763175906915,14.0,141.0,1.0,1.0,0.0,0.0,1,250000,0,0,0,0,1,0,0,0
38.483230663928815,76.0,4570.0,5.0,6.0,0.09846827133479212,0.11816192560175055,1,50000,0,0,0,0,0,0,0,0
41.4757015742642,291.0,21488.0,51.0,67.0,0.21360759493670886,0.2806217423678332,1,200000,0,0,1,0,0,0,0,0
34.483230663928815,117.0,9317.0,4.0,10.0,0.038639046903509715,0.09659761725877428,1,1500000,1,0,0,0,0,0,0,0
33.451060917180016,74.0,4929.0,4.0,4.0,0.07303712720632989,0.07303712720632989,1,650000,0,0,1,0,1,0,0,0
32.761122518822724,2.0,180.0,0.0,0.0,0.0,0.0,1,250000,1,0,0,0,0,1,0,0
34.90759753593429,22.0,1335.0,0.0,1.0,0.0,0.06741573033707865,1,325000,0,0,1,0,0,0,1,0
36.167008898015055,122.0,8401.0,1.0,2.0,0.010713010355910012,0.021426020711820024,1,700000,1,0,0,0,0,0,0,0
33.880903490759756,106.0,6681.0,5.0,8.0,0.0673551863493489,0.10776829815895825,1,300000,0,0,0,0,0,1,0,0
34.54346338124572,32.0,1974.0,2.0,0.0,0.09118541033434652,0.0,1,800000,0,0,0,0,0,1,0,0
37.37713894592745,5.0,435.0,0.0,0.0,0.0,0.0,1,75000,0,1,0,0,0,1,0,0
39.488021902806295,293.0,23891.0,18.0,59.0,0.06780796115692102,0.22225942823657446,1,1000000,1,0,0,0,0,0,0,0
37.22655715263518,18.0,1222.0,4.0,2.0,0.2945990180032733,0.14729950900163666,1,100000,0,0,1,0,0,0,0,0
39.69883641341547,33.0,2066.0,1.0,1.0,0.04356243949661181,0.04356243949661181,1,100000,0,0,1,0,0,0,0,0
39.09924709103354,524.0,36682.0,10.0,82.0,0.02453519437326209,0.20118859386074914,1,2500000,0,0,1,0,0,0,0,0
42.00684462696783,38.0,3420.0,0.0,0.0,0.0,0.0,1,100000,0,1,0,0,0,0,0,0
35.121149897330596,4.0,360.0,0.0,0.0,0.0,0.0,1,400000,0,1,0,0,0,0,0,0
39.304585900068446,14.0,510.0,1.0,1.0,0.1764705882352941,0.1764705882352941,1,50000,0,0,0,0,0,0,1,0
35.24435318275154,100.0,7731.0,3.0,4.0,0.034924330616996506,0.04656577415599534,1,300000,0,0,1,0,0,0,0,0
32.98562628336756,29.0,877.0,3.0,3.0,0.30786773090079816,0.30786773090079816,1,50000,0,0,0,0,0,0,1,0
32.19712525667351,14.0,1026.0,0.0,0.0,0.0,0.0,1,400000,1,0,0,0,0,0,0,0
42.620123203285424,466.0,39803.0,14.0,19.0,0.031655905333768816,0.04296158581011482,1,500000,1,0,0,0,1,0,0,0
40.27926078028747,105.0,6495.0,13.0,14.0,0.18013856812933027,0.19399538106235564,1,50000,0,0,1,0,0,0,1,0
34.275154004106774,488.0,37169.0,54.0,41.0,0.13075412305953887,0.09927627861927951,1,6000000,0,0,1,0,0,1,0,0
35.832991101984945,68.0,4949.0,28.0,7.0,0.5091937765205092,0.1272984441301273,1,300000,0,0,0,0,0,0,0,1
34.724161533196444,71.0,5758.0,1.0,2.0,0.015630427231677665,0.03126085446335533,1,250000,1,0,0,0,0,0,0,1
33.84804928131417,59.0,4753.0,1.0,3.0,0.018935409215232485,0.056806227645697455,1,250000,1,0,0,0,1,0,0,0
36.43258042436687,183.0,16368.0,0.0,0.0,0.0,0.0,1,500000,0,1,0,0,1,0,0,0
35.24161533196441,38.0,1089.0,1.0,6.0,0.08264462809917356,0.49586776859504134,1,100000,0,0,1,0,0,0,0,1
35.46885694729637,36.0,3270.0,0.0,0.0,0.0,0.0,1,300000,0,1,0,0,0,0,0,1
34.677618069815196,149.0,11444.0,11.0,8.0,0.08650821391121985,0.06291506466270534,1,400000,1,0,0,0,0,0,0,1
37.84531143052703,31.0,2657.0,1.0,1.0,0.03387278885961611,0.03387278885961611,1,50000,1,0,0,0,0,1,0,0
32.11772758384668,135.0,8663.0,7.0,15.0,0.07272307514717766,0.1558351610296664,1,1000000,0,0,1,0,1,0,0,0
30.088980150581794,70.0,5896.0,2.0,0.0,0.030529172320217093,0.0,1,2000000,1,0,0,0,0,0,0,0
29.251197809719372,64.0,5535.0,3.0,9.0,0.04878048780487805,0.14634146341463414,1,4000000,0,0,0,0,0,0,0,1
31.091033538672143,0.0,0.0,0.0,0.0,0.0,0.0,0,250000,1,0,0,0,0,0,0,1
33.9958932238193,191.0,14846.0,3.0,15.0,0.018186716960797523,0.0909335848039876,1,400000,1,0,0,0,0,0,1,0
40.4517453798768,113.0,10101.0,0.0,0.0,0.0,0.0,1,200000,0,1,0,0,0,0,1,0
36.0848733744011,244.0,20873.0,4.0,26.0,0.01724716140468548,0.11210654913045562,1,1000000,1,0,0,0,0,0,0,0
36.85694729637235,56.0,3636.0,4.0,1.0,0.099009900990099,0.02475247524752475,1,200000,0,0,1,0,0,0,1,0
34.18480492813142,0.0,0.0,0.0,0.0,0.0,0.0,0,400000,1,0,0,0,0,1,0,0
34.496919917864474,24.0,1682.0,1.0,1.0,0.0535077288941736,0.0535077288941736,1,100000,0,0,1,0,0,1,0,0
32.284736481861735,17.0,969.0,0.0,1.0,0.0,0.09287925696594426,1,250000,1,0,0,0,0,0,0,1
37.31143052703628,23.0,2022.0,0.0,1.0,0.0,0.044510385756676554,1,75000,1,0,0,0,0,0,0,1
35.186858316221766,19.0,1717.0,0.0,0.0,0.0,0.0,1,100000,0,1,0,0,0,1,0,0
32.290212183436005,2.0,64.0,0.0,0.0,0.0,0.0,1,100000,1,0,0,0,0,0,1,0
34.49144421629021,35.0,3035.0,1.0,2.0,0.029654036243822075,0.05930807248764415,1,225000,1,0,0,0,0,0,0,1
33.4154688569473,17.0,1530.0,0.0,0.0,0.0,0.0,1,125000,0,1,0,0,0,0,0,1
36.77754962354552,128.0,9762.0,2.0,2.0,0.01843884449907806,0.01843884449907806,1,250000,1,0,0,0,0,0,1,0
36.238193018480494,41.0,3094.0,1.0,2.0,0.029088558500323207,0.058177117000646414,1,100000,1,0,0,0,0,0,1,0
38.0041067761807,50.0,3981.0,2.0,1.0,0.04521477015825169,0.022607385079125845,1,200000,1,0,0,0,0,0,1,0
37.347022587268995,35.0,3095.0,0.0,0.0,0.0,0.0,1,75000,0,1,0,0,0,0,1,0
37.22108145106092,26.0,1607.0,0.0,0.0,0.0,0.0,1,100000,1,0,0,0,0,0,1,0
36.506502395619435,131.0,6026.0,19.0,6.0,0.28377032857616996,0.0896116827082642,1,125000,0,0,0,0,0,0,1,0
35.912388774811774,32.0,2339.0,5.0,4.0,0.19238991021804192,0.1539119281744335,1,150000,0,0,0,0,0,0,1,0
36.29568788501027,260.0,16590.0,38.0,25.0,0.20614828209764915,0.13562386980108498,1,700000,0,0,1,0,0,0,0,1
39.60027378507871,58.0,4460.0,2.0,2.0,0.04035874439461883,0.04035874439461883,1,50000,1,0,0,0,0,1,0,0
34.902121834360024,19.0,1013.0,0.0,1.0,0.0,0.08884501480750247,1,150000,0,0,0,0,0,0,0,1
34.02053388090349,32.0,1780.0,1.0,2.0,0.050561797752808994,0.10112359550561799,1,175000,1,0,0,0,0,0,0,1
33.711156741957566,69.0,6225.0,2.0,1.0,0.02891566265060241,0.014457831325301205,1,250000,1,0,0,0,0,0,0,1
36.153319644079396,3.0,270.0,0.0,0.0,0.0,0.0,1,150000,0,1,0,0,0,0,0,1
38.90485968514716,213.0,17427.0,7.0,3.0,0.03615080048201068,0.015493200206576001,1,25000,1,0,0,0,0,0,1,0
37.78781656399726,86.0,5286.0,11.0,3.0,0.1872871736662883,0.0510783200908059,1,50000,0,0,1,0,0,0,0,0
34.902121834360024,41.0,2640.0,1.0,3.0,0.03409090909090909,0.10227272727272727,1,25000,0,0,1,0,0,0,1,0
35.460643394934976,39.0,3120.0,0.0,1.0,0.0,0.028846153846153848,1,300000,1,0,0,0,0,0,1,0
31.121149897330596,0.0,0.0,0.0,0.0,0.0,0.0,0,200000,0,0,1,0,0,0,1,0
34.42299794661191,151.0,13207.0,9.0,4.0,0.061331112288937686,0.027258272128416746,1,1000000,1,0,0,0,1,0,0,0
33.322381930184804,37.0,1549.0,4.0,2.0,0.23240800516462232,0.11620400258231116,1,500000,0,0,0,0,1,0,0,0
33.7741273100616,55.0,1743.0,3.0,4.0,0.1549053356282272,0.2065404475043029,1,200000,0,0,0,0,0,0,1,0
40.167008898015055,546.0,48980.0,0.0,2.0,0.0,0.003674969375255206,1,4000000,0,1,0,0,0,0,0,1
35.181382614647504,64.0,5007.0,2.0,0.0,0.035949670461354104,0.0,1,300000,1,0,0,0,0,1,0,0
38.96235455167693,23.0,2070.0,0.0,0.0,0.0,0.0,1,200000,0,1,0,0,1,0,0,0
35.26078028747433,147.0,9102.0,7.0,4.0,0.06921555702043507,0.03955174686882004,1,600000,0,0,1,0,0,0,0,0
34.770704996577685,21.0,1617.0,2.0,0.0,0.11131725417439704,0.0,1,150000,1,0,0,0,1,0,0,0
33.94113620807666,5.0,351.0,0.0,0.0,0.0,0.0,1,250000,1,0,0,0,1,0,0,0
33.34154688569473,30.0,1877.0,0.0,0.0,0.0,0.0,1,500000,0,0,1,0,1,0,0,0
32.65434633812457,95.0,7460.0,1.0,5.0,0.012064343163538875,0.06032171581769437,1,700000,1,0,0,0,0,0,0,0
35.29637234770705,27.0,2281.0,1.0,1.0,0.0394563787812363,0.0394563787812363,1,150000,1,0,0,0,1,0,0,0
37.04859685147159,68.0,3939.0,15.0,1.0,0.3427265803503427,0.02284843869002285,1,125000,0,0,0,0,0,0,0,1
38.02874743326489,58.0,4477.0,4.0,10.0,0.0804109895018986,0.20102747375474647,1,300000,0,0,1,0,1,0,0,0
32.75564681724846,61.0,4496.0,2.0,2.0,0.040035587188612096,0.040035587188612096,1,300000,1,0,0,0,0,0,1,0
34.25872689938399,43.0,3004.0,3.0,0.0,0.08988015978695073,0.0,1,350000,1,0,0,0,0,0,0,1
36.062970568104035,193.0,13462.0,8.0,26.0,0.05348388055266677,0.17382261179616698,1,300000,0,0,1,0,0,0,0,0
39.17864476386037,11.0,957.0,0.0,0.0,0.0,0.0,1,250000,0,1,0,0,1,0,0,0
33.96851471594798,21.0,1253.0,0.0,0.0,0.0,0.0,1,250000,0,0,1,0,0,0,0,0
38.234086242299796,94.0,8127.0,5.0,3.0,0.05537098560354375,0.03322259136212624,1,100000,1,0,0,0,0,1,0,0
32.24640657084189,16.0,506.0,2.0,1.0,0.3557312252964427,0.17786561264822134,1,100000,0,0,0,0,0,0,0,1
32.12867898699521,2.0,180.0,0.0,1.0,0.0,0.0,1,225000,1,0,0,0,0,0,0,1
32.39151266255989,11.0,372.0,0.0,0.0,0.0,0.0,1,250000,0,0,1,0,1,0,0,0
36.3668720054757,83.0,6122.0,5.0,5.0,0.07350539039529566,0.07350539039529566,1,500000,1,0,0,0,0,0,1,0
34.195756331279945,80.0,6525.0,1.0,1.0,0.013793103448275862,0.013793103448275862,1,1000000,1,0,0,0,1,0,0,0
38.89664613278576,32.0,1721.0,4.0,2.0,0.20918070889018012,0.10459035444509006,1,100000,0,0,1,0,0,1,0,0
36.97467488021903,99.0,8063.0,28.0,26.0,0.3125387572863699,0.29021456033734344,1,400000,0,0,1,0,0,0,0,1
30.740588637919235,14.0,799.0,0.0,0.0,0.0,0.0,1,200000,0,0,1,0,0,0,0,1
33.48117727583847,6.0,431.0,0.0,0.0,0.0,0.0,1,250000,1,0,0,0,0,0,0,1
37.46201232032854,113.0,9151.0,5.0,3.0,0.04917495355698831,0.029504972134192987,1,250000,1,0,0,0,1,0,0,0
35.937029431895965,46.0,2038.0,6.0,2.0,0.2649656526005888,0.08832188420019627,1,300000,0,0,0,0,1,0,0,0
38.84462696783025,346.0,20270.0,107.0,41.0,0.4750863344844598,0.1820424272323631,1,300000,0,0,0,0,0,0,0,0
33.138945927446954,2.0,167.0,0.0,0.0,0.0,0.0,1,400000,0,1,0,0,1,0,0,0
35.2498288843258,11.0,615.0,0.0,0.0,0.0,0.0,1,250000,1,0,0,0,1,0,0,0
34.25051334702259,28.0,1884.0,1.0,2.0,0.04777070063694267,0.09554140127388534,1,300000,1,0,0,0,0,0,0,1
37.39082819986311,37.0,2951.0,1.0,9.0,0.030498136225008472,0.27448322602507624,1,250000,1,0,0,0,0,1,0,0
29.065023956194388,2.0,132.0,0.0,0.0,0.0,0.0,1,300000,1,0,0,0,1,0,0,0
36.63518138261465,192.0,11882.0,36.0,24.0,0.2726813667732705,0.18178757784884697,1,200000,0,0,1,0,1,0,0,0
34.83367556468173,139.0,11176.0,1.0,3.0,0.008052970651395848,0.024158911954187547,1,200000,0,0,1,0,1,0,0,0
36.824093086926766,295.0,19402.0,63.0,36.0,0.29223791361715284,0.16699309349551592,1,600000,0,0,0,0,1,0,0,0
32.435318275154,122.0,7336.0,17.0,21.0,0.20856052344601964,0.25763358778625955,1,2000000,0,0,1,0,1,0,0,0
36.22724161533196,215.0,16723.0,2.0,12.0,0.010763618967888538,0.06458171380733121,1,150000,0,0,1,0,0,0,0,1
36.49555099247091,285.0,20774.0,26.0,31.0,0.11264080100125157,0.13430249350149223,1,300000,0,0,1,0,1,0,0,0
38.81998631074607,141.0,12660.0,0.0,1.0,0.0,0.0071090047393364926,1,100000,0,1,0,0,1,0,0,0
35.761806981519506,433.0,36953.0,40.0,6.0,0.09742104835872595,0.014613157253808892,1,3000000,1,0,0,0,0,0,0,0
35.52361396303901,204.0,14615.0,10.0,21.0,0.06158056790968183,0.12931919261033184,1,400000,0,0,1,0,1,0,0,0
35.06091718001369,22.0,1574.0,0.0,0.0,0.0,0.0,1,25000,1,0,0,0,1,0,0,0
39.14305270362765,119.0,10527.0,0.0,0.0,0.0,0.0,1,400000,0,1,0,0,0,1,0,0
32.082135523613964,70.0,4166.0,10.0,4.0,0.2160345655304849,0.08641382621219394,1,2000000,0,0,0,0,0,1,0,0
36.3586584531143,98.0,5164.0,32.0,11.0,0.557707203718048,0.19171185127807902,1,100000,0,0,0,0,0,0,1,0
37.24024640657084,267.0,21782.0,31.0,32.0,0.12808741162427692,0.13221926361215683,1,100000,0,0,1,0,0,0,0,1
38.455852156057496,5.0,418.0,0.0,0.0,0.0,0.0,1,50000,0,1,0,0,0,0,0,1
35.30184804928131,12.0,938.0,0.0,0.0,0.0,0.0,1,100000,0,1,0,0,1,0,0,0
41.412731006160165,45.0,3981.0,0.0,0.0,0.0,0.0,1,100000,0,1,0,0,0,0,1,0
37.426420260095824,26.0,1987.0,0.0,0.0,0.0,0.0,1,25000,1,0,0,0,0,0,1,0
33.23203285420944,168.0,12501.0,5.0,20.0,0.03599712023038157,0.14398848092152627,1,475000,1,0,0,0,0,0,0,1
35.227926078028744,240.0,15668.0,10.0,11.0,0.057441919836609644,0.06318611182027062,1,400000,0,0,1,0,0,1,0,0
32.00547570157426,24.0,1200.0,1.0,1.0,0.07500000000000001,0.07500000000000001,1,200000,0,0,0,0,0,0,0,1
35.77275838466804,48.0,3599.0,0.0,0.0,0.0,0.0,1,100000,1,0,0,0,0,0,1,0
33.158110882956876,9.0,155.0,1.0,1.0,0.0,0.0,1,400000,0,0,0,0,0,0,1,0
34.039698836413415,42.0,3392.0,0.0,0.0,0.0,0.0,1,150000,1,0,0,0,0,0,1,0
38.562628336755644,78.0,4746.0,4.0,13.0,0.07585335018963338,0.24652338811630847,1,25000,0,0,1,0,0,0,1,0
34.379192334017795,158.0,12588.0,10.0,15.0,0.07149666348903717,0.10724499523355577,1,500000,0,0,1,0,0,0,1,0
36.062970568104035,162.0,7824.0,39.0,6.0,0.44861963190184045,0.06901840490797546,1,350000,0,0,0,0,0,0,1,0
32.219028062970565,148.0,10408.0,10.0,12.0,0.08647194465795541,0.1037663335895465,1,1000000,0,0,1,0,0,0,0,1
32.70362765229295,99.0,6783.0,14.0,4.0,0.18575851393188852,0.05307386112339673,1,800000,0,0,1,0,0,0,1,0
36.681724845995895,41.0,3595.0,4.0,0.0,0.10013908205841447,0.0,1,200000,1,0,0,0,0,1,0,0
35.123887748117724,43.0,3511.0,0.0,6.0,0.0,0.15380233551694675,1,25000,1,0,0,0,0,0,1,0
34.79808350444901,184.0,14728.0,8.0,14.0,0.04888647474198805,0.08555133079847908,1,200000,1,0,0,0,0,0,1,0
32.37234770704997,76.0,5067.0,9.0,4.0,0.15985790408525755,0.07104795737122559,1,700000,0,0,0,0,0,0,1,0
34.652977412731005,19.0,1421.0,0.0,1.0,0.0,0.0633356790992259,1,100000,1,0,0,0,0,1,0,0
34.20396988364134,83.0,7133.0,3.0,0.0,0.0378522360857984,0.0,1,500000,1,0,0,0,0,0,1,0
37.67556468172484,23.0,666.0,2.0,2.0,0.2702702702702703,0.2702702702702703,1,50000,0,0,0,0,0,0,0,1
36.747433264887064,230.0,16210.0,74.0,43.0,0.4108574953732264,0.23874151758173967,1,75000,0,0,0,0,0,0,0,1
34.9678302532512,63.0,5208.0,10.0,9.0,0.1728110599078341,0.1555299539170507,1,500000,0,0,0,0,0,0,1,0
41.724845995893226,158.0,13992.0,0.0,1.0,0.0,0.006432246998284734,1,150000,0,1,0,0,0,1,0,0
38.48596851471595,14.0,1260.0,0.0,0.0,0.0,0.0,1,10000,0,1,0,0,0,0,0,0
39.290896646132786,69.0,6068.0,0.0,0.0,0.0,0.0,1,50000,0,1,0,0,0,0,0,0
35.832991101984945,237.0,19226.0,1.0,8.0,0.004681160927910122,0.03744928742328098,1,325000,0,0,1,0,0,0,0,0
35.65229295003422,203.0,17886.0,25.0,6.0,0.12579671251257968,0.030191211003019122,1,200000,1,0,0,0,0,0,1,0
35.65229295003422,407.0,30184.0,82.0,89.0,0.24450039756162206,0.2653723827193215,1,2000000,0,0,0,0,0,0,0,0
35.22518822724162,249.0,20060.0,9.0,18.0,0.04037886340977069,0.08075772681954138,1,800000,1,0,0,0,0,1,0,0
34.61190965092403,0.0,0.0,0.0,0.0,0.0,0.0,0,100000,0,1,0,0,0,0,1,0
33.59890485968515,222.0,16689.0,3.0,3.0,0.016178321049793276,0.016178321049793276,1,1200000,0,0,1,0,0,0,0,1
33.67830253251198,59.0,4766.0,3.0,5.0,0.05665127989928661,0.09441879983214435,1,400000,1,0,0,0,0,0,0,1
39.13757700205339,126.0,7673.0,25.0,7.0,0.2932360224162648,0.08210608627655415,1,50000,0,0,0,0,0,0,0,0
35.1129363449692,52.0,3479.0,0.0,2.0,0.0,0.051739005461339464,1,100000,0,0,1,0,0,0,1,0
32.37782340862423,61.0,3220.0,16.0,5.0,0.4472049689440994,0.13975155279503104,1,500000,0,0,1,0,1,0,0,0
28.10403832991102,161.0,8064.0,12.0,12.0,0.13392857142857142,0.13392857142857142,1,1000000,0,0,0,0,1,0,0,0
35.167693360711844,108.0,6972.0,5.0,7.0,0.06454388984509467,0.09036144578313252,1,200000,0,0,1,0,1,0,0,0
34.313483915126625,86.0,5005.0,17.0,6.0,0.30569430569430567,0.10789210789210789,1,100000,0,0,0,0,0,0,1,0
35.99452429842574,75.0,6645.0,8.0,7.0,0.10835214446952596,0.09480812641083522,1,300000,0,0,1,0,0,0,1,0
37.76043805612594,82.0,6309.0,2.0,3.0,0.028530670470756064,0.042796005706134094,1,175000,0,0,1,0,0,0,0,1
37.667351129363446,77.0,6482.0,2.0,1.0,0.02776920703486578,0.01388460351743289,1,300000,1,0,0,0,0,0,1,0
37.06502395619439,10.0,647.0,0.0,0.0,0.0,0.0,1,25000,1,0,0,0,0,0,1,0
38.60369609856263,21.0,1767.0,2.0,0.0,0.10186757215619695,0.0,1,25000,1,0,0,0,0,0,1,0
32.511978097193705,3.0,55.0,0.0,0.0,0.0,0.0,1,200000,0,0,0,0,0,1,0,0
40.158795345653665,0.0,0.0,0.0,0.0,0.0,0.0,0,250000,0,1,0,0,0,1,0,0
34.19301848049281,1.0,2.0,0.0,0.0,0.0,0.0,1,75000,0,0,1,0,0,0,0,1
32.69815195071869,13.0,1170.0,0.0,0.0,0.0,0.0,1,250000,1,0,0,0,0,0,0,1
40.31485284052019,163.0,12803.0,6.0,12.0,0.042177614621573066,0.08435522924314613,1,200000,1,0,0,0,0,0,1,0
36.6735112936345,258.0,18445.0,94.0,31.0,0.45866088370832203,0.1512605042016807,1,500000,0,0,0,0,0,0,0,1
37.96577686516085,71.0,6178.0,1.0,12.0,0.014567821301392036,0.17481385561670443,1,50000,1,0,0,0,0,0,0,1
37.28405201916495,244.0,21953.0,0.0,0.0,0.0,0.0,1,500000,0,1,0,0,0,0,0,1
28.892539356605067,0.0,0.0,0.0,0.0,0.0,0.0,0,50000,0,1,0,0,0,0,0,1
34.92950034223135,27.0,1427.0,1.0,2.0,0.06306937631394534,0.12613875262789068,1,400000,0,0,1,0,0,1,0,0
36.14236824093087,8.0,368.0,0.0,0.0,0.0,0.0,1,200000,0,0,1,0,0,0,1,0
37.50034223134839,44.0,3883.0,3.0,1.0,0.0695338655678599,0.023177955189286635,1,50000,1,0,0,0,0,0,1,0
36.09582477754962,0.0,0.0,0.0,0.0,0.0,0.0,0,75000,0,0,0,0,0,0,1,0
38.47227926078029,32.0,2763.0,2.0,3.0,0.06514657980456026,0.09771986970684039,1,75000,0,0,1,0,0,0,1,0
37.95756331279945,265.0,22508.0,11.0,27.0,0.04398436111604762,0.10796161364848053,1,300000,1,0,0,0,0,0,0,0
36.596851471594796,35.0,3063.0,0.0,0.0,0.0,0.0,1,300000,0,1,0,0,0,0,0,1
36.76933607118412,3.0,236.0,0.0,0.0,0.0,0.0,1,100000,0,1,0,0,0,0,1,0
35.95893223819302,94.0,4515.0,3.0,1.0,0.059800664451827246,0.01993355481727575,1,100000,0,0,1,0,0,0,1,0
38.379192334017795,236.0,18258.0,7.0,13.0,0.0345054222806441,0.06408149852119618,1,300000,1,0,0,0,0,0,1,0
34.3709787816564,36.0,2904.0,0.0,1.0,0.0,0.030991735537190084,1,50000,1,0,0,0,0,0,1,0
38.08624229979466,74.0,4998.0,2.0,4.0,0.03601440576230493,0.07202881152460985,1,100000,1,0,0,0,0,0,1,0
36.030116358658454,25.0,2134.0,0.0,0.0,0.0,0.0,1,50000,1,0,0,0,0,0,1,0
36.32032854209446,16.0,607.0,0.0,1.0,0.0,0.14827018121911037,1,250000,0,0,0,0,0,0,1,0
39.507186858316224,89.0,7290.0,3.0,3.0,0.037037037037037035,0.037037037037037035,1,100000,1,0,0,0,0,0,1,0
35.64955509924709,28.0,2422.0,0.0,1.0,0.0,0.037159372419488024,1,100000,0,1,0,0,0,0,1,0
34.81177275838467,99.0,7423.0,0.0,7.0,0.0,0.08487134581705509,1,100000,1,0,0,0,0,0,1,0
38.09445585215606,91.0,5101.0,2.0,13.0,0.03528719858851206,0.22936679082532838,1,100000,0,0,1,0,0,0,1,0
34.26694045174538,36.0,2416.0,0.0,2.0,0.0,0.07450331125827815,1,250000,0,0,1,0,0,1,0,0
43.19780971937029,99.0,8734.0,0.0,0.0,0.0,0.0,1,100000,0,1,0,0,0,0,1,0
33.56605065023956,44.0,3357.0,1.0,4.0,0.02680965147453083,0.10723860589812333,1,400000,1,0,0,0,0,0,1,0
35.7015742642026,84.0,6589.0,3.0,7.0,0.040977386553346484,0.09561390195780846,1,50000,1,0,0,0,0,0,1,0
40.19164955509925,213.0,19116.0,0.0,0.0,0.0,0.0,1,500000,0,1,0,0,0,0,1,0
37.13073237508556,225.0,15465.0,2.0,3.0,0.011639185257032008,0.01745877788554801,1,300000,0,0,1,0,0,0,1,0
35.619438740588635,1.0,21.0,0.0,0.0,0.0,0.0,1,150000,0,1,0,0,0,0,1,0
34.992470910335385,28.0,1823.0,0.0,0.0,0.0,0.0,1,150000,1,0,0,0,0,0,1,0
40.54757015742642,37.0,1382.0,3.0,2.0,0.19536903039073808,0.13024602026049203,1,75000,0,0,0,0,0,0,1,0
34.06707734428473,25.0,1274.0,2.0,3.0,0.141287284144427,0.21193092621664048,1,200000,0,0,1,0,0,0,1,0
35.21697467488022,15.0,819.0,0.0,0.0,0.0,0.0,1,400000,0,0,1,0,0,0,1,0
38.85557837097878,179.0,13023.0,4.0,10.0,0.027643400138217002,0.0691085003455425,1,250000,1,0,0,0,0,0,1,0
32.63791923340178,21.0,1441.0,1.0,0.0,0.062456627342123525,0.0,1,100000,1,0,0,0,0,0,1,0
33.6974674880219,24.0,1564.0,0.0,2.0,0.0,0.11508951406649617,1,150000,0,0,1,0,1,0,0,0
39.167693360711844,305.0,20158.0,61.0,94.0,0.2723484472665939,0.41968449250917744,1,1000000,0,0,0,0,0,0,1,0
40.030116358658454,2.0,180.0,0.0,0.0,0.0,0.0,1,50000,0,1,0,0,0,0,1,0
36.62696783025325,88.0,7046.0,5.0,1.0,0.06386602327561737,0.012773204655123474,1,100000,1,0,0,0,0,0,1,0
37.38261464750171,16.0,1367.0,0.0,0.0,0.0,0.0,1,100000,1,0,0,0,0,0,1,0
37.19644079397673,6.0,469.0,0.0,0.0,0.0,0.0,1,75000,0,1,0,0,0,0,1,0
35.64955509924709,0.0,0.0,0.0,0.0,0.0,0.0,0,325000,0,0,1,0,0,0,1,0
40.16153319644079,38.0,3109.0,5.0,3.0,0.14474107430041813,0.08684464458025089,1,150000,0,0,1,0,0,0,1,0
33.24845995893224,105.0,8370.0,2.0,9.0,0.02150537634408602,0.0967741935483871,1,500000,1,0,0,0,0,0,1,0
38.050650239561946,105.0,8496.0,0.0,1.0,0.0,0.01059322033898305,1,300000,1,0,0,0,0,0,1,0
40.91170431211499,234.0,20706.0,0.0,2.0,0.0,0.008693132425383948,1,100000,0,1,0,0,0,0,1,0
29.702943189596166,56.0,2852.0,2.0,10.0,0.06311360448807854,0.3155680224403927,1,1000000,0,0,0,0,0,1,0,0
36.238193018480494,33.0,2752.0,0.0,0.0,0.0,0.0,1,300000,0,1,0,0,0,0,1,0
36.41889117043121,141.0,9269.0,2.0,4.0,0.019419570611716477,0.03883914122343295,1,100000,0,0,1,0,0,0,1,0
36.65434633812457,44.0,2590.0,11.0,7.0,0.38223938223938225,0.24324324324324326,1,750000,0,0,0,0,0,0,1,0
34.55715263518138,90.0,5409.0,5.0,7.0,0.08319467554076539,0.11647254575707155,1,100000,0,0,1,0,0,0,1,0
37.059548254620125,208.0,16536.0,26.0,11.0,0.14150943396226415,0.05986937590711175,1,150000,0,0,1,0,0,0,1,0
37.28952772073922,39.0,3058.0,1.0,0.0,0.029431000654022238,0.0,1,200000,1,0,0,0,0,0,1,0
35.011635865845314,0.0,0.0,0.0,0.0,0.0,0.0,0,25000,0,0,0,0,0,0,1,0
36.106776180698155,94.0,6153.0,2.0,7.0,0.02925402242808386,0.10238907849829351,1,100000,0,0,1,0,0,0,1,0
37.40451745379877,49.0,2877.0,8.0,4.0,0.2502606882168926,0.1251303441084463,1,200000,0,0,0,0,0,0,1,0
40.446269678302535,1.0,90.0,0.0,0.0,0.0,0.0,1,25000,0,1,0,0,0,0,1,0
40.824093086926766,169.0,14945.0,0.0,1.0,0.0,0.006022080963532955,1,50000,0,1,0,0,0,0,1,0
35.36755646817249,19.0,1612.0,0.0,0.0,0.0,0.0,1,25000,1,0,0,0,0,0,1,0
40.369609856262834,373.0,24765.0,131.0,37.0,0.4760751059963659,0.1344639612356148,1,500000,0,0,0,0,0,0,1,0
35.370294318959616,103.0,9031.0,7.0,7.0,0.06975971653194551,0.06975971653194551,1,200000,1,0,0,0,1,0,0,0
38.195756331279945,294.0,24625.0,10.0,7.0,0.0365482233502538,0.025583756345177667,1,200000,1,0,0,0,1,0,0,0
34.6694045174538,259.0,22541.0,18.0,8.0,0.07186903864069917,0.031941794951421854,1,1200000,1,0,0,0,1,0,0,0
33.782340862423,9.0,611.0,0.0,1.0,0.0,0.14729950900163666,1,350000,0,0,0,1,1,0,0,0
35.06091718001369,37.0,3330.0,0.0,0.0,0.0,0.0,1,400000,0,1,0,0,1,0,0,0
38.6694045174538,16.0,1456.0,0.0,0.0,0.0,0.0,1,200000,0,1,0,0,0,1,0,0
37.776865160848736,132.0,11367.0,3.0,5.0,0.023752969121140145,0.0395882818685669,1,500000,1,0,0,0,0,0,0,0
38.49418206707735,60.0,3303.0,17.0,5.0,0.46321525885558584,0.13623978201634876,1,50000,0,0,0,0,0,0,0,0
32.602327173169066,32.0,1565.0,1.0,2.0,0.05750798722044729,0.11501597444089458,1,100000,0,0,1,0,0,0,1,0
35.94798083504449,54.0,2336.0,4.0,0.0,0.1541095890410959,0.0,1,100000,0,0,1,0,0,0,1,0
36.92539356605065,309.0,27745.0,0.0,1.0,0.0,0.003243827716705713,1,600000,0,1,0,0,0,0,1,0
33.61806981519507,2.0,118.0,0.0,0.0,0.0,0.0,1,250000,0,0,0,0,1,0,0,0
36.342231348391515,24.0,1938.0,0.0,2.0,0.0,0.09287925696594426,1,350000,1,0,0,0,1,0,0,0
33.927446954141,43.0,3406.0,0.0,4.0,0.0,0.10569583088667057,1,250000,1,0,0,0,1,0,0,0
33.275838466803556,27.0,1938.0,2.0,6.0,0.09287925696594426,0.2786377708978328,1,50000,0,0,0,0,1,0,0,0
37.80698151950719,77.0,5092.0,1.0,3.0,0.01767478397486253,0.05302435192458759,1,200000,0,0,1,0,1,0,0,0
31.734428473648187,30.0,2603.0,2.0,1.0,0.06915097963887822,0.03457548981943911,1,250000,1,0,0,0,1,0,0,0
38.97056810403833,154.0,10477.0,5.0,18.0,0.042951226496134386,0.1546244153860838,1,225000,0,0,1,0,0,0,1,0
29.462012320328544,3.0,33.0,0.0,0.0,0.0,0.0,1,1500000,0,0,0,0,0,0,1,0
36.73648186173853,104.0,7906.0,2.0,5.0,0.02276751834050088,0.05691879585125221,1,250000,0,0,1,0,0,0,1,0
35.93429158110883,30.0,1042.0,1.0,2.0,0.08637236084452975,0.1727447216890595,1,500000,0,0,1,0,0,1,0,0
43.54551676933607,0.0,0.0,0.0,0.0,0.0,0.0,0,10000,0,0,0,0,0,0,1,0
36.9637234770705,0.0,0.0,0.0,0.0,0.0,0.0,0,150000,0,0,0,0,1,0,0,0
32.84873374401095,39.0,1376.0,2.0,0.0,0.1308139534883721,0.0,1,900000,0,0,0,0,1,0,0,0
35.28268309377139,0.0,0.0,0.0,0.0,0.0,0.0,0,25000,0,0,1,0,0,0,1,0
32.81587953456537,79.0,5610.0,12.0,4.0,0.1925133689839572,0.0641711229946524,1,750000,0,0,1,0,0,0,0,1
35.81108829568789,32.0,1721.0,5.0,1.0,0.26147588611272515,0.05229517722254503,1,150000,0,0,0,0,0,0,1,0
36.747433264887064,255.0,20641.0,5.0,28.0,0.02180126931834698,0.12208710818274308,1,1100000,0,0,1,0,0,0,0,0
34.88569472963724,75.0,4228.0,15.0,3.0,0.31929990539262065,0.06385998107852413,1,500000,0,0,0,0,0,0,0,0
35.21149897330596,26.0,1209.0,3.0,0.0,0.22332506203473945,0.0,1,25000,0,0,0,0,0,0,1,0
39.92607802874743,122.0,8389.0,18.0,21.0,0.19311002503278102,0.2252950292049112,1,200000,0,0,1,0,0,0,1,0
34.91033538672142,66.0,5808.0,0.0,3.0,0.0,0.04648760330578512,1,100000,1,0,0,0,0,0,0,0
32.84325804243669,12.0,795.0,0.0,0.0,0.0,0.0,1,500000,1,0,0,0,0,0,0,0
37.23203285420944,178.0,13813.0,10.0,24.0,0.06515601245203793,0.15637442988489103,1,300000,1,0,0,0,0,0,1,0
33.582477754962355,58.0,4689.0,0.0,6.0,0.0,0.11516314779270632,1,1200000,1,0,0,0,0,0,0,0
36.421629021218344,15.0,808.0,0.0,0.0,0.0,0.0,1,200000,0,0,1,0,0,0,0,0
39.68788501026694,78.0,6758.0,0.0,0.0,0.0,0.0,1,100000,0,1,0,0,0,0,0,0
34.42847364818618,37.0,2004.0,4.0,3.0,0.17964071856287422,0.1347305389221557,1,25000,0,0,0,0,0,0,1,0
33.379876796714576,0.0,0.0,0.0,0.0,0.0,0.0,0,50000,0,0,1,0,0,0,1,0
39.89048596851472,21.0,859.0,4.0,1.0,0.4190919674039581,0.10477299185098952,1,10000,0,0,0,0,0,0,1,0
38.168377823408626,13.0,461.0,0.0,0.0,0.0,0.0,1,25000,0,0,1,0,0,0,1,0
36.219028062970565,46.0,2168.0,1.0,9.0,0.04151291512915129,0.3736162361623616,1,200000,0,0,0,0,0,0,1,0
34.93497604380561,22.0,1504.0,0.0,3.0,0.0,0.17952127659574466,1,50000,1,0,0,0,1,0,0,0
34.110882956878854,1.0,6.0,0.0,0.0,0.0,0.0,1,200000,0,0,1,0,1,0,0,0
34.51882272416153,4.0,266.0,0.0,0.0,0.0,0.0,1,400000,0,1,0,0,1,0,0,0
35.44695414099932,28.0,2068.0,0.0,2.0,0.0,0.08704061895551257,1,250000,1,0,0,0,1,0,0,0
33.77138945927447,103.0,7698.0,3.0,3.0,0.03507404520654715,0.03507404520654715,1,2500000,0,0,1,0,1,0,0,0
39.17864476386037,94.0,7110.0,1.0,4.0,0.012658227848101266,0.05063291139240506,1,250000,1,0,0,0,1,0,0,0
38.25872689938399,24.0,1071.0,5.0,0.0,0.42016806722689076,0.0,1,100000,0,0,0,0,1,0,0,0
32.276522929500345,121.0,10756.0,0.0,1.0,0.0,0.008367422833767199,1,1000000,0,1,0,0,1,0,0,0
40.18343600273785,437.0,38812.0,0.0,1.0,0.0,0.0023188704524373907,1,500000,0,1,0,0,1,0,0,0
34.38193018480493,87.0,5242.0,15.0,9.0,0.2575352918733308,0.1545211751239985,1,400000,0,0,0,0,1,0,0,0
36.865160848733744,84.0,4893.0,2.0,1.0,0.03678724708767627,0.018393623543838136,1,200000,0,0,1,0,1,0,0,0
38.157426420260094,290.0,24980.0,5.0,11.0,0.018014411529223378,0.039631705364291434,1,300000,1,0,0,0,1,0,0,0
38.91033538672142,161.0,14217.0,0.0,0.0,0.0,0.0,1,150000,0,1,0,0,1,0,0,0
34.74058863791923,52.0,4584.0,0.0,0.0,0.0,0.0,1,400000,0,1,0,0,0,0,0,1
33.01848049281314,60.0,5318.0,0.0,0.0,0.0,0.0,1,500000,0,1,0,0,1,0,0,0
38.72689938398357,179.0,16108.0,0.0,0.0,0.0,0.0,1,300000,0,1,0,0,0,0,0,1
38.182067077344286,19.0,1080.0,1.0,1.0,0.08333333333333334,0.08333333333333334,1,100000,0,0,0,0,0,0,0,1
35.32922655715264,9.0,302.0,0.0,2.0,0.0,0.5960264900662252,1,50000,0,0,1,0,0,0,0,1
36.93908281998631,27.0,2040.0,0.0,0.0,0.0,0.0,1,100000,0,0,1,0,0,0,1,0
34.72142368240931,52.0,2749.0,16.0,0.0,0.5238268461258639,0.0,1,150000,0,0,0,0,1,0,0,0
33.11978097193703,5.0,138.0,0.0,0.0,0.0,0.0,1,150000,1,0,0,0,0,0,0,0
37.88637919233402,80.0,5253.0,8.0,15.0,0.13706453455168474,0.2569960022844089,1,300000,0,0,1,0,0,1,0,0
37.97672826830938,163.0,13494.0,5.0,0.0,0.03334815473543797,0.0,1,200000,1,0,0,0,0,0,1,0
34.64476386036961,17.0,1100.0,0.0,0.0,0.0,0.0,1,350000,0,0,1,0,0,1,0,0
34.25325119780972,35.0,2781.0,1.0,0.0,0.032362459546925564,0.0,1,400000,1,0,0,0,0,1,0,0
35.356605065023956,139.0,11759.0,2.0,2.0,0.015307424100688834,0.015307424100688834,1,150000,1,0,0,0,1,0,0,0
33.78507871321013,19.0,1244.0,0.0,1.0,0.0,0.07234726688102894,1,150000,1,0,0,0,0,0,0,1
35.05544147843943,30.0,1954.0,1.0,1.0,0.04605936540429888,0.04605936540429888,1,500000,0,0,1,0,1,0,0,0
36.53388090349076,16.0,712.0,1.0,2.0,0.12640449438202248,0.25280898876404495,1,300000,0,0,0,0,1,0,0,0
36.30116358658453,120.0,9846.0,3.0,3.0,0.027422303473491776,0.027422303473491776,1,250000,1,0,0,0,0,1,0,0
41.96303901437371,160.0,12561.0,67.0,16.0,0.48005732027704806,0.11464055409601145,1,100000,0,0,0,0,0,0,0,0
37.14715947980835,16.0,1355.0,0.0,0.0,0.0,0.0,1,50000,1,0,0,0,0,0,1,0
36.955509924709105,68.0,3907.0,7.0,4.0,0.16124904018428463,0.09214230867673406,1,100000,0,0,0,0,0,0,0,0
33.47296372347707,0.0,0.0,0.0,0.0,0.0,0.0,0,50000,0,0,1,0,0,0,1,0
31.748117727583846,33.0,1592.0,3.0,0.0,0.16959798994974873,0.0,1,500000,0,0,0,0,0,1,0,0
30.379192334017795,24.0,1070.0,2.0,2.0,0.16822429906542058,0.16822429906542058,1,600000,0,0,0,0,0,0,0,0
37.607118412046546,148.0,11036.0,2.0,6.0,0.016310257339615802,0.04893077201884741,1,100000,1,0,0,0,0,0,0,0
28.539356605065024,0.0,0.0,0.0,0.0,0.0,0.0,0,200000,0,0,0,0,0,0,1,0
32.544832306639286,104.0,6517.0,1.0,10.0,0.013810035292312414,0.13810035292312414,1,325000,0,0,1,0,0,0,0,0
34.85831622176591,4.0,131.0,0.0,0.0,0.0,0.0,1,100000,1,0,0,0,0,0,0,0
34.13552361396304,46.0,2253.0,5.0,8.0,0.1997336884154461,0.3195739014647137,1,150000,0,0,0,0,0,0,0,1
37.267624914442166,472.0,34474.0,86.0,104.0,0.22451702732494053,0.2715089632766723,1,1000000,0,0,1,0,0,0,1,0
34.64476386036961,7.0,493.0,0.0,0.0,0.0,0.0,1,50000,1,0,0,0,0,1,0,0
34.639288158795345,85.0,7353.0,3.0,1.0,0.03671970624235006,0.012239902080783354,1,1000000,1,0,0,0,0,1,0,0
36.016427104722794,296.0,23306.0,15.0,46.0,0.057924997854629706,0.17763666008753112,1,750000,1,0,0,0,0,0,0,1
35.337440109514034,112.0,6986.0,25.0,8.0,0.322072716862296,0.10306326939593471,1,50000,0,0,0,0,0,1,0,0
34.13552361396304,6.0,187.0,1.0,0.0,0.0,0.0,1,150000,0,0,0,0,0,0,0,1
35.92607802874743,132.0,11570.0,5.0,3.0,0.03889369057908384,0.023336214347450306,1,750000,1,0,0,0,0,0,0,1
37.53319644079398,72.0,6223.0,17.0,22.0,0.24586212437730998,0.31817451390004825,1,75000,0,0,1,0,0,0,0,1
37.18822724161533,128.0,11324.0,0.0,0.0,0.0,0.0,1,800000,0,1,0,0,0,0,0,0
35.45242984257358,122.0,9752.0,9.0,2.0,0.08305988515176374,0.0184577522559475,1,650000,1,0,0,0,0,0,0,0
34.39561943874059,230.0,14089.0,22.0,32.0,0.14053516928099938,0.2044147916814536,1,400000,0,0,1,0,0,0,1,0
38.85557837097878,5.0,62.0,0.0,0.0,0.0,0.0,1,100000,0,0,1,0,0,0,0,0
34.75154004106776,102.0,8418.0,16.0,11.0,0.17106200997861726,0.11760513186029935,1,100000,0,0,0,1,0,0,0,0
37.21834360027378,155.0,7844.0,34.0,13.0,0.39010708822029583,0.14915859255481898,1,100000,0,0,0,0,0,0,1,0
38.223134839151264,399.0,30325.0,29.0,41.0,0.08606760098928277,0.12168178070898598,1,600000,0,0,1,0,0,1,0,0
36.46817248459959,98.0,8701.0,0.0,0.0,0.0,0.0,1,800000,0,1,0,0,0,1,0,0
32.35318275154004,3.0,151.0,0.0,0.0,0.0,0.0,1,200000,0,0,1,0,0,0,0,0
33.36344969199179,323.0,22962.0,220.0,57.0,0.8622942252417036,0.22341259472171413,1,15000000,0,0,0,0,0,0,0,0
37.59890485968515,73.0,4688.0,2.0,4.0,0.03839590443686007,0.07679180887372014,1,75000,0,0,1,0,0,0,0,0
36.23545516769336,67.0,3333.0,14.0,10.0,0.37803780378037805,0.27002700270027,1,250000,0,0,0,0,0,0,1,0
35.75359342915811,357.0,27980.0,10.0,26.0,0.032165832737669764,0.08363116511794139,1,400000,1,0,0,0,0,0,1,0
38.16016427104723,31.0,2745.0,0.0,0.0,0.0,0.0,1,250000,0,1,0,0,0,1,0,0
38.0807665982204,252.0,20222.0,5.0,1.0,0.022252991791118584,0.004450598358223717,1,50000,1,0,0,0,0,0,1,0
31.058179329226558,21.0,1346.0,0.0,1.0,0.0,0.06686478454680535,1,250000,0,0,1,0,1,0,0,0
36.79123887748118,170.0,14322.0,2.0,12.0,0.012568077084206116,0.0754084625052367,1,500000,1,0,0,0,0,0,1,0
39.49897330595483,14.0,1146.0,0.0,0.0,0.0,0.0,1,25000,1,0,0,0,0,0,0,0
33.56605065023956,117.0,8498.0,25.0,24.0,0.2647681807484114,0.2541774535184749,1,175000,0,0,0,0,0,0,0,1
34.92950034223135,25.0,1338.0,3.0,1.0,0.20179372197309417,0.06726457399103139,1,500000,0,0,1,0,0,1,0,0
30.483230663928815,4.0,360.0,0.0,0.0,0.0,0.0,1,200000,0,1,0,0,0,1,0,0
32.955509924709105,85.0,7130.0,3.0,2.0,0.037868162692847124,0.02524544179523142,1,1500000,1,0,0,0,0,1,0,0
30.39561943874059,0.0,0.0,0.0,0.0,0.0,0.0,0,250000,0,0,0,0,1,0,0,0
37.073237508555785,160.0,9294.0,10.0,4.0,0.09683666881859264,0.03873466752743706,1,250000,0,0,1,0,1,0,0,0
37.883641341546884,186.0,15553.0,14.0,12.0,0.08101330932938983,0.06943997942519128,1,300000,1,0,0,0,1,0,0,0
31.310061601642712,23.0,1049.0,2.0,0.0,0.17159199237368922,0.0,1,250000,0,0,0,0,1,0,0,0
34.261464750171115,202.0,16919.0,6.0,5.0,0.03191677995153378,0.02659731662627815,1,250000,1,0,0,0,0,0,0,0
37.07049965776865,472.0,24851.0,151.0,49.0,0.5468592813166472,0.17745764757957427,1,700000,0,0,0,0,1,0,0,0
28.876112251882272,9.0,328.0,0.0,0.0,0.0,0.0,1,300000,0,0,1,0,1,0,0,0
36.662559890485966,69.0,5914.0,0.0,1.0,0.0,0.015218126479540075,1,75000,1,0,0,0,0,0,0,0
36.65160848733744,87.0,7544.0,7.0,2.0,0.0835100742311771,0.023860021208907744,1,150000,1,0,0,0,0,0,0,0
35.82477754962355,123.0,9675.0,14.0,11.0,0.13023255813953488,0.10232558139534885,1,100000,0,0,1,0,1,0,0,0
36.695414099931554,166.0,14861.0,0.0,1.0,0.0,0.006056120045757352,1,300000,0,1,0,0,0,0,0,0
36.92539356605065,35.0,2127.0,0.0,1.0,0.0,0.04231311706629055,1,150000,1,0,0,0,0,0,0,0
38.69952087611225,145.0,12664.0,0.0,0.0,0.0,0.0,1,200000,0,1,0,0,1,0,0,0
42.02327173169062,170.0,15296.0,0.0,2.0,0.0,0.011767782426778242,1,100000,0,1,0,0,0,0,0,0
37.14715947980835,29.0,725.0,0.0,2.0,0.0,0.24827586206896549,1,600000,0,0,0,0,0,1,0,0
36.39698836413415,296.0,25227.0,20.0,9.0,0.07135212272565108,0.03210845522654299,1,400000,1,0,0,0,0,1,0,0
29.56605065023956,6.0,415.0,0.0,0.0,0.0,0.0,1,300000,1,0,0,0,0,0,1,0
35.148528405201915,48.0,3291.0,12.0,7.0,0.3281677301731996,0.19143117593436645,1,1000000,0,0,0,0,0,1,0,0
36.328542094455855,27.0,1407.0,1.0,1.0,0.06396588486140725,0.06396588486140725,1,200000,0,0,1,0,0,0,0,1
33.09240246406571,161.0,11614.0,20.0,16.0,0.15498536249354228,0.12398828999483381,1,1500000,0,0,1,0,0,1,0,0
34.75975359342916,3.0,180.0,0.0,0.0,0.0,0.0,1,250000,1,0,0,0,0,1,0,0
40.33949349760438,39.0,2845.0,13.0,6.0,0.4112478031634446,0.1898066783831283,1,200000,0,0,0,0,1,0,0,0
37.44832306639288,7.0,308.0,0.0,0.0,0.0,0.0,1,50000,0,0,1,0,0,0,0,0
32.03285420944559,84.0,7009.0,2.0,11.0,0.025681266942502497,0.14124696818376373,1,475000,1,0,0,0,0,0,0,1
40.591375770020534,145.0,12939.0,0.0,0.0,0.0,0.0,1,150000,0,1,0,0,0,0,1,0
33.24845995893224,46.0,3490.0,0.0,1.0,0.0,0.025787965616045842,1,250000,1,0,0,0,0,0,0,1
37.84531143052703,140.0,11946.0,2.0,6.0,0.015067805123053741,0.04520341536916123,1,100000,1,0,0,0,0,0,0,0
38.60643394934976,231.0,20503.0,0.0,0.0,0.0,0.0,1,50000,0,1,0,0,1,0,0,0
40.71731690622861,585.0,40401.0,39.0,91.0,0.08687903764758298,0.20271775451102697,1,3500000,0,0,1,0,0,0,1,0
34.01505817932922,67.0,5603.0,0.0,2.0,0.0,0.03212564697483491,1,350000,1,0,0,0,0,0,0,0
36.64613278576318,89.0,6517.0,14.0,6.0,0.19334049409237378,0.08286021175387448,1,50000,0,0,1,0,0,0,0,0
34.026009582477755,3.0,263.0,0.0,0.0,0.0,0.0,1,100000,0,1,0,0,0,0,1,0
38.59548254620123,209.0,17484.0,3.0,12.0,0.015442690459849005,0.06177076183939602,1,300000,1,0,0,0,0,0,1,0
38.91854893908282,455.0,40864.0,0.0,0.0,0.0,0.0,1,500000,0,1,0,0,0,0,1,0
40.90622861054072,94.0,8204.0,6.0,1.0,0.06582155046318869,0.010970258410531447,1,100000,1,0,0,0,0,0,1,0
34.80355920602327,1.0,90.0,0.0,0.0,0.0,0.0,1,400000,0,1,0,0,0,0,1,0
37.11978097193703,25.0,2037.0,2.0,1.0,0.08836524300441825,0.04418262150220913,1,75000,1,0,0,0,0,0,1,0
39.86858316221766,7.0,606.0,0.0,0.0,0.0,0.0,1,100000,0,1,0,0,0,0,1,0
34.92128678986995,29.0,1738.0,0.0,0.0,0.0,0.0,1,200000,1,0,0,0,0,0,1,0
37.30321697467488,21.0,1479.0,0.0,0.0,0.0,0.0,1,500000,1,0,0,0,0,0,0,1
38.81724845995893,189.0,10638.0,18.0,24.0,0.15228426395939085,0.20304568527918784,1,25000,0,0,0,0,0,0,0,0
33.16632443531827,48.0,2241.0,6.0,5.0,0.24096385542168675,0.20080321285140562,1,500000,0,0,0,0,0,1,0,0
34.09445585215606,118.0,8338.0,3.0,9.0,0.032381866154953226,0.09714559846485968,1,1500000,1,0,0,0,0,1,0,0
33.776865160848736,170.0,12116.0,17.0,21.0,0.1262793000990426,0.15599207659293496,1,650000,0,0,1,0,0,0,0,0
33.87268993839836,1.0,90.0,0.0,0.0,0.0,0.0,1,250000,0,1,0,0,1,0,0,0
35.26899383983573,77.0,5414.0,1.0,5.0,0.01662356852604359,0.08311784263021796,1,200000,1,0,0,0,1,0,0,0
36.97741273100616,200.0,16223.0,23.0,27.0,0.1275966220797633,0.14978733896320037,1,300000,0,0,1,0,1,0,0,0
36.134154688569474,182.0,14230.0,6.0,20.0,0.03794799718903724,0.12649332396345747,1,250000,1,0,0,0,1,0,0,0
34.899383983572896,97.0,7493.0,6.0,4.0,0.07206726277859335,0.048044841852395576,1,1500000,0,0,1,0,0,1,0,0
34.80355920602327,0.0,0.0,0.0,0.0,0.0,0.0,0,250000,0,1,0,0,1,0,0,0
37.40999315537303,22.0,1913.0,0.0,0.0,0.0,0.0,1,50000,0,1,0,0,1,0,0,0
40.20807665982204,582.0,39300.0,234.0,110.0,0.5358778625954198,0.25190839694656486,1,1000000,0,0,0,0,0,0,1,0
31.72895277207392,1.0,33.0,0.0,0.0,0.0,0.0,1,150000,0,0,0,0,1,0,0,0
31.928815879534564,65.0,3309.0,5.0,1.0,0.1359927470534905,0.027198549410698096,1,400000,0,0,1,0,0,0,0,1
33.61806981519507,41.0,3454.0,0.0,1.0,0.0,0.02605674580196873,1,200000,1,0,0,0,1,0,0,0
33.9958932238193,5.0,380.0,0.0,0.0,0.0,0.0,1,150000,1,0,0,0,0,1,0,0
33.78781656399726,49.0,3739.0,0.0,0.0,0.0,0.0,1,500000,1,0,0,0,0,1,0,0
36.284736481861735,61.0,4226.0,0.0,2.0,0.0,0.04259346900141978,1,50000,1,0,0,0,0,0,1,0
36.695414099931554,5.0,219.0,0.0,0.0,0.0,0.0,1,75000,0,0,1,0,0,0,1,0
38.39561943874059,131.0,10047.0,3.0,1.0,0.026873693639892508,0.008957897879964169,1,100000,0,0,1,0,0,0,1,0
41.07871321013005,1.0,7.0,0.0,0.0,0.0,0.0,1,50000,0,1,0,0,0,0,1,0
36.16427104722793,65.0,4691.0,1.0,1.0,0.019185674696226816,0.019185674696226816,1,25000,1,0,0,0,0,0,1,0
36.082135523613964,4.0,114.0,0.0,0.0,0.0,0.0,1,50000,0,0,1,0,0,0,1,0
34.940451745379875,165.0,13273.0,5.0,5.0,0.033903412943569654,0.033903412943569654,1,250000,1,0,0,0,1,0,0,0
35.08008213552361,16.0,1171.0,0.0,0.0,0.0,0.0,1,50000,0,0,1,0,0,0,1,0
35.17316906228611,94.0,5446.0,12.0,6.0,0.19831068674256336,0.09915534337128168,1,75000,0,0,0,0,0,0,1,0
35.49075975359343,61.0,5469.0,0.0,0.0,0.0,0.0,1,300000,0,1,0,0,0,0,1,0
29.182751540041068,48.0,2688.0,2.0,3.0,0.06696428571428571,0.10044642857142856,1,400000,0,0,1,0,0,0,1,0
34.68309377138946,0.0,0.0,0.0,0.0,0.0,0.0,0,750000,1,0,0,0,0,1,0,0
37.399041752224505,3.0,270.0,0.0,0.0,0.0,0.0,1,10000,1,0,0,0,0,0,1,0
36.75290896646133,192.0,10362.0,19.0,17.0,0.16502605674580195,0.14765489287782282,1,250000,0,0,0,0,0,0,1,0
34.99520876112252,288.0,20574.0,34.0,62.0,0.14873140857392825,0.27121609798775154,1,500000,0,0,1,0,0,0,0,1
37.327857631759066,63.0,5439.0,4.0,1.0,0.06618863761720904,0.01654715940430226,1,250000,1,0,0,0,0,1,0,0
32.355920602327174,50.0,1932.0,5.0,4.0,0.2329192546583851,0.1863354037267081,1,700000,0,0,1,0,0,0,1,0
38.20123203285421,57.0,5130.0,0.0,0.0,0.0,0.0,1,200000,0,1,0,0,0,0,0,0
33.13073237508556,90.0,7613.0,0.0,4.0,0.0,0.04728753448049389,1,2000000,1,0,0,0,0,1,0,0
33.41820670773443,25.0,1195.0,1.0,0.0,0.07531380753138076,0.0,1,400000,0,0,1,0,0,0,0,0
36.355920602327174,23.0,1348.0,0.0,0.0,0.0,0.0,1,50000,0,0,1,0,0,0,0,0
36.26830937713895,12.0,604.0,0.0,0.0,0.0,0.0,1,25000,0,0,1,0,0,0,0,1
39.15400410677618,313.0,21684.0,149.0,41.0,0.6184283342556725,0.1701715550636414,1,800000,0,0,0,0,0,0,0,0
34.65571526351814,79.0,4221.0,6.0,10.0,0.1279317697228145,0.21321961620469082,1,475000,0,0,0,0,0,1,0,0
32.90622861054072,19.0,1663.0,0.0,0.0,0.0,0.0,1,500000,1,0,0,0,0,1,0,0
32.14784394250513,5.0,405.0,0.0,0.0,0.0,0.0,1,350000,0,1,0,0,0,1,0,0
33.021218343600275,25.0,833.0,1.0,0.0,0.10804321728691475,0.0,1,1200000,0,0,0,0,0,0,0,0
40.99931553730322,49.0,2225.0,4.0,1.0,0.16179775280898878,0.040449438202247195,1,100000,0,0,0,0,0,0,0,0
38.16563997262149,55.0,3213.0,6.0,3.0,0.16806722689075632,0.08403361344537816,1,50000,0,0,0,0,0,0,0,0
35.6933607118412,10.0,400.0,3.0,0.0,0.6749999999999999,0.0,1,50000,0,0,0,0,0,0,1,0
28.876112251882272,16.0,704.0,0.0,3.0,0.0,0.38352272727272724,1,1100000,0,0,1,0,0,0,0,0
39.01984941820671,315.0,25471.0,13.0,13.0,0.04593459228141809,0.04593459228141809,1,1000000,1,0,0,0,0,0,1,0
36.03832991101985,25.0,905.0,3.0,2.0,0.2983425414364641,0.1988950276243094,1,250000,0,0,0,0,1,0,0,0
36.23271731690623,116.0,8438.0,7.0,5.0,0.07466224223749704,0.0533301730267836,1,300000,0,0,1,0,1,0,0,0
37.1854893908282,212.0,15307.0,66.0,17.0,0.38805775135558895,0.09995426928856078,1,200000,0,0,0,0,0,0,1,0
29.10335386721424,43.0,2026.0,0.0,1.0,0.0,0.044422507403751234,1,500000,0,0,1,0,1,0,0,0
32.0082135523614,39.0,2941.0,1.0,1.0,0.030601836110166612,0.030601836110166612,1,100000,1,0,0,0,0,1,0,0
35.1047227926078,10.0,374.0,0.0,0.0,0.0,0.0,1,300000,0,0,1,0,0,0,1,0
34.182067077344286,233.0,16231.0,26.0,23.0,0.14416856632370156,0.12753373174788984,1,2000000,0,0,1,0,0,0,0,1
33.01848049281314,36.0,3234.0,15.0,4.0,0.4174397031539889,0.11131725417439704,1,500000,0,0,0,0,0,0,1,0
34.822724161533195,222.0,15084.0,25.0,16.0,0.14916467780429596,0.09546539379474941,1,500000,0,0,1,0,1,0,0,0
37.464750171115675,155.0,12565.0,82.0,28.0,0.5873458018304815,0.20055710306406685,1,100000,0,0,0,0,0,0,1,0
37.71663244353183,38.0,1594.0,0.0,1.0,0.0,0.05646173149309912,1,100000,0,0,1,0,0,0,1,0
37.87268993839836,105.0,5758.0,22.0,3.0,0.3438693990969086,0.046891281695032996,1,200000,0,0,0,0,0,0,1,0
41.125256673511295,379.0,33596.0,0.0,1.0,0.0,0.002678890344088582,1,150000,0,1,0,0,0,1,0,0
39.60848733744011,101.0,8978.0,0.0,0.0,0.0,0.0,1,100000,0,1,0,0,0,1,0,0
37.503080082135526,149.0,8792.0,20.0,26.0,0.20473157415832574,0.2661510464058235,1,25000,0,0,0,0,0,0,0,1
32.70362765229295,120.0,9409.0,7.0,7.0,0.0669571686682963,0.0669571686682963,1,500000,0,0,1,0,0,0,0,1
36.11225188227242,171.0,11569.0,9.0,5.0,0.07001469444204339,0.03889705246780188,1,300000,0,0,1,0,0,0,1,0
32.695414099931554,2.0,116.0,0.0,0.0,0.0,0.0,1,500000,1,0,0,0,0,1,0,0
34.2258726899384,119.0,9629.0,2.0,11.0,0.01869352996157441,0.10281441478865926,1,1000000,0,0,1,0,0,1,0,0
32.11772758384668,267.0,19126.0,8.0,8.0,0.037645090452786786,0.037645090452786786,1,5500000,0,0,1,0,0,0,0,1
30.2258726899384,18.0,1466.0,0.0,1.0,0.0,0.061391541609822645,1,200000,1,0,0,0,0,0,0,1
32.11772758384668,241.0,18426.0,18.0,29.0,0.08791924454575058,0.14164767176815368,1,5500000,0,0,1,0,0,0,0,1
32.61327857631759,91.0,6762.0,5.0,1.0,0.06654835847382432,0.01330967169476486,1,200000,1,0,0,0,0,0,0,1
28.78028747433265,12.0,712.0,0.0,0.0,0.0,0.0,1,500000,1,0,0,0,0,0,0,0
29.196440793976727,0.0,0.0,0.0,0.0,0.0,0.0,0,50000,0,0,0,0,0,0,1,0
33.399041752224505,89.0,5682.0,12.0,5.0,0.1900739176346357,0.0791974656810982,1,400000,0,0,0,0,0,0,0,1
38.10814510609172,295.0,17971.0,25.0,33.0,0.1252017138723499,0.16526626231150188,1,300000,0,0,1,0,0,0,0,0
35.011635865845314,33.0,2784.0,0.0,0.0,0.0,0.0,1,75000,1,0,0,0,0,0,1,0
36.18891170431211,38.0,2800.0,1.0,3.0,0.03214285714285714,0.09642857142857143,1,125000,1,0,0,0,0,0,1,0
34.16563997262149,94.0,7450.0,0.0,1.0,0.0,0.012080536912751677,1,10000,1,0,0,0,0,1,0,0
31.734428473648187,4.0,245.0,0.0,0.0,0.0,0.0,1,400000,0,0,0,0,0,1,0,0
30.10814510609172,9.0,548.0,2.0,0.0,0.3284671532846715,0.0,1,700000,0,0,0,0,0,0,1,0
34.234086242299796,102.0,6482.0,13.0,4.0,0.1804998457266276,0.05553841406973156,1,300000,1,0,0,0,0,0,0,0
36.06023271731691,46.0,3238.0,2.0,2.0,0.055589870290302656,0.055589870290302656,1,200000,0,0,1,0,0,0,1,0
39.61396303901437,199.0,9820.0,32.0,10.0,0.29327902240325865,0.09164969450101833,1,100000,0,0,0,0,0,0,1,0
36.99931553730322,9.0,100.0,0.0,0.0,0.0,0.0,1,50000,0,0,0,0,0,0,1,0
38.45311430527036,89.0,6572.0,8.0,10.0,0.10955569080949483,0.1369446135118685,1,50000,0,0,1,0,0,0,0,0
34.18754277891855,79.0,6426.0,0.0,5.0,0.0,0.0700280112044818,1,400000,1,0,0,0,1,0,0,0
33.44284736481862,62.0,5076.0,8.0,8.0,0.14184397163120568,0.14184397163120568,1,150000,0,0,0,0,0,0,0,0
35.98904859685147,37.0,3267.0,0.0,0.0,0.0,0.0,1,100000,0,1,0,0,0,0,0,0
37.322381930184804,137.0,12058.0,10.0,3.0,0.0746392436556643,0.022391773096699288,1,250000,1,0,0,0,1,0,0,0
37.73305954825462,62.0,4982.0,28.0,3.0,0.5058209554395825,0.054195102368526704,1,225000,0,0,0,0,1,0,0,0
36.73648186173853,140.0,11751.0,5.0,3.0,0.038294613224406436,0.02297676793464386,1,100000,1,0,0,0,0,0,1,0
36.082135523613964,57.0,4667.0,1.0,1.0,0.01928433683308335,0.01928433683308335,1,200000,1,0,0,0,0,0,1,0
35.17864476386037,34.0,1417.0,6.0,0.0,0.38108680310515175,0.0,1,100000,0,0,0,0,0,0,0,0
38.313483915126625,49.0,3568.0,5.0,7.0,0.12612107623318386,0.1765695067264574,1,150000,0,0,1,0,0,0,0,0
38.77891854893908,129.0,9514.0,6.0,6.0,0.0567584612150515,0.0567584612150515,1,25000,0,0,1,0,0,0,1,0
41.79329226557152,125.0,10030.0,40.0,12.0,0.35892323030907275,0.10767696909272183,1,10000,0,0,0,0,0,0,1,0
37.05681040383299,6.0,164.0,0.0,0.0,0.0,0.0,1,50000,0,0,1,0,0,0,1,0
35.40041067761807,7.0,572.0,0.0,0.0,0.0,0.0,1,50000,0,0,1,0,0,0,0,0
36.45722108145106,189.0,11955.0,10.0,9.0,0.07528230865746549,0.06775407779171895,1,150000,0,0,1,0,0,0,0,1
37.95208761122519,25.0,1066.0,4.0,1.0,0.33771106941838647,0.08442776735459662,1,100000,0,0,0,0,0,1,0,0
34.666666666666664,183.0,15150.0,22.0,51.0,0.1306930693069307,0.30297029702970296,1,800000,0,0,1,0,0,0,0,1
33.880903490759756,199.0,13412.0,18.0,28.0,0.1207873546078139,0.1878914405010438,1,250000,0,0,0,0,0,0,0,1
35.21149897330596,35.0,2451.0,0.0,0.0,0.0,0.0,1,200000,1,0,0,0,0,0,0,0
38.34907597535934,1.0,12.0,0.0,0.0,0.0,0.0,1,150000,0,1,0,0,1,0,0,0
34.66392881587954,8.0,220.0,0.0,0.0,0.0,0.0,1,250000,0,0,1,0,1,0,0,0
34.77891854893908,3.0,270.0,0.0,0.0,0.0,0.0,1,300000,0,1,0,0,1,0,0,0
38.17659137577002,106.0,9070.0,0.0,1.0,0.0,0.009922822491730982,1,250000,1,0,0,0,1,0,0,0
29.54962354551677,0.0,0.0,0.0,0.0,0.0,0.0,0,200000,0,0,0,0,1,0,0,0
33.177275838466805,5.0,20.0,0.0,0.0,0.0,0.0,1,150000,1,0,0,0,0,0,0,1
33.270362765229294,188.0,12372.0,52.0,21.0,0.3782735208535402,0.1527643064985451,1,800000,0,0,0,0,0,0,0,1
35.46338124572211,27.0,2114.0,1.0,1.0,0.04257332071901608,0.04257332071901608,1,100000,0,0,1,0,0,0,0,1
33.87268993839836,92.0,5272.0,7.0,12.0,0.11949924127465858,0.20485584218512898,1,125000,0,0,0,0,0,0,0,1
35.31006160164271,47.0,3089.0,1.0,3.0,0.029135642602784072,0.08740692780835221,1,200000,0,0,1,0,1,0,0,0
31.572895277207394,50.0,4234.0,1.0,3.0,0.021256495040151157,0.06376948512045348,1,400000,1,0,0,0,0,0,0,1
36.02464065708419,85.0,6318.0,0.0,4.0,0.0,0.05698005698005698,1,250000,1,0,0,0,0,0,0,1
30.625598904859686,40.0,1758.0,3.0,1.0,0.15358361774744028,0.051194539249146756,1,275000,0,0,0,0,0,0,0,1
35.1129363449692,98.0,7776.0,5.0,8.0,0.05787037037037037,0.0925925925925926,1,400000,1,0,0,0,0,0,0,1
36.58316221765914,34.0,2140.0,8.0,1.0,0.33644859813084116,0.042056074766355145,1,125000,0,0,0,0,0,0,0,1
35.00342231348392,24.0,1564.0,1.0,2.0,0.05754475703324809,0.11508951406649617,1,300000,1,0,0,0,0,1,0,0
33.01026694045174,109.0,8657.0,8.0,5.0,0.08316968926879982,0.05198105579299988,1,250000,1,0,0,0,0,0,0,1
28.57494866529774,128.0,8987.0,20.0,23.0,0.20028930677645487,0.23033270279292312,1,7500000,0,0,0,0,0,1,0,0
30.97056810403833,2.0,146.0,0.0,0.0,0.0,0.0,1,150000,0,0,1,0,0,0,0,1
37.327857631759066,175.0,14133.0,2.0,6.0,0.012736149437486735,0.0382084483124602,1,150000,1,0,0,0,0,1,0,0
31.175906913073238,39.0,1809.0,1.0,2.0,0.04975124378109452,0.09950248756218905,1,300000,0,0,1,0,0,1,0,0
38.17932922655715,26.0,2230.0,0.0,0.0,0.0,0.0,1,300000,0,1,0,0,0,0,0,1
37.52224503764545,155.0,11158.0,5.0,13.0,0.04032980820935651,0.10485750134432693,1,500000,0,0,1,0,0,1,0,0
35.337440109514034,0.0,0.0,0.0,0.0,0.0,0.0,0,125000,0,0,1,0,0,0,0,1
30.90759753593429,6.0,251.0,0.0,1.0,0.0,0.0,1,300000,0,0,1,0,0,0,0,1
35.1047227926078,319.0,24325.0,36.0,26.0,0.13319630010277492,0.0961973278520041,1,1000000,0,0,1,0,0,1,0,0
31.43874058863792,14.0,561.0,0.0,1.0,0.0,0.16042780748663102,1,250000,0,0,0,0,0,0,0,1
28.941820670773442,0.0,0.0,0.0,0.0,0.0,0.0,0,100000,0,0,1,0,0,1,0,0
34.42299794661191,511.0,40262.0,38.0,104.0,0.08494361929362675,0.23247727385624162,1,10000000,0,0,1,0,0,0,0,0
30.26420260095825,79.0,3571.0,1.0,3.0,0.025203024362923553,0.07560907308877066,1,600000,0,0,1,0,0,0,0,1
36.02464065708419,0.0,0.0,0.0,0.0,0.0,0.0,0,150000,0,0,1,0,0,0,1,0
33.776865160848736,304.0,24053.0,13.0,5.0,0.04864258096703114,0.01870868498731967,1,1300000,1,0,0,0,0,0,1,0
36.82956878850103,95.0,7454.0,11.0,14.0,0.1328145961899651,0.16903675878722835,1,75000,0,0,1,0,0,0,0,1
37.27310061601643,250.0,21939.0,29.0,13.0,0.11896622453165595,0.053329686859018184,1,250000,1,0,0,0,1,0,0,0
41.8590006844627,2.0,135.0,0.0,0.0,0.0,0.0,1,250000,0,1,0,0,0,1,0,0
37.70294318959617,14.0,1234.0,0.0,0.0,0.0,0.0,1,100000,0,1,0,0,0,0,0,1
34.97604380561259,267.0,19832.0,2.0,22.0,0.009076240419524002,0.09983864461476401,1,600000,1,0,0,0,0,0,0,0
37.83983572895277,33.0,2882.0,2.0,0.0,0.062456627342123525,0.0,1,250000,1,0,0,0,0,0,0,0
31.00889801505818,63.0,4822.0,2.0,3.0,0.03732890916632103,0.055993363749481544,1,500000,1,0,0,0,0,1,0,0
35.75633127994524,83.0,6186.0,4.0,2.0,0.05819592628516004,0.02909796314258002,1,100000,1,0,0,0,0,0,0,1
33.29226557152635,349.0,16994.0,46.0,54.0,0.24361539366835352,0.2859832882193715,1,1000000,0,0,0,0,0,0,0,1
36.23271731690623,30.0,2715.0,0.0,1.0,0.0,0.03314917127071823,1,75000,0,1,0,0,0,0,0,1
38.072553045859,335.0,29678.0,12.0,2.0,0.03639059235797561,0.006065098726329267,1,300000,1,0,0,0,0,0,1,0
36.50376454483231,28.0,2299.0,4.0,2.0,0.156589821661592,0.078294910830796,1,150000,0,0,0,0,0,0,0,1
37.02395619438741,28.0,2196.0,1.0,4.0,0.040983606557377046,0.16393442622950818,1,50000,1,0,0,0,0,0,1,0
36.14784394250513,202.0,18192.0,0.0,2.0,0.0,0.009894459102902375,1,500000,0,1,0,0,0,1,0,0
31.20602327173169,8.0,465.0,0.0,2.0,0.0,0.3870967741935484,1,100000,0,0,1,0,0,1,0,0
33.23203285420944,17.0,1225.0,0.0,0.0,0.0,0.0,1,500000,0,0,1,0,0,1,0,0
33.779603011635864,37.0,2817.0,0.0,2.0,0.0,0.06389776357827476,1,250000,1,0,0,0,0,0,0,1
36.99931553730322,225.0,16933.0,10.0,27.0,0.05315065257190102,0.14350676194413275,1,300000,0,0,1,0,0,0,1,0
28.517453798767967,2.0,93.0,0.0,0.0,0.0,0.0,1,250000,0,0,1,0,0,1,0,0
33.960301163586585,12.0,305.0,1.0,0.0,0.29508196721311475,0.0,1,100000,0,0,0,0,1,0,0,0
36.238193018480494,11.0,893.0,1.0,0.0,0.10078387458006718,0.0,1,25000,0,0,0,0,0,0,1,0
38.18480492813142,219.0,19303.0,9.0,5.0,0.041962389265917215,0.023312438481065116,1,250000,1,0,0,0,0,0,1,0
34.90759753593429,123.0,9579.0,1.0,9.0,0.009395552771688067,0.08455997494519261,1,250000,1,0,0,0,0,0,1,0
33.530458590006845,60.0,5281.0,2.0,0.0,0.03408445370195039,0.0,1,200000,1,0,0,0,1,0,0,0
37.1170431211499,104.0,3998.0,5.0,3.0,0.11255627813906953,0.06753376688344172,1,25000,0,0,1,0,0,0,1,0
36.18069815195072,13.0,1170.0,0.0,0.0,0.0,0.0,1,250000,0,1,0,0,1,0,0,0
30.704996577686515,97.0,7333.0,0.0,5.0,0.0,0.06136642574662484,1,3200000,0,0,1,0,0,1,0,0
31.38945927446954,10.0,742.0,0.0,0.0,0.0,0.0,1,250000,1,0,0,0,0,1,0,0
34.17659137577002,4.0,127.0,1.0,0.0,0.0,0.0,1,450000,0,0,0,0,0,1,0,0
35.559206023271734,31.0,1152.0,1.0,1.0,0.078125,0.078125,1,50000,0,0,0,0,0,0,0,0
35.71252566735113,224.0,17176.0,9.0,27.0,0.047158826269212854,0.14147647880763856,1,1800000,1,0,0,0,0,1,0,0
38.01505817932922,368.0,27683.0,31.0,21.0,0.10078387458006718,0.06827294729617456,1,600000,1,0,0,0,0,0,1,0
33.57700205338809,67.0,5799.0,4.0,2.0,0.062079668908432487,0.031039834454216243,1,750000,1,0,0,0,1,0,0,0
34.261464750171115,304.0,17898.0,75.0,48.0,0.3771371102916527,0.24136775058665774,1,1000000,0,0,0,0,0,1,0,0
38.85557837097878,6.0,433.0,1.0,0.0,0.20785219399538105,0.0,1,25000,1,0,0,0,1,0,0,0
31.41409993155373,44.0,1596.0,0.0,4.0,0.0,0.22556390977443608,1,300000,1,0,0,0,0,0,0,1
33.29226557152635,1.0,90.0,0.0,0.0,0.0,0.0,1,500000,0,1,0,0,0,1,0,0
35.56194387405886,46.0,2419.0,7.0,6.0,0.260438197602315,0.2232327408019843,1,1000000,0,0,0,0,0,0,1,0
36.25462012320329,122.0,10835.0,0.0,0.0,0.0,0.0,1,200000,0,1,0,0,1,0,0,0
32.668035592060235,17.0,1033.0,1.0,1.0,0.08712487899322362,0.08712487899322362,1,350000,1,0,0,0,0,1,0,0
30.562628336755647,24.0,1527.0,5.0,2.0,0.29469548133595286,0.11787819253438114,1,500000,0,0,0,0,0,1,0,0
35.20876112251882,46.0,2957.0,1.0,3.0,0.03043625295908015,0.09130875887724044,1,325000,0,0,1,0,1,0,0,0
38.455852156057496,210.0,18745.0,1.0,0.0,0.00480128034142438,0.0,1,200000,0,1,0,0,0,1,0,0
33.190965092402465,48.0,3705.0,1.0,3.0,0.024291497975708502,0.0728744939271255,1,250000,1,0,0,0,1,0,0,0
28.813141683778234,2.0,53.0,0.0,0.0,0.0,0.0,1,250000,0,0,0,0,1,0,0,0
32.511978097193705,79.0,5861.0,0.0,1.0,0.0,0.015355741341068077,1,500000,1,0,0,0,1,0,0,0
35.58384668035592,355.0,25797.0,36.0,29.0,0.12559599953482964,0.10117455518083497,1,500000,0,0,1,0,0,0,1,0
37.451060917180016,59.0,5128.0,0.0,0.0,0.0,0.0,1,200000,0,1,0,0,1,0,0,0
42.48049281314169,97.0,6805.0,15.0,11.0,0.19838354151359294,0.1454812637766348,1,250000,0,0,1,0,1,0,0,0
30.850102669404517,10.0,192.0,0.0,1.0,0.0,0.0,1,2000000,0,0,1,0,1,0,0,0
31.247091033538673,100.0,7484.0,1.0,0.0,0.01202565473009086,0.0,1,1000000,1,0,0,0,1,0,0,0
36.16153319644079,36.0,1870.0,5.0,2.0,0.24064171122994651,0.0962566844919786,1,200000,0,0,0,0,0,1,0,0
33.28405201916495,46.0,3471.0,5.0,4.0,0.12964563526361278,0.10371650821089023,1,500000,1,0,0,0,1,0,0,0
38.32443531827516,2.0,152.0,0.0,0.0,0.0,0.0,1,50000,0,1,0,0,1,0,0,0
35.2498288843258,1.0,12.0,0.0,0.0,0.0,0.0,1,50000,0,0,0,1,0,0,0,1
40.134154688569474,82.0,7253.0,0.0,0.0,0.0,0.0,1,100000,0,1,0,0,0,1,0,0
36.0766598220397,12.0,971.0,0.0,1.0,0.0,0.09268795056642636,1,100000,1,0,0,0,1,0,0,0
37.347022587268995,223.0,18313.0,10.0,6.0,0.049145415824823895,0.029487249494894334,1,400000,1,0,0,0,0,0,1,0
38.25051334702259,65.0,5003.0,1.0,2.0,0.017989206476114333,0.035978412952228665,1,25000,1,0,0,0,0,0,1,0
35.4798083504449,21.0,1618.0,4.0,1.0,0.22249690976514214,0.055624227441285534,1,100000,0,0,1,0,0,0,0,1
36.07118412046543,142.0,10457.0,7.0,3.0,0.06024672468203117,0.02582002486372765,1,150000,1,0,0,0,0,0,1,0
35.99452429842574,382.0,31662.0,19.0,6.0,0.05400795906765207,0.017055144968732235,1,700000,1,0,0,0,0,0,0,0
35.1047227926078,4.0,280.0,0.0,0.0,0.0,0.0,1,150000,0,1,0,0,0,0,1,0
35.39219712525667,138.0,11603.0,5.0,2.0,0.038783073343100924,0.01551322933724037,1,200000,1,0,0,0,0,0,1,0
31.88227241615332,0.0,0.0,0.0,0.0,0.0,0.0,0,50000,0,0,0,0,0,0,1,0
35.80561259411362,1.0,2.0,0.0,0.0,0.0,0.0,1,75000,1,0,0,0,0,1,0,0
33.10335386721424,18.0,1578.0,2.0,0.0,0.11406844106463877,0.0,1,400000,1,0,0,0,1,0,0,0
41.607118412046546,288.0,25695.0,0.0,0.0,0.0,0.0,1,300000,0,1,0,0,0,0,0,0
34.76249144421629,160.0,11912.0,21.0,12.0,0.15866353257219612,0.09066487575554062,1,300000,0,0,1,0,0,1,0,0
34.40930869267625,28.0,1127.0,2.0,0.0,0.15971606033717836,0.0,1,200000,0,0,0,0,1,0,0,0
36.37234770704997,48.0,4100.0,0.0,0.0,0.0,0.0,1,200000,1,0,0,0,1,0,0,0
32.388774811772755,28.0,1330.0,1.0,1.0,0.06766917293233084,0.06766917293233084,1,300000,1,0,0,0,0,0,0,1
34.234086242299796,3.0,270.0,0.0,0.0,0.0,0.0,1,50000,0,1,0,0,0,0,1,0
32.539356605065024,3.0,270.0,0.0,0.0,0.0,0.0,1,400000,1,0,0,0,0,1,0,0
37.01026694045174,11.0,299.0,1.0,0.0,0.3010033444816054,0.0,1,50000,0,0,0,0,0,0,0,0
35.0362765229295,261.0,18824.0,92.0,32.0,0.439864003399915,0.1529961750956226,1,800000,0,0,0,0,0,0,1,0
32.747433264887064,60.0,2447.0,8.0,3.0,0.29423784225582345,0.1103391908459338,1,250000,0,0,0,0,0,0,0,1
37.908281998631075,464.0,28551.0,110.0,50.0,0.34674792476620786,0.15761269307554904,1,1500000,0,0,0,0,0,0,0,0
35.45242984257358,68.0,5023.0,2.0,3.0,0.03583515827194903,0.05375273740792356,1,25000,1,0,0,0,0,1,0,0
34.63381245722108,75.0,6530.0,2.0,2.0,0.027565084226646247,0.027565084226646247,1,725000,1,0,0,0,0,1,0,0
36.41889117043121,25.0,1367.0,2.0,6.0,0.13167520117044623,0.3950256035113387,1,50000,0,0,0,0,1,0,0,0
32.24640657084189,29.0,1248.0,2.0,1.0,0.14423076923076922,0.07211538461538461,1,350000,0,0,1,0,0,0,0,1
35.46885694729637,275.0,19102.0,8.0,10.0,0.03769238823159879,0.04711548528949848,1,400000,0,0,1,0,0,0,0,1
31.76454483230664,78.0,3807.0,5.0,9.0,0.1182033096926714,0.2127659574468085,1,1000000,0,0,1,0,0,1,0,0
38.04791238877481,323.0,20484.0,102.0,55.0,0.44815465729349735,0.2416520210896309,1,500000,0,0,0,0,0,0,0,0
36.06570841889117,22.0,1494.0,1.0,0.0,0.060240963855421686,0.0,1,200000,0,0,1,0,0,0,1,0
33.90280629705681,40.0,1966.0,5.0,6.0,0.2288911495422177,0.2746693794506612,1,150000,0,0,0,0,0,1,0,0
37.39356605065024,476.0,37914.0,40.0,24.0,0.09495173286912487,0.05697103972147492,1,1200000,0,0,1,0,0,0,0,0
33.59890485968515,135.0,10501.0,28.0,27.0,0.2399771450338063,0.23140653271117034,1,275000,0,0,0,0,0,0,0,1
33.68104038329911,4.0,79.0,1.0,0.0,0.0,0.0,1,600000,0,0,0,0,0,1,0,0
34.379192334017795,241.0,19296.0,6.0,24.0,0.027985074626865673,0.11194029850746269,1,500000,1,0,0,0,0,0,0,1
37.765913757700204,78.0,5734.0,2.0,5.0,0.03139169863969306,0.07847924659923265,1,75000,1,0,0,0,0,0,0,1
35.885010266940455,15.0,575.0,0.0,0.0,0.0,0.0,1,100000,0,0,1,0,0,0,0,1
35.43874058863792,26.0,1056.0,1.0,1.0,0.08522727272727273,0.08522727272727273,1,250000,0,0,0,0,0,1,0,0
35.526351813826146,69.0,4676.0,12.0,4.0,0.2309666381522669,0.07698887938408897,1,200000,0,0,0,0,0,1,0,0
31.88501026694045,12.0,691.0,0.0,0.0,0.0,0.0,1,300000,0,0,1,0,0,0,0,0
36.17522245037645,30.0,2541.0,0.0,1.0,0.0,0.03541912632821723,1,100000,0,1,0,0,0,0,0,0
39.92881587953457,87.0,7860.0,0.0,0.0,0.0,0.0,1,500000,0,1,0,0,0,0,1,0
34.57084188911704,31.0,2750.0,1.0,0.0,0.03272727272727272,0.0,1,75000,0,0,1,0,0,0,0,1
34.91854893908282,26.0,1993.0,0.0,0.0,0.0,0.0,1,100000,1,0,0,0,0,0,0,0
32.79123887748118,27.0,1952.0,0.0,0.0,0.0,0.0,1,400000,0,0,1,0,0,0,0,0
37.426420260095824,409.0,30563.0,69.0,120.0,0.20318685992867191,0.3533684520498642,1,4000000,0,0,1,0,0,0,0,0
35.337440109514034,17.0,618.0,3.0,0.0,0.4368932038834951,0.0,1,50000,0,0,0,0,0,0,0,0
37.53319644079398,67.0,5718.0,0.0,0.0,0.0,0.0,1,100000,0,1,0,0,0,0,0,0
40.07939767282683,139.0,10821.0,5.0,12.0,0.04158580537843083,0.09980593290823399,1,150000,0,0,1,0,0,0,1,0
35.121149897330596,128.0,9141.0,2.0,4.0,0.019691499835904167,0.03938299967180833,1,500000,0,0,1,0,0,0,0,0
38.23134839151266,108.0,7217.0,20.0,11.0,0.24941111265068588,0.13717611195787724,1,50000,0,0,0,0,0,0,0,0
38.33538672142368,20.0,1800.0,0.0,0.0,0.0,0.0,1,50000,0,1,0,0,0,0,0,0
31.43600273785079,12.0,964.0,0.0,2.0,0.0,0.18672199170124482,1,800000,1,0,0,0,0,0,0,0
35.54551676933607,69.0,5676.0,1.0,2.0,0.015856236786469344,0.03171247357293869,1,100000,1,0,0,0,0,0,0,0
37.68104038329911,116.0,9531.0,4.0,1.0,0.03777148253068933,0.009442870632672332,1,100000,1,0,0,0,0,0,0,0
30.89664613278576,79.0,5268.0,12.0,4.0,0.20501138952164008,0.0683371298405467,1,2000000,0,0,0,0,0,0,0,0
37.33607118412046,256.0,11947.0,61.0,22.0,0.45952958901816354,0.16573198292458358,1,300000,0,0,0,0,0,0,1,0
31.430527036276523,54.0,3982.0,2.0,8.0,0.04520341536916123,0.18081366147664493,1,800000,1,0,0,0,0,1,0,0
35.2498288843258,1.0,90.0,0.0,0.0,0.0,0.0,1,300000,1,0,0,0,0,1,0,0
34.85831622176591,53.0,4299.0,1.0,0.0,0.0209351011863224,0.0,1,200000,1,0,0,0,0,0,0,0
31.72895277207392,50.0,2472.0,3.0,0.0,0.10922330097087378,0.0,1,50000,0,0,0,0,0,0,1,0
37.19644079397673,3.0,142.0,0.0,0.0,0.0,0.0,1,125000,0,0,0,0,0,0,1,0
36.145106091718,52.0,4328.0,1.0,3.0,0.020794824399260628,0.062384473197781884,1,100000,1,0,0,0,0,0,1,0
36.290212183436005,28.0,1413.0,2.0,0.0,0.12738853503184713,0.0,1,150000,0,0,0,0,0,0,1,0
36.07939767282683,211.0,16383.0,10.0,9.0,0.054934993590917414,0.04944149423182567,1,300000,0,0,1,0,0,0,1,0
29.796030116358658,29.0,1375.0,4.0,2.0,0.2618181818181818,0.1309090909090909,1,1000000,0,0,0,0,1,0,0,0
34.47501711156742,213.0,15345.0,61.0,36.0,0.35777126099706746,0.21114369501466276,1,2500000,0,0,0,0,0,0,0,0
39.148528405201915,6.0,219.0,1.0,1.0,0.0,0.0,1,25000,0,0,1,0,0,0,1,0
30.78713210130048,45.0,2136.0,4.0,3.0,0.16853932584269662,0.12640449438202248,1,250000,0,0,0,0,0,0,0,1
35.175906913073234,7.0,179.0,0.0,0.0,0.0,0.0,1,100000,0,0,0,0,0,0,1,0
37.35523613963039,446.0,40022.0,0.0,0.0,0.0,0.0,1,800000,0,1,0,0,0,0,1,0
34.496919917864474,275.0,23962.0,18.0,4.0,0.06760704448710458,0.015023787663801018,1,1000000,1,0,0,0,0,0,0,0
32.114989733059545,80.0,4724.0,1.0,4.0,0.019051651143099067,0.07620660457239627,1,500000,1,0,0,0,1,0,0,0
35.58658453114305,332.0,27321.0,114.0,94.0,0.3755353025145492,0.30965191610848797,1,500000,0,0,0,0,0,0,0,1
36.38603696098563,129.0,8888.0,24.0,21.0,0.24302430243024303,0.21264626462646266,1,300000,0,0,0,0,0,0,0,1
36.16153319644079,33.0,2601.0,1.0,5.0,0.03460207612456748,0.17301038062283738,1,125000,0,0,1,0,0,0,0,1
35.304585900068446,90.0,5034.0,17.0,4.0,0.3039332538736591,0.07151370679380215,1,900000,0,0,0,0,0,0,0,1
35.1129363449692,113.0,8964.0,1.0,2.0,0.010040160642570281,0.020080321285140562,1,150000,1,0,0,0,0,1,0,0
28.410677618069816,7.0,291.0,1.0,1.0,0.30927835051546393,0.30927835051546393,1,250000,0,0,0,0,1,0,0,0
32.988364134154686,99.0,7876.0,4.0,0.0,0.0457084814626714,0.0,1,500000,1,0,0,0,0,0,1,0
35.41683778234086,290.0,16943.0,89.0,26.0,0.4727616124653249,0.13811013397863423,1,300000,0,0,0,0,0,0,1,0
36.44900752908966,162.0,10078.0,33.0,15.0,0.2947013296288946,0.13395514983131573,1,300000,0,0,1,0,1,0,0,0
35.83572895277207,183.0,14367.0,11.0,38.0,0.06890791396951347,0.23804552098559198,1,350000,0,0,1,0,0,1,0,0
37.29226557152635,347.0,29616.0,30.0,21.0,0.09116693679092382,0.06381685575364668,1,500000,1,0,0,0,0,1,0,0
38.362765229295,4.0,146.0,1.0,0.0,0.0,0.0,1,50000,0,0,0,0,0,1,0,0
36.85420944558521,143.0,11873.0,3.0,7.0,0.022740672113198013,0.053061568264128695,1,1000000,1,0,0,0,0,1,0,0
34.26967830253251,119.0,9966.0,3.0,5.0,0.027092113184828417,0.04515352197471403,1,250000,1,0,0,0,0,1,0,0
35.59753593429158,16.0,1356.0,0.0,0.0,0.0,0.0,1,200000,0,1,0,0,0,0,0,1
34.92128678986995,9.0,257.0,0.0,0.0,0.0,0.0,1,50000,1,0,0,0,1,0,0,0
32.83504449007529,76.0,5926.0,3.0,12.0,0.04556193047586905,0.1822477219034762,1,150000,1,0,0,0,0,0,0,1
33.01848049281314,73.0,4081.0,7.0,7.0,0.15437392795883362,0.15437392795883362,1,800000,0,0,0,0,0,1,0,0
33.360711841204655,164.0,9161.0,17.0,11.0,0.1670123348979369,0.10806680493395918,1,350000,0,0,0,0,0,1,0,0
32.67624914442163,2.0,29.0,0.0,0.0,0.0,0.0,1,250000,0,0,1,0,0,0,0,1
31.15400410677618,15.0,654.0,0.0,0.0,0.0,0.0,1,300000,0,0,1,0,0,0,1,0
31.37577002053388,111.0,8548.0,20.0,14.0,0.21057557323350493,0.14740290126345343,1,1000000,0,0,0,0,0,1,0,0
33.81245722108145,14.0,1178.0,1.0,0.0,0.07640067911714771,0.0,1,300000,1,0,0,0,0,1,0,0
33.36892539356605,140.0,9471.0,16.0,13.0,0.15204307887234716,0.12353500158378207,1,400000,0,0,1,0,0,1,0,0
36.95003422313484,246.0,19169.0,6.0,15.0,0.028170483593301685,0.0704262089832542,1,50000,0,0,1,0,0,0,1,0
36.355920602327174,295.0,16254.0,49.0,31.0,0.2713178294573643,0.1716500553709856,1,250000,0,0,0,0,0,1,0,0
36.2984257357974,161.0,11225.0,8.0,3.0,0.06414253897550111,0.024053452115812918,1,300000,1,0,0,0,0,0,0,0
35.34017796030116,79.0,4166.0,8.0,4.0,0.17282765242438788,0.08641382621219394,1,200000,0,0,0,0,0,0,0,0
36.380561259411365,230.0,20639.0,0.0,0.0,0.0,0.0,1,500000,0,1,0,0,0,0,0,0
32.369609856262834,15.0,1063.0,0.0,0.0,0.0,0.0,1,200000,1,0,0,0,0,0,1,0
37.0321697467488,202.0,12694.0,58.0,27.0,0.4112178982196313,0.19142902158500077,1,200000,0,0,0,0,0,0,1,0
34.888432580424364,156.0,12980.0,0.0,7.0,0.0,0.0485362095531587,1,300000,1,0,0,0,0,1,0,0
26.704996577686515,11.0,748.0,0.0,0.0,0.0,0.0,1,1000000,1,0,0,0,1,0,0,0
31.260780287474333,141.0,8179.0,43.0,9.0,0.4731629783592126,0.09903411174960264,1,1000000,0,0,0,0,0,0,0,0
29.741273100616016,2.0,96.0,1.0,0.0,0.0,0.0,1,300000,0,0,1,0,1,0,0,0
31.750855578370977,19.0,1172.0,2.0,1.0,0.15358361774744028,0.07679180887372014,1,400000,0,0,0,0,1,0,0,0
33.79876796714579,172.0,14614.0,6.0,6.0,0.03695086902969755,0.03695086902969755,1,600000,1,0,0,0,0,1,0,0
33.89185489390828,33.0,2072.0,9.0,6.0,0.3909266409266409,0.2606177606177606,1,700000,0,0,0,0,0,0,0,0
34.84462696783025,4.0,227.0,0.0,0.0,0.0,0.0,1,50000,0,1,0,0,0,0,1,0
38.64476386036961,45.0,3692.0,0.0,0.0,0.0,0.0,1,10000,1,0,0,0,0,0,1,0
34.64476386036961,173.0,14172.0,7.0,4.0,0.044453852667231154,0.02540220152413209,1,150000,1,0,0,0,0,0,0,0
30.639288158795345,1.0,45.0,0.0,0.0,0.0,0.0,1,175000,0,0,1,0,0,0,1,0
36.00547570157426,154.0,13815.0,0.0,0.0,0.0,0.0,1,200000,0,1,0,0,1,0,0,0
34.12183436002738,27.0,844.0,1.0,1.0,0.1066350710900474,0.1066350710900474,1,175000,0,0,0,0,0,0,0,1
35.134839151266256,293.0,14158.0,65.0,23.0,0.4131939539482978,0.14620709139708998,1,400000,0,0,0,0,0,0,1,0
33.18275154004107,63.0,5265.0,0.0,1.0,0.0,0.017094017094017092,1,150000,1,0,0,0,1,0,0,0
30.99247091033539,7.0,274.0,0.0,1.0,0.0,0.3284671532846715,1,250000,0,0,0,0,1,0,0,0
31.942505133470227,6.0,295.0,0.0,0.0,0.0,0.0,1,75000,0,0,0,0,0,0,1,0
34.96235455167693,71.0,5500.0,2.0,0.0,0.03272727272727272,0.0,1,300000,1,0,0,0,0,0,0,0
32.87063655030801,2.0,180.0,0.0,0.0,0.0,0.0,1,250000,0,0,0,0,0,1,0,0
33.880903490759756,22.0,1826.0,0.0,0.0,0.0,0.0,1,200000,0,1,0,0,0,0,0,0
35.17043121149897,215.0,12258.0,22.0,17.0,0.16152716593245228,0.12481644640234948,1,500000,0,0,0,0,0,0,0,0
36.50376454483231,144.0,8510.0,8.0,31.0,0.0846063454759107,0.32784958871915393,1,125000,0,0,1,0,0,0,1,0
32.48186173853525,88.0,5453.0,1.0,13.0,0.01650467632495874,0.2145607922244636,1,500000,1,0,0,0,0,1,0,0
34.39561943874059,5.0,387.0,0.0,0.0,0.0,0.0,1,300000,1,0,0,0,1,0,0,0
33.95208761122519,162.0,12928.0,10.0,4.0,0.06961633663366337,0.027846534653465347,1,200000,1,0,0,0,0,0,1,0
36.47091033538672,26.0,1957.0,0.0,0.0,0.0,0.0,1,200000,1,0,0,0,0,1,0,0
35.41683778234086,35.0,3017.0,0.0,0.0,0.0,0.0,1,75000,1,0,0,0,0,0,0,1
28.566735112936346,1.0,90.0,0.0,0.0,0.0,0.0,1,300000,1,0,0,0,0,0,0,0
36.720054757015745,163.0,13024.0,2.0,1.0,0.01382063882063882,0.00691031941031941,1,100000,1,0,0,0,0,1,0,0
37.78781656399726,665.0,54203.0,528.0,122.0,0.8767042414626496,0.20257181336826374,1,7000000,0,0,0,0,0,0,0,0
33.31143052703628,36.0,2884.0,0.0,0.0,0.0,0.0,1,250000,1,0,0,0,0,0,0,1
34.30527036276523,113.0,9143.0,1.0,2.0,0.009843596193809472,0.019687192387618943,1,100000,1,0,0,0,0,0,0,0
31.085557837097877,49.0,2971.0,2.0,0.0,0.060585661393470214,0.0,1,475000,0,0,1,0,0,1,0,0
35.775496235455165,372.0,26622.0,58.0,57.0,0.19607843137254904,0.19269776876267747,1,400000,0,0,0,0,0,0,0,1
34.25325119780972,83.0,4690.0,5.0,4.0,0.09594882729211088,0.07675906183368869,1,125000,0,0,1,0,0,0,0,1
32.33127994524298,118.0,7986.0,1.0,8.0,0.011269722013523666,0.09015777610818933,1,300000,0,0,1,0,0,0,0,1
27.129363449691994,13.0,1034.0,0.0,0.0,0.0,0.0,1,500000,1,0,0,0,1,0,0,0
35.15674195756331,10.0,182.0,0.0,0.0,0.0,0.0,1,100000,0,0,0,0,1,0,0,0
36.36413415468857,1.0,90.0,0.0,0.0,0.0,0.0,1,100000,0,1,0,0,0,0,1,0
36.941820670773446,24.0,1566.0,0.0,0.0,0.0,0.0,1,100000,1,0,0,0,0,0,1,0
36.31759069130732,129.0,10538.0,0.0,3.0,0.0,0.02562156006832416,1,100000,1,0,0,0,0,0,1,0
38.0807665982204,93.0,5306.0,12.0,10.0,0.20354315868827744,0.16961929890689786,1,175000,0,0,0,0,0,0,1,0
35.30732375085558,22.0,944.0,2.0,1.0,0.1906779661016949,0.09533898305084745,1,200000,0,0,1,0,0,0,1,0
29.971252566735114,168.0,9439.0,19.0,19.0,0.1811632588197902,0.1811632588197902,1,1400000,0,0,0,0,0,0,1,0
36.14236824093087,0.0,0.0,0.0,0.0,0.0,0.0,0,75000,0,0,0,0,0,0,1,0
38.954140999315534,3.0,220.0,1.0,0.0,0.0,0.0,1,10000,0,0,0,0,0,0,1,0
33.007529089664615,13.0,419.0,1.0,0.0,0.21479713603818618,0.0,1,500000,0,0,1,0,0,0,0,0
32.824093086926766,76.0,5999.0,4.0,1.0,0.06001000166694449,0.015002500416736123,1,300000,1,0,0,0,0,0,1,0
33.9958932238193,18.0,1197.0,0.0,1.0,0.0,0.07518796992481203,1,400000,0,0,1,0,0,0,0,0
33.45379876796714,7.0,630.0,0.0,0.0,0.0,0.0,1,150000,0,1,0,0,0,0,0,0
37.073237508555785,76.0,4599.0,11.0,8.0,0.21526418786692758,0.15655577299412915,1,200000,0,0,1,0,0,1,0,0
34.732375085557834,254.0,22559.0,0.0,0.0,0.0,0.0,1,400000,0,1,0,0,0,0,0,1
33.53867214236824,183.0,12357.0,7.0,15.0,0.05098324836125273,0.10924981791697014,1,500000,0,0,1,0,0,0,0,1
36.12594113620808,60.0,5244.0,0.0,1.0,0.0,0.017162471395881007,1,200000,0,1,0,0,0,1,0,0
30.76249144421629,28.0,2100.0,2.0,1.0,0.08571428571428572,0.04285714285714286,1,500000,1,0,0,0,1,0,0,0
39.553730321697465,22.0,1731.0,0.0,0.0,0.0,0.0,1,50000,1,0,0,0,0,0,0,0
34.93771389459275,135.0,9843.0,22.0,35.0,0.20115818348064612,0.32002438281011886,1,500000,0,0,1,0,0,0,1,0
33.204654346338124,173.0,13950.0,1.0,2.0,0.0064516129032258064,0.012903225806451613,1,500000,1,0,0,0,0,0,0,1
40.33127994524298,301.0,21228.0,78.0,48.0,0.3306953080836631,0.2035048049745619,1,300000,0,0,0,0,0,0,1,0
35.29911019849418,245.0,12941.0,52.0,25.0,0.3616412951085696,0.1738660072637354,1,200000,0,0,0,0,0,0,0,1
30.62012320328542,10.0,771.0,1.0,2.0,0.11673151750972763,0.23346303501945526,1,750000,1,0,0,0,1,0,0,0
35.82203969883641,28.0,2471.0,0.0,0.0,0.0,0.0,1,150000,0,1,0,0,0,0,1,0
35.167693360711844,168.0,11637.0,10.0,12.0,0.07733952049497293,0.09280742459396753,1,300000,0,0,1,0,0,0,0,0
34.913073237508556,378.0,27636.0,188.0,54.0,0.6122448979591837,0.17585757707338254,1,1000000,0,0,0,0,0,0,1,0
37.83709787816564,57.0,4915.0,0.0,1.0,0.0,0.018311291963377416,1,200000,1,0,0,0,1,0,0,0
33.097878165639976,65.0,4102.0,16.0,8.0,0.3510482691370063,0.17552413456850316,1,200000,0,0,0,0,0,0,0,1
40.36139630390144,341.0,27669.0,4.0,9.0,0.013010950883660412,0.029274639488235932,1,500000,1,0,0,0,0,0,0,1
35.383983572895275,51.0,4589.0,0.0,0.0,0.0,0.0,1,150000,0,1,0,0,0,0,0,1
34.026009582477755,103.0,5842.0,9.0,6.0,0.13865114686751112,0.09243409791167409,1,300000,0,0,1,0,0,1,0,0
33.96577686516085,85.0,5733.0,32.0,11.0,0.5023547880690737,0.1726844583987441,1,300000,0,0,0,0,0,1,0,0
33.31416837782341,333.0,23621.0,146.0,84.0,0.5562846619533466,0.32005418906904876,1,2000000,0,0,0,0,0,0,0,0
35.50444900752909,177.0,12599.0,40.0,25.0,0.2857369632510517,0.17858560203190732,1,200000,0,0,1,0,0,0,0,1
38.94866529774127,151.0,13590.0,0.0,1.0,0.0,0.006622516556291391,1,100000,0,1,0,0,0,1,0,0
31.630390143737166,33.0,2901.0,0.0,1.0,0.0,0.031023784901758014,1,400000,1,0,0,0,0,1,0,0
29.607118412046542,109.0,6083.0,19.0,16.0,0.2811112937695216,0.23672530001643927,1,1000000,0,0,0,0,0,1,0,0
35.592060232717316,208.0,13575.0,32.0,20.0,0.21215469613259666,0.13259668508287292,1,1000000,0,0,1,0,0,1,0,0
33.74127310061601,40.0,2121.0,1.0,3.0,0.042432814710042434,0.1272984441301273,1,75000,0,0,1,0,0,0,1,0
35.26078028747433,1.0,6.0,0.0,0.0,0.0,0.0,1,250000,0,0,1,0,0,1,0,0
32.435318275154,107.0,8324.0,2.0,5.0,0.021624219125420473,0.054060547813551185,1,150000,1,0,0,0,0,0,0,1
36.50102669404517,493.0,39827.0,32.0,27.0,0.07231275265523389,0.06101388505285359,1,2000000,1,0,0,0,0,0,1,0
31.71252566735113,93.0,8364.0,0.0,0.0,0.0,0.0,1,600000,0,1,0,0,0,0,0,1
32.3586584531143,157.0,8976.0,45.0,14.0,0.45120320855614976,0.14037433155080214,1,1600000,0,0,0,0,0,0,0,1
32.79671457905544,31.0,1623.0,7.0,2.0,0.38817005545286504,0.11090573012939002,1,300000,0,0,0,0,0,0,0,0
33.295003422313485,136.0,10945.0,0.0,12.0,0.0,0.09867519415258108,1,1000000,1,0,0,0,0,0,1,0
35.219712525667354,66.0,4932.0,4.0,5.0,0.07299270072992702,0.09124087591240876,1,275000,0,0,1,0,0,0,1,0
33.782340862423,3.0,176.0,0.0,0.0,0.0,0.0,1,50000,1,0,0,0,0,0,1,0
34.48596851471595,126.0,8357.0,6.0,9.0,0.06461648917075506,0.09692473375613259,1,150000,0,0,1,0,0,0,1,0
33.20739219712526,151.0,9182.0,11.0,13.0,0.10781964713570029,0.12742321934219125,1,500000,0,0,1,0,1,0,0,0
34.32991101984942,62.0,4929.0,0.0,2.0,0.0,0.036518563603164945,1,250000,0,0,1,0,1,0,0,0
35.84941820670773,24.0,1997.0,3.0,6.0,0.13520280420630948,0.27040560841261896,1,200000,1,0,0,0,0,0,0,1
32.917180013689254,166.0,13471.0,1.0,8.0,0.006681018484151139,0.05344814787320911,1,750000,1,0,0,0,1,0,0,0
37.23750855578371,262.0,19573.0,11.0,5.0,0.050579880447555306,0.022990854748888775,1,200000,0,0,1,0,0,0,0,0
36.016427104722794,108.0,6205.0,10.0,17.0,0.145044319097502,0.24657534246575344,1,200000,0,0,1,0,1,0,0,0
34.050650239561946,313.0,28118.0,0.0,0.0,0.0,0.0,1,2000000,0,1,0,0,1,0,0,0
36.0766598220397,120.0,9243.0,0.0,12.0,0.0,0.11684518013631938,1,150000,1,0,0,0,1,0,0,0
37.270362765229294,59.0,4100.0,1.0,1.0,0.02195121951219512,0.02195121951219512,1,200000,0,0,1,0,1,0,0,0
33.782340862423,14.0,531.0,1.0,1.0,0.1694915254237288,0.1694915254237288,1,100000,0,0,0,0,0,0,1,0
39.4798083504449,103.0,9270.0,0.0,0.0,0.0,0.0,1,100000,0,1,0,0,1,0,0,0
37.281314168377826,24.0,1159.0,0.0,0.0,0.0,0.0,1,150000,0,0,0,0,1,0,0,0
37.67556468172484,21.0,1871.0,0.0,1.0,0.0,0.04810261892036344,1,200000,0,1,0,0,0,0,0,1
35.696098562628336,124.0,8973.0,0.0,4.0,0.0,0.04012036108324975,1,1000000,0,0,1,0,0,1,0,0
34.43668720054757,164.0,10029.0,3.0,4.0,0.02692192641340114,0.03589590188453485,1,300000,0,0,1,0,0,0,0,1
33.70841889117043,21.0,1698.0,2.0,1.0,0.10600706713780918,0.05300353356890459,1,200000,1,0,0,0,0,0,0,1
36.388774811772755,333.0,23696.0,22.0,45.0,0.08355840648210669,0.1709149223497637,1,900000,0,0,1,0,0,0,1,0
41.152635181382614,273.0,24436.0,0.0,1.0,0.0,0.0036830905221803896,1,800000,0,1,0,0,0,0,0,0
35.455167693360714,156.0,11393.0,2.0,4.0,0.015799174931975773,0.03159834986395155,1,300000,0,0,1,0,0,0,0,0
37.889117043121146,28.0,1718.0,0.0,1.0,0.0,0.05238649592549476,1,50000,1,0,0,0,0,0,0,1
37.45927446954141,533.0,32547.0,160.0,116.0,0.4424370909761268,0.32076689095769195,1,1200000,0,0,0,0,0,0,0,0
32.72279260780287,79.0,4978.0,7.0,3.0,0.1265568501406187,0.05423865006026517,1,400000,0,0,0,0,0,0,0,0
32.3586584531143,37.0,2019.0,2.0,5.0,0.08915304606240712,0.22288261515601782,1,125000,0,0,1,0,0,0,0,1
34.34907597535934,17.0,1390.0,0.0,2.0,0.0,0.12949640287769784,1,300000,1,0,0,0,0,0,0,1
34.220396988364136,290.0,24820.0,8.0,19.0,0.029008863819500404,0.06889605157131345,1,500000,1,0,0,0,0,1,0,0
34.064339493497606,37.0,2384.0,0.0,2.0,0.0,0.07550335570469799,1,200000,0,0,1,0,0,1,0,0
34.92128678986995,315.0,24686.0,10.0,12.0,0.03645791136676659,0.04374949364011991,1,800000,0,0,1,0,0,1,0,0
31.11567419575633,10.0,900.0,0.0,0.0,0.0,0.0,1,300000,1,0,0,0,0,1,0,0
36.3066392881588,390.0,29759.0,15.0,29.0,0.04536442756813065,0.08770455996505258,1,800000,0,0,1,0,0,0,1,0
35.31279945242984,220.0,10422.0,46.0,13.0,0.39723661485319517,0.11226252158894647,1,300000,0,0,0,0,0,0,1,0
25.234770704996578,0.0,0.0,0.0,0.0,0.0,0.0,0,125000,1,0,0,0,0,0,0,1
37.81245722108145,221.0,19801.0,0.0,1.0,0.0,0.0045452249886369376,1,500000,0,1,0,0,0,0,0,1
35.917864476386036,53.0,3329.0,1.0,3.0,0.027035145689396217,0.08110543706818864,1,250000,0,0,1,0,1,0,0,0
32.27378507871321,2.0,180.0,0.0,0.0,0.0,0.0,1,300000,1,0,0,0,0,0,1,0
35.71800136892539,106.0,9520.0,0.0,1.0,0.0,0.009453781512605043,1,600000,0,1,0,0,0,0,0,1
38.116358658453116,17.0,737.0,1.0,0.0,0.12211668928086837,0.0,1,250000,0,0,0,0,0,0,1,0
34.10814510609172,281.0,19084.0,16.0,39.0,0.07545587927059316,0.18392370572207084,1,1500000,0,0,1,0,0,0,0,0
30.302532511978097,29.0,1399.0,0.0,0.0,0.0,0.0,1,600000,0,0,0,0,1,0,0,0
38.87748117727584,70.0,3969.0,5.0,3.0,0.11337868480725623,0.06802721088435375,1,50000,0,0,1,0,0,0,0,1
34.37645448323067,33.0,1359.0,3.0,2.0,0.1986754966887417,0.13245033112582782,1,250000,0,0,0,0,1,0,0,0
34.280629705681044,85.0,6646.0,5.0,3.0,0.06770990069214565,0.04062594041528739,1,100000,1,0,0,0,0,0,0,1
32.59411362080767,157.0,9007.0,15.0,7.0,0.14988342400355278,0.06994559786832463,1,1500000,0,0,1,0,1,0,0,0
33.30595482546201,87.0,5111.0,24.0,11.0,0.42261788299745645,0.19369986304050088,1,150000,0,0,0,1,1,0,0,0
36.219028062970565,137.0,11411.0,5.0,3.0,0.03943563228463763,0.023661379370782575,1,400000,1,0,0,0,0,0,0,0
33.327857631759066,10.0,241.0,2.0,0.0,0.0,0.0,1,200000,0,0,0,0,0,0,1,0
37.22108145106092,95.0,8549.0,0.0,0.0,0.0,0.0,1,300000,0,1,0,0,0,0,0,1
35.96714579055441,346.0,23340.0,6.0,17.0,0.02313624678663239,0.06555269922879177,1,800000,0,0,1,0,0,0,1,0
35.7015742642026,288.0,21581.0,21.0,26.0,0.08757703535517353,0.10842871043973866,1,400000,0,0,1,0,0,1,0,0
36.04654346338125,39.0,1940.0,1.0,2.0,0.04639175257731959,0.09278350515463918,1,300000,0,0,1,0,0,0,0,1
32.342231348391515,129.0,8906.0,3.0,5.0,0.03031664046710083,0.05052773411183472,1,300000,0,0,1,0,0,0,0,1
27.616700889801507,0.0,0.0,0.0,0.0,0.0,0.0,0,100000,0,1,0,0,0,0,0,1
32.79671457905544,39.0,1118.0,6.0,2.0,0.4830053667262969,0.16100178890876565,1,250000,0,0,0,0,0,0,0,1
35.00342231348392,36.0,1265.0,4.0,2.0,0.2845849802371542,0.1422924901185771,1,100000,0,0,0,0,0,0,0,1
33.20191649555099,17.0,891.0,0.0,0.0,0.0,0.0,1,100000,1,0,0,0,0,1,0,0
36.32032854209446,59.0,5112.0,1.0,1.0,0.017605633802816902,0.017605633802816902,1,25000,1,0,0,0,0,0,1,0
32.32032854209446,53.0,3644.0,2.0,1.0,0.04939626783754116,0.02469813391877058,1,250000,1,0,0,0,0,0,0,1
38.2258726899384,2.0,50.0,0.0,0.0,0.0,0.0,1,75000,0,1,0,0,0,0,1,0
34.14647501711157,11.0,1020.0,0.0,0.0,0.0,0.0,1,100000,0,1,0,0,0,0,1,0
35.68788501026694,9.0,535.0,1.0,0.0,0.16822429906542058,0.0,1,125000,1,0,0,0,0,0,1,0
41.64271047227926,24.0,1367.0,2.0,5.0,0.13167520117044623,0.32918800292611555,1,75000,0,0,1,0,0,0,1,0
35.26078028747433,0.0,0.0,0.0,0.0,0.0,0.0,0,100000,1,0,0,0,0,0,1,0
34.299794661190965,143.0,9350.0,8.0,5.0,0.07700534759358288,0.0481283422459893,1,150000,0,0,1,0,0,0,0,1
33.686516084873375,145.0,11609.0,0.0,10.0,0.0,0.07752605736928245,1,300000,1,0,0,0,0,0,0,1
34.92128678986995,58.0,2817.0,3.0,7.0,0.09584664536741215,0.22364217252396168,1,500000,0,0,1,0,0,0,0,1
34.81177275838467,12.0,833.0,1.0,0.0,0.10804321728691475,0.0,1,100000,1,0,0,0,0,0,0,1
34.299794661190965,52.0,2825.0,3.0,5.0,0.09557522123893807,0.1592920353982301,1,150000,0,0,0,0,0,1,0,0
35.46338124572211,164.0,13107.0,1.0,2.0,0.00686655985351339,0.01373311970702678,1,100000,1,0,0,0,0,0,0,1
37.445585215605746,499.0,44773.0,0.0,1.0,0.0,0.002010140039756103,1,2000000,0,1,0,0,0,0,1,0
32.29568788501027,232.0,15223.0,11.0,14.0,0.06503317348748604,0.08276949352952769,1,600000,1,0,0,0,0,0,0,1
32.16153319644079,13.0,1110.0,0.0,1.0,0.0,0.08108108108108109,1,400000,0,0,1,0,0,1,0,0
30.562628336755647,0.0,0.0,0.0,0.0,0.0,0.0,0,500000,1,0,0,0,0,1,0,0
34.899383983572896,4.0,192.0,0.0,0.0,0.0,0.0,1,50000,1,0,0,0,0,0,0,1
38.417522245037645,133.0,10275.0,3.0,12.0,0.026277372262773727,0.1051094890510949,1,250000,0,0,1,0,0,0,1,0
38.33538672142368,146.0,12973.0,0.0,0.0,0.0,0.0,1,150000,0,1,0,0,0,0,0,0
35.728952772073924,102.0,5313.0,17.0,5.0,0.28797289666854886,0.08469791078486731,1,150000,0,0,0,0,0,1,0,0
36.39698836413415,329.0,26680.0,16.0,12.0,0.05397301349325337,0.04047976011994003,1,2000000,1,0,0,0,0,1,0,0
32.45448323066393,62.0,3734.0,1.0,5.0,0.0241028387787895,0.1205141938939475,1,600000,0,0,1,0,0,1,0,0
34.64202600958248,8.0,261.0,0.0,0.0,0.0,0.0,1,25000,0,0,0,0,0,0,1,0
31.32101300479124,1.0,90.0,0.0,0.0,0.0,0.0,1,300000,0,1,0,0,1,0,0,0
30.795345653661876,0.0,0.0,0.0,0.0,0.0,0.0,0,150000,1,0,0,0,1,0,0,0
34.95687885010267,84.0,6080.0,31.0,11.0,0.4588815789473684,0.16282894736842105,1,300000,0,0,0,0,0,1,0,0
34.56536618754278,149.0,12830.0,8.0,1.0,0.05611847233047545,0.007014809041309431,1,200000,1,0,0,0,0,0,1,0
34.94318959616701,29.0,2437.0,0.0,0.0,0.0,0.0,1,100000,0,1,0,0,0,0,1,0
33.98220396988364,4.0,272.0,0.0,0.0,0.0,0.0,1,250000,1,0,0,0,0,1,0,0
33.19917864476386,292.0,18702.0,58.0,43.0,0.2791145332050048,0.20692974013474497,1,800000,0,0,0,0,0,0,0,1
31.408624229979466,0.0,0.0,0.0,0.0,0.0,0.0,0,125000,0,0,0,0,0,0,0,1
34.50513347022587,10.0,814.0,0.0,0.0,0.0,0.0,1,100000,0,1,0,0,0,0,1,0
33.31143052703628,55.0,2680.0,2.0,1.0,0.06716417910447761,0.033582089552238806,1,700000,0,0,1,0,0,0,0,0
32.33127994524298,57.0,4402.0,1.0,3.0,0.02044525215810995,0.06133575647432985,1,200000,1,0,0,0,0,0,0,0
34.54072553045859,315.0,16907.0,99.0,24.0,0.5270006506180871,0.12775773348317265,1,1500000,0,0,0,0,0,0,0,1
33.63175906913073,47.0,3195.0,14.0,1.0,0.39436619718309857,0.02816901408450704,1,150000,0,0,0,0,0,0,0,1
32.85694729637235,15.0,1104.0,1.0,0.0,0.08152173913043478,0.0,1,350000,0,0,1,0,0,0,0,1
36.26557152635181,231.0,18354.0,9.0,17.0,0.04413206930369402,0.08336057535142204,1,1000000,1,0,0,0,0,0,0,0
32.17796030116359,11.0,719.0,0.0,0.0,0.0,0.0,1,250000,1,0,0,0,0,0,1,0
34.79260780287474,28.0,1950.0,0.0,0.0,0.0,0.0,1,50000,1,0,0,0,0,1,0,0
34.63107460643395,0.0,0.0,0.0,0.0,0.0,0.0,0,100000,0,0,1,0,0,0,1,0
30.310746064339494,1.0,120.0,0.0,0.0,0.0,0.0,1,50000,0,1,0,0,0,0,1,0
34.47227926078029,31.0,1432.0,2.0,3.0,0.12569832402234637,0.18854748603351956,1,150000,0,0,1,0,0,1,0,0
36.83504449007529,15.0,423.0,0.0,0.0,0.0,0.0,1,225000,0,0,0,0,0,0,1,0
38.510609171800134,2.0,180.0,0.0,0.0,0.0,0.0,1,100000,0,1,0,0,0,0,1,0
37.01574264202601,4.0,330.0,0.0,0.0,0.0,0.0,1,100000,0,1,0,0,0,0,1,0
34.03148528405202,163.0,13460.0,8.0,4.0,0.05349182763744428,0.02674591381872214,1,800000,1,0,0,0,1,0,0,0
33.39356605065024,41.0,2738.0,3.0,0.0,0.09861212563915267,0.0,1,250000,1,0,0,0,0,0,0,1
31.43600273785079,135.0,11645.0,2.0,26.0,0.015457277801631602,0.2009446114212108,1,2000000,1,0,0,0,0,0,0,0
37.22655715263518,51.0,2582.0,2.0,3.0,0.069713400464756,0.104570100697134,1,75000,0,0,1,0,0,1,0,0
38.24229979466119,22.0,1896.0,1.0,1.0,0.04746835443037974,0.04746835443037974,1,25000,0,0,1,0,0,0,1,0
27.121149897330596,95.0,7093.0,5.0,5.0,0.0634428309601015,0.0634428309601015,1,4000000,0,0,1,0,0,0,0,1
31.523613963039015,0.0,0.0,0.0,0.0,0.0,0.0,0,150000,1,0,0,0,0,0,1,0
36.591375770020534,0.0,0.0,0.0,0.0,0.0,0.0,0,50000,0,0,1,0,0,0,1,0
41.790554414784395,2.0,46.0,0.0,0.0,0.0,0.0,1,50000,0,1,0,0,0,0,1,0
31.79192334017796,124.0,8448.0,4.0,13.0,0.04261363636363637,0.13849431818181818,1,700000,0,0,1,0,1,0,0,0
37.054072553045856,353.0,20531.0,39.0,39.0,0.17096098582631142,0.17096098582631142,1,750000,0,0,1,0,0,1,0,0
31.737166324435318,95.0,7103.0,2.0,6.0,0.02534140504012389,0.07602421512037168,1,400000,0,0,1,0,0,0,1,0
34.8145106091718,251.0,20477.0,4.0,15.0,0.0175807002978952,0.065927626117107,1,350000,1,0,0,0,0,1,0,0
34.76522929500342,70.0,6270.0,0.0,0.0,0.0,0.0,1,300000,0,1,0,0,0,0,0,1
30.746064339493497,50.0,2270.0,8.0,7.0,0.31718061674008813,0.2775330396475771,1,300000,0,0,1,0,0,0,0,1
37.09514031485284,300.0,22066.0,22.0,39.0,0.08973080757726819,0.15906824979606635,1,500000,0,0,1,0,0,0,1,0
33.70841889117043,21.0,1795.0,0.0,0.0,0.0,0.0,1,200000,1,0,0,0,0,1,0,0
35.318275154004105,50.0,3989.0,1.0,0.0,0.02256204562547004,0.0,1,100000,1,0,0,0,1,0,0,0
33.503080082135526,1.0,12.0,0.0,0.0,0.0,0.0,1,150000,1,0,0,0,1,0,0,0
34.945927446954144,224.0,17389.0,12.0,33.0,0.062108229340387594,0.1707976306860659,1,300000,1,0,0,0,0,0,0,1
39.3429158110883,60.0,4802.0,5.0,2.0,0.0937109537692628,0.037484381507705125,1,50000,1,0,0,0,0,0,0,0
35.233401779603014,268.0,17128.0,14.0,11.0,0.07356375525455394,0.05780009341429238,1,1500000,0,0,1,0,0,0,0,1
35.4798083504449,35.0,1861.0,14.0,4.0,0.677055346587856,0.19344438473938744,1,100000,0,0,0,0,0,0,0,0
34.77891854893908,264.0,17506.0,26.0,18.0,0.13366845652919,0.0925397006740546,1,200000,0,0,0,0,1,0,0,0
36.13141683778234,482.0,43039.0,0.0,1.0,0.0,0.002091126652570924,1,800000,0,1,0,0,0,0,0,0
33.9958932238193,191.0,11630.0,8.0,12.0,0.061908856405846945,0.09286328460877041,1,900000,0,0,1,0,0,0,0,0
35.1895961670089,172.0,12830.0,4.0,6.0,0.028059236165237724,0.042088854247856584,1,500000,0,0,1,0,0,0,0,0
34.7378507871321,29.0,1827.0,0.0,2.0,0.0,0.09852216748768473,1,200000,0,0,1,0,0,0,0,0
34.09445585215606,172.0,11053.0,21.0,4.0,0.17099430018999365,0.032570342893332126,1,300000,0,0,1,0,0,0,0,0
36.44900752908966,301.0,25208.0,39.0,31.0,0.13924151063154552,0.11067914947635671,1,250000,1,0,0,0,0,0,1,0
36.323066392881586,8.0,264.0,1.0,0.0,0.0,0.0,1,25000,0,0,1,0,0,0,0,0
35.11841204654346,19.0,1710.0,0.0,0.0,0.0,0.0,1,100000,0,1,0,0,0,0,0,0
32.03285420944559,11.0,1003.0,1.0,0.0,0.08973080757726819,0.0,1,150000,1,0,0,0,0,0,1,0
36.82956878850103,1.0,120.0,0.0,0.0,0.0,0.0,1,100000,1,0,0,0,0,0,1,0
34.30527036276523,213.0,16441.0,14.0,6.0,0.0766376741074144,0.03284471747460617,1,800000,1,0,0,0,0,0,1,0
37.40451745379877,5.0,136.0,0.0,0.0,0.0,0.0,1,25000,0,0,1,0,0,0,1,0
35.526351813826146,0.0,0.0,0.0,0.0,0.0,0.0,0,100000,0,0,0,0,0,0,1,0
31.104722792607802,100.0,8054.0,7.0,5.0,0.07822200148994288,0.05587285820710206,1,1500000,1,0,0,0,0,0,0,0
35.82203969883641,129.0,10927.0,19.0,7.0,0.1564930905097465,0.05765534913516976,1,475000,0,0,1,0,0,0,0,0
29.503080082135522,80.0,6273.0,4.0,1.0,0.05738880918220947,0.014347202295552367,1,200000,1,0,0,0,1,0,0,0
36.64613278576318,306.0,25099.0,8.0,18.0,0.02868640184867923,0.06454440415952827,1,300000,1,0,0,0,0,0,1,0
36.79123887748118,24.0,1792.0,1.0,0.0,0.05022321428571428,0.0,1,250000,1,0,0,0,1,0,0,0
33.63175906913073,303.0,17938.0,16.0,19.0,0.08027650797190322,0.09532835321663508,1,1000000,0,0,1,0,0,0,0,1
38.80082135523614,42.0,2412.0,10.0,1.0,0.373134328358209,0.0373134328358209,1,50000,0,0,0,0,0,0,0,0
32.14784394250513,128.0,9488.0,5.0,17.0,0.0474283305227656,0.16125632377740304,1,200000,1,0,0,0,0,0,0,1
34.19028062970568,2.0,180.0,0.0,0.0,0.0,0.0,1,100000,0,1,0,0,0,0,0,1
35.15947980835045,52.0,3244.0,4.0,7.0,0.11097410604192355,0.1942046855733662,1,250000,0,0,0,0,1,0,0,0
35.22245037645448,0.0,0.0,0.0,0.0,0.0,0.0,0,50000,1,0,0,0,0,0,1,0
33.4072553045859,66.0,4998.0,18.0,15.0,0.3241296518607443,0.27010804321728693,1,250000,0,0,0,0,0,0,0,0
32.3586584531143,141.0,7935.0,25.0,12.0,0.2835538752362949,0.13610586011342155,1,500000,0,0,0,0,0,1,0,0
34.053388090349074,33.0,1873.0,0.0,1.0,0.0,0.04805125467164976,1,300000,0,0,1,0,1,0,0,0
37.360711841204655,219.0,16469.0,6.0,3.0,0.032788876070192485,0.016394438035096243,1,300000,0,0,1,0,1,0,0,0
38.31622176591376,51.0,3660.0,3.0,13.0,0.07377049180327869,0.319672131147541,1,300000,0,0,1,0,1,0,0,0
37.02943189596167,96.0,7230.0,0.0,1.0,0.0,0.012448132780082987,1,150000,1,0,0,0,1,0,0,0
34.899383983572896,51.0,4146.0,3.0,0.0,0.06512301013024602,0.0,1,75000,1,0,0,0,0,0,0,0
30.72416153319644,58.0,3450.0,4.0,1.0,0.10434782608695652,0.02608695652173913,1,400000,1,0,0,0,0,0,1,0
31.854893908281998,106.0,5667.0,10.0,9.0,0.15881418740074113,0.142932768660667,1,200000,0,0,0,0,0,0,0,1
29.1854893908282,4.0,74.0,0.0,0.0,0.0,0.0,1,250000,0,0,0,0,1,0,0,0
36.24093086926762,83.0,6847.0,1.0,2.0,0.013144442821673725,0.02628888564334745,1,100000,1,0,0,0,0,0,0,0
35.07186858316222,119.0,6040.0,2.0,3.0,0.029801324503311258,0.04470198675496689,1,300000,0,0,1,0,0,1,0,0
36.26283367556468,46.0,2075.0,3.0,2.0,0.13012048192771083,0.08674698795180723,1,150000,0,0,0,0,1,0,0,0
34.69952087611225,315.0,23016.0,134.0,54.0,0.5239833159541188,0.21115745568300315,1,2000000,0,0,0,0,0,1,0,0
33.1170431211499,197.0,14320.0,4.0,21.0,0.02513966480446927,0.1319832402234637,1,500000,1,0,0,0,0,1,0,0
32.63518138261465,11.0,280.0,0.0,0.0,0.0,0.0,1,300000,0,0,1,0,0,1,0,0
30.43394934976044,21.0,1950.0,0.0,0.0,0.0,0.0,1,50000,0,1,0,0,0,0,1,0
35.318275154004105,20.0,1281.0,0.0,0.0,0.0,0.0,1,50000,0,0,1,0,0,0,0,0
32.62696783025325,53.0,4370.0,2.0,1.0,0.041189931350114416,0.020594965675057208,1,150000,1,0,0,0,0,0,0,0
33.35523613963039,22.0,767.0,2.0,1.0,0.2346805736636245,0.11734028683181225,1,800000,0,0,0,0,0,0,1,0
33.72758384668035,162.0,9760.0,13.0,5.0,0.11987704918032786,0.04610655737704918,1,250000,0,0,1,0,0,1,0,0
37.68104038329911,449.0,40488.0,0.0,0.0,0.0,0.0,1,600000,0,1,0,0,0,0,1,0
32.5201916495551,1.0,25.0,0.0,0.0,0.0,0.0,1,200000,0,0,1,0,1,0,0,0
36.48186173853525,218.0,10851.0,64.0,9.0,0.5308266519214819,0.07464749792645839,1,150000,0,0,0,0,1,0,0,0
33.80150581793292,278.0,18596.0,117.0,21.0,0.5662508066250806,0.10163476016347602,1,650000,0,0,0,0,0,0,1,0
33.15537303216975,78.0,4444.0,9.0,12.0,0.1822682268226823,0.24302430243024303,1,600000,0,0,0,0,0,0,0,1
33.43189596167009,1.0,28.0,0.0,0.0,0.0,0.0,1,200000,0,0,0,0,0,0,1,0
34.234086242299796,6.0,315.0,0.0,0.0,0.0,0.0,1,200000,1,0,0,0,1,0,0,0
33.33607118412046,171.0,13773.0,6.0,15.0,0.039207144412981926,0.0980178610324548,1,325000,1,0,0,0,1,0,0,0
34.31074606433949,0.0,0.0,0.0,0.0,0.0,0.0,0,400000,0,1,0,0,1,0,0,0
30.99247091033539,18.0,719.0,2.0,0.0,0.25034770514603616,0.0,1,800000,0,0,0,0,1,0,0,0
36.709103353867214,88.0,7567.0,5.0,1.0,0.05946874587022598,0.011893749174045197,1,300000,1,0,0,0,0,0,0,0
32.884325804243666,25.0,1325.0,3.0,0.0,0.2037735849056604,0.0,1,400000,0,0,0,0,1,0,0,0
32.9719370294319,0.0,0.0,0.0,0.0,0.0,0.0,0,250000,1,0,0,0,1,0,0,0
33.4154688569473,109.0,8703.0,0.0,3.0,0.0,0.031023784901758014,1,400000,1,0,0,0,0,0,0,0
37.22108145106092,327.0,27261.0,24.0,6.0,0.07923407065037967,0.019808517662594918,1,400000,1,0,0,0,0,0,1,0
35.6933607118412,170.0,12616.0,1.0,1.0,0.007133798351299936,0.007133798351299936,1,150000,0,0,1,0,0,1,0,0
35.21697467488022,229.0,11228.0,28.0,21.0,0.22443890274314213,0.16832917705735662,1,200000,0,0,0,0,0,0,0,0
34.69952087611225,47.0,2347.0,8.0,1.0,0.3067746058798466,0.03834682573498083,1,350000,0,0,0,0,0,0,1,0
35.0280629705681,95.0,7232.0,7.0,5.0,0.08711283185840708,0.06222345132743363,1,250000,0,0,1,0,0,1,0,0
33.58521560574949,36.0,2318.0,1.0,1.0,0.03882657463330458,0.03882657463330458,1,150000,0,0,1,0,0,0,0,1
29.360711841204655,49.0,3259.0,5.0,5.0,0.13807916538815587,0.13807916538815587,1,300000,0,0,1,0,1,0,0,0
38.34633812457221,130.0,11541.0,0.0,0.0,0.0,0.0,1,150000,0,1,0,0,0,1,0,0
31.123887748117728,142.0,11256.0,5.0,23.0,0.03997867803837953,0.18390191897654587,1,700000,1,0,0,0,0,0,1,0
35.3264887063655,164.0,12768.0,12.0,14.0,0.08458646616541353,0.09868421052631579,1,100000,1,0,0,0,0,0,1,0
35.17043121149897,120.0,8147.0,10.0,16.0,0.1104701116975574,0.1767521787160918,1,400000,0,0,0,0,0,0,1,0
32.05749486652977,124.0,5777.0,10.0,3.0,0.15579020252726328,0.04673706075817899,1,200000,0,0,1,0,0,0,1,0
34.7378507871321,152.0,12628.0,3.0,14.0,0.02138105796642382,0.09977827050997783,1,300000,1,0,0,0,0,0,0,1
34.5160848733744,113.0,7698.0,9.0,7.0,0.10522213561964147,0.0818394388152767,1,1200000,0,0,0,0,0,1,0,0
31.761806981519506,2.0,86.0,1.0,0.0,0.0,0.0,1,400000,0,0,0,0,0,1,0,0
27.45242984257358,2.0,8.0,0.0,0.0,0.0,0.0,1,300000,0,0,0,0,0,0,1,0
32.114989733059545,166.0,13936.0,4.0,6.0,0.025832376578645237,0.03874856486796785,1,400000,1,0,0,0,0,0,1,0
33.568788501026695,180.0,9651.0,13.0,15.0,0.12123096052222568,0.13988187752564502,1,300000,0,0,0,0,0,0,0,1
35.898699520876114,475.0,42598.0,0.0,0.0,0.0,0.0,1,1800000,0,1,0,0,1,0,0,0
34.34360027378508,20.0,1800.0,0.0,0.0,0.0,0.0,1,150000,0,1,0,0,0,0,0,1
34.31074606433949,183.0,13526.0,7.0,1.0,0.04657696288629306,0.006653851840899009,1,400000,1,0,0,0,0,0,0,1
32.63244353182751,0.0,0.0,0.0,0.0,0.0,0.0,0,200000,1,0,0,0,0,0,0,1
37.76317590691308,160.0,7961.0,42.0,7.0,0.474814721768622,0.079135786961437,1,300000,0,0,0,0,0,1,0,0
33.68377823408624,41.0,2229.0,1.0,7.0,0.040376850605652756,0.28263795423956933,1,150000,0,0,1,0,0,0,0,0
30.414784394250514,0.0,0.0,0.0,0.0,0.0,0.0,0,150000,1,0,0,0,0,0,0,1
32.336755646817245,27.0,1383.0,0.0,1.0,0.0,0.0650759219088937,1,250000,0,0,1,0,0,1,0,0
32.473648186173854,12.0,343.0,0.0,1.0,0.0,0.26239067055393583,1,300000,0,0,0,0,0,0,0,0
35.93429158110883,27.0,1430.0,2.0,2.0,0.1258741258741259,0.1258741258741259,1,250000,0,0,1,0,1,0,0,0
34.09993155373032,197.0,17513.0,6.0,8.0,0.030834237423628164,0.04111231656483755,1,500000,1,0,0,0,0,1,0,0
35.49623545516769,122.0,10963.0,0.0,0.0,0.0,0.0,1,100000,0,1,0,0,0,1,0,0
34.85284052019165,163.0,14525.0,0.0,1.0,0.0,0.006196213425129088,1,700000,0,1,0,0,0,0,0,0
35.403148528405204,1.0,12.0,0.0,0.0,0.0,0.0,1,150000,0,1,0,0,0,1,0,0
37.308692676249144,2.0,113.0,0.0,0.0,0.0,0.0,1,75000,0,0,0,0,0,0,0,1
36.4517453798768,12.0,617.0,3.0,1.0,0.4376012965964344,0.1458670988654781,1,300000,0,0,0,0,0,0,1,0
34.85284052019165,202.0,15606.0,3.0,0.0,0.01730103806228374,0.0,1,250000,0,0,1,0,0,0,0,0
34.57084188911704,1.0,3.0,0.0,0.0,0.0,0.0,1,300000,0,0,0,0,0,1,0,0
36.57221081451061,319.0,24496.0,31.0,44.0,0.11389614630960157,0.16165904637491835,1,500000,1,0,0,0,0,0,1,0
35.04996577686516,1.0,4.0,0.0,0.0,0.0,0.0,1,175000,0,0,0,0,0,0,0,1
37.24024640657084,124.0,8122.0,41.0,6.0,0.4543215956660921,0.06648608717064762,1,200000,0,0,0,0,0,0,0,0
38.217659137577,114.0,6805.0,8.0,23.0,0.10580455547391623,0.30418809698750915,1,100000,0,0,1,0,0,1,0,0
34.87200547570158,293.0,19895.0,111.0,12.0,0.5021362151294295,0.0542849962302086,1,2800000,0,0,0,0,0,0,0,0
31.78097193702943,80.0,6226.0,2.0,8.0,0.0289110183103116,0.1156440732412464,1,300000,1,0,0,0,0,0,1,0
30.967830253251197,111.0,8279.0,8.0,7.0,0.08696702500301969,0.07609614687764223,1,700000,0,0,1,0,1,0,0,0
33.426420260095824,30.0,837.0,1.0,2.0,0.1075268817204301,0.2150537634408602,1,250000,0,0,0,0,0,0,1,0
34.93771389459275,390.0,29208.0,168.0,75.0,0.5176663927691044,0.23110106820049303,1,2500000,0,0,0,0,0,0,0,1
31.266255989048595,10.0,456.0,0.0,3.0,0.0,0.5921052631578947,1,300000,0,0,0,0,1,0,0,0
33.73032169746749,64.0,3565.0,13.0,6.0,0.3281907433380084,0.1514726507713885,1,300000,0,0,0,0,0,1,0,0
33.74674880219028,31.0,1398.0,2.0,2.0,0.12875536480686695,0.12875536480686695,1,150000,0,0,0,0,0,0,1,0
33.738535249828885,118.0,6648.0,27.0,12.0,0.3655234657039711,0.1624548736462094,1,200000,0,0,0,0,0,0,1,0
33.48665297741273,10.0,298.0,0.0,1.0,0.0,0.30201342281879195,1,200000,0,0,0,0,0,0,0,1
33.13347022587269,217.0,11769.0,17.0,38.0,0.1300025490695896,0.29059393321437677,1,600000,0,0,0,0,0,0,0,1
35.04722792607803,141.0,8847.0,2.0,5.0,0.02034587995930824,0.0508646998982706,1,250000,0,0,1,0,0,0,1,0
33.61806981519507,78.0,6079.0,1.0,5.0,0.014805066622799803,0.07402533311399902,1,25000,1,0,0,0,0,0,1,0
34.143737166324435,242.0,17483.0,3.0,5.0,0.015443573757364297,0.02573928959560716,1,400000,1,0,0,0,0,0,0,1
31.983572895277206,0.0,0.0,0.0,0.0,0.0,0.0,0,450000,0,1,0,0,0,0,0,1
36.26283367556468,56.0,3572.0,0.0,0.0,0.0,0.0,1,250000,0,0,1,0,0,0,1,0
32.23271731690623,97.0,5297.0,6.0,1.0,0.10194449688502927,0.01699074948083821,1,400000,0,0,1,0,0,0,0,0
34.48870636550308,26.0,1466.0,0.0,1.0,0.0,0.061391541609822645,1,100000,1,0,0,0,0,0,0,0
32.832306639288156,27.0,2006.0,0.0,0.0,0.0,0.0,1,100000,1,0,0,0,1,0,0,0
34.12183436002738,221.0,17772.0,7.0,2.0,0.035449020931802834,0.01012829169480081,1,800000,1,0,0,0,1,0,0,0
39.53456536618754,11.0,911.0,0.0,0.0,0.0,0.0,1,50000,0,1,0,0,0,0,0,0
34.61738535249829,20.0,1735.0,0.0,1.0,0.0,0.05187319884726225,1,50000,1,0,0,0,0,1,0,0
32.38603696098563,195.0,14176.0,6.0,7.0,0.03809255079006772,0.04444130925507901,1,400000,0,0,1,0,1,0,0,0
36.563997262149215,202.0,14767.0,21.0,28.0,0.12798808153314825,0.17065077537753098,1,300000,0,0,1,0,0,1,0,0
36.01095140314853,308.0,25284.0,9.0,2.0,0.03203607024205031,0.007119126720455624,1,700000,1,0,0,0,0,1,0,0
40.427104722792606,91.0,8108.0,0.0,0.0,0.0,0.0,1,50000,0,1,0,0,0,0,1,0
36.51745379876797,536.0,48319.0,0.0,0.0,0.0,0.0,1,1500000,0,1,0,0,1,0,0,0
34.39835728952772,180.0,10046.0,35.0,21.0,0.313557634879554,0.18813458092773241,1,300000,0,0,0,0,0,1,0,0
33.63175906913073,99.0,4814.0,20.0,6.0,0.37390943082675526,0.11217282924802659,1,275000,0,0,0,0,0,1,0,0
33.93839835728953,40.0,3215.0,1.0,3.0,0.027993779160186624,0.08398133748055987,1,150000,1,0,0,0,0,0,0,1
37.7056810403833,5.0,382.0,0.0,0.0,0.0,0.0,1,50000,1,0,0,0,0,0,0,0
34.81998631074607,355.0,27219.0,101.0,77.0,0.3339578970572027,0.25460156508321397,1,1000000,0,0,1,0,0,0,0,1
29.968514715947983,0.0,0.0,0.0,0.0,0.0,0.0,0,200000,1,0,0,0,0,1,0,0
38.275154004106774,41.0,2624.0,2.0,3.0,0.06859756097560976,0.10289634146341463,1,250000,0,0,1,0,1,0,0,0
35.19507186858316,368.0,29879.0,13.0,8.0,0.03915793701261756,0.02409719200776465,1,1500000,1,0,0,0,0,0,1,0
32.114989733059545,43.0,3573.0,3.0,0.0,0.07556675062972291,0.0,1,300000,1,0,0,0,0,0,0,1
33.31690622861054,6.0,208.0,0.0,0.0,0.0,0.0,1,300000,0,0,0,0,0,1,0,0
33.90006844626968,0.0,0.0,0.0,0.0,0.0,0.0,0,50000,0,0,1,0,0,0,0,1
34.091718001368925,1.0,17.0,0.0,0.0,0.0,0.0,1,500000,0,0,0,0,0,1,0,0
34.119096509240244,121.0,8479.0,33.0,13.0,0.35027715532492043,0.1379879702795141,1,1000000,0,0,0,0,0,0,0,1
32.96098562628337,0.0,0.0,0.0,0.0,0.0,0.0,0,25000,0,0,0,0,0,0,0,1
34.61190965092403,36.0,3023.0,0.0,0.0,0.0,0.0,1,250000,0,1,0,0,0,1,0,0
36.114989733059545,77.0,6186.0,4.0,4.0,0.05819592628516004,0.05819592628516004,1,100000,0,0,1,0,0,1,0,0
37.73305954825462,37.0,2539.0,1.0,0.0,0.035447026388341865,0.0,1,75000,0,0,1,0,0,1,0,0
31.129363449691994,86.0,5360.0,7.0,5.0,0.11753731343283583,0.08395522388059701,1,300000,0,0,0,0,0,1,0,0
33.64544832306639,50.0,2686.0,0.0,0.0,0.0,0.0,1,175000,0,0,1,0,0,0,1,0
37.541409993155376,49.0,2114.0,10.0,5.0,0.42573320719016083,0.21286660359508042,1,200000,0,0,0,0,0,1,0,0
35.030800821355236,134.0,7979.0,33.0,22.0,0.3722270961273343,0.24815139741822284,1,1500000,0,0,0,0,0,1,0,0
36.16153319644079,248.0,16342.0,12.0,20.0,0.06608738220536042,0.11014563700893404,1,350000,1,0,0,0,0,0,0,1
33.01574264202601,128.0,9790.0,2.0,17.0,0.018386108273748723,0.15628192032686417,1,300000,1,0,0,0,0,0,0,1
30.305270362765228,75.0,4040.0,0.0,3.0,0.0,0.06683168316831684,1,275000,1,0,0,0,0,1,0,0
32.65160848733744,0.0,0.0,0.0,0.0,0.0,0.0,0,125000,0,0,1,0,0,0,0,1
33.319644079397676,122.0,9713.0,3.0,5.0,0.02779779676721919,0.04632966127869865,1,600000,0,0,1,0,0,1,0,0
36.062970568104035,42.0,1583.0,4.0,1.0,0.22741629816803535,0.05685407454200884,1,50000,0,0,0,0,0,0,0,0
35.93429158110883,10.0,465.0,0.0,0.0,0.0,0.0,1,150000,0,0,0,0,0,0,0,1
34.16016427104723,153.0,10658.0,2.0,9.0,0.01688872208669544,0.07599924939012948,1,200000,1,0,0,0,1,0,0,0
33.31416837782341,225.0,18122.0,10.0,25.0,0.04966339256152743,0.12415848140381855,1,500000,1,0,0,0,0,1,0,0
34.75154004106776,14.0,397.0,1.0,0.0,0.22670025188916876,0.0,1,100000,0,0,0,0,0,0,0,1
32.42984257357974,403.0,29149.0,110.0,98.0,0.33963429277162166,0.3025832790147175,1,5000000,0,0,0,0,0,0,0,0
32.563997262149215,212.0,14642.0,10.0,11.0,0.061467012703182625,0.0676137139735009,1,1800000,0,0,1,0,0,1,0,0
35.318275154004105,73.0,4787.0,26.0,3.0,0.48882389805723836,0.05640275746814288,1,200000,0,0,0,0,0,0,0,0
21.404517453798768,0.0,0.0,0.0,0.0,0.0,0.0,0,150000,0,0,1,0,1,0,0,0
35.186858316221766,280.0,18441.0,113.0,21.0,0.5514885309907271,0.10248901903367497,1,700000,0,0,0,0,0,0,0,1
40.577686516084874,25.0,2210.0,0.0,0.0,0.0,0.0,1,100000,0,1,0,0,0,1,0,0
34.340862422997944,139.0,7818.0,29.0,20.0,0.3338449731389102,0.23023791250959325,1,2000000,0,0,0,0,1,0,0,0
34.23682409308692,1.0,45.0,0.0,0.0,0.0,0.0,1,125000,0,0,0,0,0,0,1,0
33.11978097193703,73.0,6083.0,1.0,2.0,0.014795331251027454,0.02959066250205491,1,450000,1,0,0,0,0,0,1,0
32.67624914442163,63.0,4766.0,0.0,1.0,0.0,0.01888375996642887,1,500000,1,0,0,0,1,0,0,0
35.37850787132101,49.0,4224.0,0.0,0.0,0.0,0.0,1,250000,0,1,0,0,1,0,0,0
31.797399041752225,90.0,5090.0,7.0,10.0,0.1237721021611002,0.1768172888015717,1,250000,0,0,0,0,1,0,0,0
35.43052703627652,29.0,2610.0,0.0,1.0,0.0,0.034482758620689655,1,75000,0,1,0,0,0,0,0,1
34.60643394934976,29.0,1023.0,2.0,4.0,0.17595307917888564,0.3519061583577713,1,250000,0,0,0,0,0,0,0,1
36.394250513347025,8.0,229.0,0.0,0.0,0.0,0.0,1,700000,0,0,0,0,0,1,0,0
32.71731690622861,2.0,81.0,0.0,0.0,0.0,0.0,1,100000,0,0,1,0,0,0,0,1
37.497604380561256,294.0,24726.0,15.0,10.0,0.05459839844697889,0.03639893229798592,1,250000,1,0,0,0,1,0,0,0
30.67214236824093,117.0,4933.0,7.0,4.0,0.1277113318467464,0.07297790391242652,1,500000,0,0,1,0,0,0,0,1
33.281314168377826,129.0,8994.0,14.0,22.0,0.1400933955970647,0.22014676450967313,1,300000,0,0,0,0,0,0,0,1
37.50034223134839,120.0,9730.0,3.0,1.0,0.02774922918807811,0.009249743062692703,1,200000,1,0,0,0,0,0,1,0
37.40451745379877,195.0,12906.0,5.0,4.0,0.03486750348675035,0.02789400278940028,1,250000,0,0,1,0,0,1,0,0
25.180013689253936,1.0,21.0,0.0,0.0,0.0,0.0,1,250000,0,0,1,0,0,0,0,1
32.84873374401095,74.0,5062.0,1.0,0.0,0.017779533781114184,0.0,1,250000,0,0,1,0,1,0,0,0
37.04312114989733,88.0,7935.0,0.0,0.0,0.0,0.0,1,300000,0,1,0,0,0,1,0,0
34.57905544147844,50.0,3532.0,3.0,0.0,0.07644394110985278,0.0,1,100000,1,0,0,0,0,0,0,1
36.33949349760438,120.0,7444.0,29.0,10.0,0.35061794734013974,0.12090274046211713,1,175000,0,0,0,0,0,0,0,1
27.394934976043807,19.0,583.0,1.0,0.0,0.15437392795883362,0.0,1,250000,0,0,1,0,1,0,0,0
31.698836413415467,3.0,105.0,0.0,0.0,0.0,0.0,1,400000,0,0,0,0,0,0,0,0
33.62628336755647,153.0,11619.0,8.0,4.0,0.061967467079783116,0.030983733539891558,1,500000,0,0,1,0,0,0,0,0
32.0766598220397,516.0,31398.0,27.0,39.0,0.07739346455188229,0.11179055990827441,1,10000000,0,0,1,0,0,1,0,0
38.60643394934976,246.0,16679.0,16.0,11.0,0.08633611127765453,0.05935607650338749,1,200000,0,0,1,0,0,0,0,0
36.643394934976044,8.0,474.0,0.0,0.0,0.0,0.0,1,200000,0,0,1,0,0,0,0,0
35.200547570157426,33.0,2970.0,0.0,0.0,0.0,0.0,1,100000,0,1,0,0,0,0,0,0
36.46543463381246,258.0,12106.0,62.0,18.0,0.4609284652238559,0.13381794151660334,1,600000,0,0,0,0,0,0,0,0
38.21492128678987,34.0,2729.0,0.0,2.0,0.0,0.0659582264565775,1,750000,1,0,0,0,0,1,0,0
32.257357973990416,53.0,3034.0,14.0,4.0,0.41529334212261043,0.11865524060646011,1,500000,0,0,0,0,0,0,0,0
35.383983572895275,58.0,4901.0,0.0,2.0,0.0,0.03672719853091206,1,200000,1,0,0,0,0,0,0,0
31.33744010951403,0.0,0.0,0.0,0.0,0.0,0.0,0,750000,0,0,0,0,0,1,0,0
32.63791923340178,202.0,14010.0,22.0,16.0,0.14132762312633834,0.10278372591006425,1,500000,0,0,1,0,0,1,0,0
35.29637234770705,38.0,1767.0,6.0,1.0,0.30560271646859083,0.050933786078098474,1,200000,0,0,0,0,0,0,0,0
33.08966461327858,34.0,2525.0,2.0,2.0,0.0712871287128713,0.0712871287128713,1,500000,1,0,0,0,0,0,0,0
37.18001368925393,16.0,1015.0,0.0,0.0,0.0,0.0,1,100000,1,0,0,0,0,0,0,0
36.38329911019849,42.0,2791.0,11.0,3.0,0.35471157291293437,0.09673951988534575,1,100000,0,0,0,0,0,0,0,0
36.596851471594796,252.0,16737.0,33.0,39.0,0.17745115612116868,0.20971500268865387,1,800000,0,0,0,0,0,0,0,0
34.23682409308692,51.0,3871.0,3.0,1.0,0.06974941875484371,0.02324980625161457,1,400000,1,0,0,0,0,0,0,0
34.81177275838467,75.0,6217.0,2.0,1.0,0.02895287115972334,0.01447643557986167,1,800000,1,0,0,0,0,0,0,0
34.32443531827516,232.0,20855.0,0.0,0.0,0.0,0.0,1,700000,0,1,0,0,0,0,0,0
40.257357973990416,0.0,0.0,0.0,0.0,0.0,0.0,0,150000,0,0,0,0,0,1,0,0
35.66872005475702,0.0,0.0,0.0,0.0,0.0,0.0,0,100000,0,1,0,0,0,0,0,0
35.7864476386037,40.0,2670.0,14.0,2.0,0.4719101123595506,0.06741573033707865,1,400000,0,0,1,0,0,0,1,0
34.496919917864474,83.0,4310.0,7.0,14.0,0.14617169373549885,0.2923433874709977,1,200000,0,0,0,0,0,0,0,1
38.535249828884325,45.0,4005.0,0.0,0.0,0.0,0.0,1,300000,0,1,0,0,0,0,0,1
29.3305954825462,28.0,1557.0,2.0,1.0,0.11560693641618497,0.057803468208092484,1,250000,0,0,1,0,1,0,0,0
34.98699520876112,0.0,0.0,0.0,0.0,0.0,0.0,0,25000,0,1,0,0,0,0,0,1
31.367556468172484,5.0,341.0,0.0,0.0,0.0,0.0,1,600000,0,0,1,0,0,1,0,0
35.56741957563313,0.0,0.0,0.0,0.0,0.0,0.0,0,350000,0,0,0,0,0,0,1,0
35.0280629705681,27.0,1772.0,2.0,6.0,0.10158013544018057,0.3047404063205418,1,150000,0,0,1,0,0,0,1,0
32.32580424366872,25.0,1494.0,0.0,0.0,0.0,0.0,1,150000,0,0,1,0,0,0,1,0
33.100616016427104,0.0,0.0,0.0,0.0,0.0,0.0,0,300000,0,1,0,0,0,1,0,0
31.761806981519506,119.0,7407.0,31.0,7.0,0.3766707168894289,0.0850546780072904,1,300000,0,0,0,0,1,0,0,0
38.96235455167693,96.0,6879.0,1.0,5.0,0.013083296990841691,0.06541648495420846,1,25000,0,0,1,0,0,0,1,0
35.36208076659822,85.0,4010.0,16.0,14.0,0.3591022443890274,0.314214463840399,1,500000,0,0,0,0,0,0,1,0
39.37303216974675,90.0,6198.0,27.0,9.0,0.39206195546950634,0.13068731848983545,1,25000,0,0,0,0,0,0,1,0
31.88227241615332,94.0,7271.0,3.0,4.0,0.0371338192820795,0.049511759042772656,1,400000,0,0,1,0,0,0,0,0
33.34976043805612,134.0,11360.0,10.0,11.0,0.07922535211267606,0.08714788732394366,1,700000,1,0,0,0,0,0,0,1
38.809034907597535,77.0,4998.0,25.0,6.0,0.45018007202881155,0.10804321728691475,1,300000,0,0,0,0,0,0,0,0
27.318275154004105,19.0,926.0,0.0,0.0,0.0,0.0,1,500000,1,0,0,0,0,1,0,0
33.08145106091718,295.0,20922.0,29.0,10.0,0.12474906796673359,0.04301691998852882,1,700000,0,0,1,0,0,0,0,0
35.85215605749487,85.0,6837.0,1.0,2.0,0.013163668275559455,0.02632733655111891,1,300000,1,0,0,0,0,1,0,0
34.63655030800821,162.0,6021.0,27.0,21.0,0.40358744394618834,0.31390134529147984,1,75000,0,0,0,0,0,0,0,1
38.21218343600274,323.0,28979.0,0.0,1.0,0.0,0.0031056972290279166,1,400000,0,1,0,0,0,1,0,0
37.23477070499658,5.0,450.0,0.0,0.0,0.0,0.0,1,50000,0,1,0,0,0,0,0,0
33.4072553045859,2.0,57.0,0.0,0.0,0.0,0.0,1,100000,0,0,1,0,1,0,0,0
34.32169746748802,12.0,526.0,0.0,0.0,0.0,0.0,1,75000,0,0,1,0,0,0,0,1
37.492128678986994,65.0,5159.0,1.0,2.0,0.01744524132583834,0.03489048265167668,1,100000,1,0,0,0,0,0,1,0
36.55304585900068,164.0,11616.0,27.0,21.0,0.20919421487603307,0.16270661157024793,1,350000,0,0,1,0,0,0,1,0
37.50034223134839,8.0,445.0,0.0,0.0,0.0,0.0,1,50000,0,0,0,0,0,0,1,0
36.407939767282684,19.0,1350.0,0.0,1.0,0.0,0.06666666666666667,1,500000,0,0,1,0,0,0,0,1
34.65023956194388,42.0,3338.0,1.0,0.0,0.02696225284601558,0.0,1,800000,1,0,0,0,0,0,1,0
35.87679671457906,340.0,29793.0,17.0,5.0,0.05135434498036452,0.015104219111871917,1,800000,1,0,0,0,1,0,0,0
37.39356605065024,25.0,1100.0,3.0,1.0,0.24545454545454548,0.08181818181818182,1,25000,0,0,1,0,0,0,1,0
39.18412046543463,1.0,62.0,0.0,0.0,0.0,0.0,1,50000,1,0,0,0,0,0,1,0
28.28747433264887,128.0,10270.0,3.0,1.0,0.026290165530671858,0.008763388510223954,1,2500000,1,0,0,0,1,0,0,0
38.69678302532512,0.0,0.0,0.0,0.0,0.0,0.0,0,200000,0,1,0,0,0,1,0,0
34.502395619438744,27.0,1687.0,3.0,2.0,0.16004742145820983,0.10669828097213989,1,100000,0,0,1,0,1,0,0,0
33.38809034907597,45.0,2195.0,5.0,10.0,0.20501138952164008,0.41002277904328016,1,200000,0,0,0,0,0,0,0,0
35.800136892539356,69.0,3491.0,6.0,3.0,0.15468347178458894,0.07734173589229447,1,100000,0,0,1,0,0,0,1,0
31.143052703627653,12.0,1042.0,0.0,0.0,0.0,0.0,1,300000,0,1,0,0,0,0,0,0
35.879534565366185,57.0,5106.0,0.0,0.0,0.0,0.0,1,75000,0,1,0,0,1,0,0,0
34.46680355920602,35.0,2947.0,0.0,1.0,0.0,0.030539531727180186,1,100000,1,0,0,0,0,0,0,0
34.82819986310746,282.0,15896.0,58.0,22.0,0.3283844992450931,0.1245596376446905,1,1000000,0,0,0,0,0,1,0,0
34.79808350444901,33.0,2458.0,4.0,2.0,0.14646053702196907,0.07323026851098453,1,200000,0,0,0,0,1,0,0,0
33.073237508555785,87.0,4528.0,13.0,9.0,0.2583922261484099,0.178886925795053,1,750000,0,0,1,0,0,0,0,1
32.39151266255989,45.0,4025.0,0.0,1.0,0.0,0.02236024844720497,1,100000,0,1,0,0,0,0,0,1
33.637234770705,347.0,24102.0,19.0,40.0,0.07094846900672143,0.14936519790888722,1,3500000,0,0,1,0,0,0,0,1
29.22108145106092,1.0,34.0,0.0,0.0,0.0,0.0,1,75000,0,0,0,0,0,0,0,1
34.455852156057496,312.0,25680.0,3.0,45.0,0.010514018691588786,0.15771028037383178,1,300000,1,0,0,0,0,0,0,1
34.37645448323067,70.0,4381.0,20.0,5.0,0.410865099292399,0.10271627482309975,1,425000,0,0,0,0,0,0,1,0
28.150581793292265,4.0,168.0,0.0,0.0,0.0,0.0,1,200000,0,0,1,0,0,0,0,1
35.572895277207394,540.0,38429.0,83.0,79.0,0.19438444924406048,0.18501652397928647,1,2000000,0,0,1,0,0,1,0,0
32.33949349760438,196.0,16602.0,1.0,19.0,0.005421033610408385,0.1029996385977593,1,150000,1,0,0,0,0,0,0,1
31.16221765913758,0.0,0.0,0.0,0.0,0.0,0.0,0,175000,1,0,0,0,0,0,0,1
26.90759753593429,0.0,0.0,0.0,0.0,0.0,0.0,0,200000,0,0,0,0,0,0,1,0
34.46132785763176,113.0,7933.0,13.0,17.0,0.14748518845329636,0.192865246438926,1,75000,0,0,0,0,0,0,0,1
34.95140314852841,60.0,4706.0,5.0,11.0,0.09562260943476412,0.2103697407564811,1,800000,1,0,0,0,0,0,1,0
35.07734428473648,152.0,10852.0,17.0,16.0,0.14098783634353115,0.13269443420567636,1,300000,0,0,1,0,0,1,0,0
34.403832991101986,47.0,2201.0,4.0,6.0,0.1635620172648796,0.2453430258973194,1,400000,0,0,0,0,0,0,1,0
38.22861054072553,31.0,2711.0,0.0,0.0,0.0,0.0,1,100000,0,1,0,0,0,0,0,0
32.41341546885695,75.0,5293.0,4.0,6.0,0.06801435858681278,0.10202153788021916,1,100000,1,0,0,0,0,0,0,0
33.29226557152635,246.0,16197.0,26.0,44.0,0.14447119837006853,0.24448972031857752,1,1500000,0,0,0,0,0,0,0,0
35.227926078028744,11.0,564.0,0.0,0.0,0.0,0.0,1,100000,1,0,0,0,0,1,0,0
32.7501711156742,70.0,5628.0,5.0,5.0,0.07995735607675906,0.07995735607675906,1,900000,0,0,1,0,0,1,0,0
30.04243668720055,10.0,536.0,0.0,0.0,0.0,0.0,1,500000,1,0,0,0,0,0,1,0
35.436002737850785,71.0,3802.0,11.0,8.0,0.26038926880589164,0.1893740136770121,1,600000,0,0,1,0,0,1,0,0
33.106091718001366,97.0,7003.0,3.0,3.0,0.03855490504069685,0.03855490504069685,1,150000,1,0,0,0,0,0,0,1
37.31690622861054,74.0,4948.0,1.0,4.0,0.01818916734033953,0.07275666936135812,1,100000,0,0,0,0,0,0,0,0
40.0,27.0,2018.0,2.0,2.0,0.08919722497522299,0.08919722497522299,1,25000,0,0,1,0,0,0,1,0
36.851471594798085,1.0,10.0,0.0,0.0,0.0,0.0,1,200000,0,0,0,0,0,0,1,0
33.883641341546884,75.0,6262.0,0.0,2.0,0.0,0.028744809964867456,1,500000,1,0,0,0,0,0,0,1
35.88774811772758,53.0,3819.0,1.0,6.0,0.023566378633150042,0.14139827179890024,1,100000,1,0,0,0,0,0,0,0
34.913073237508556,109.0,4765.0,22.0,7.0,0.4155299055613851,0.1322140608604407,1,200000,0,0,0,0,0,1,0,0
36.48733744010951,458.0,32471.0,20.0,24.0,0.05543407964029441,0.0665208955683533,1,1400000,1,0,0,0,0,0,1,0
32.219028062970565,36.0,3012.0,0.0,0.0,0.0,0.0,1,50000,1,0,0,0,0,0,1,0
35.10198494182067,31.0,2431.0,0.0,2.0,0.0,0.07404360345536816,1,175000,1,0,0,0,0,0,1,0
37.37713894592745,334.0,28968.0,21.0,10.0,0.06524440762220382,0.03106876553438277,1,300000,1,0,0,0,0,0,1,0
35.07734428473648,109.0,9383.0,1.0,2.0,0.00959181498454652,0.01918362996909304,1,550000,1,0,0,0,0,0,1,0
36.375085557837096,204.0,15379.0,12.0,5.0,0.07022563235580986,0.02926068014825411,1,250000,1,0,0,0,0,0,1,0
32.19438740588638,28.0,2068.0,0.0,0.0,0.0,0.0,1,150000,1,0,0,0,0,0,0,1
33.86447638603696,237.0,14043.0,45.0,37.0,0.2883999145481735,0.2371288186284982,1,500000,0,0,0,0,0,0,1,0
34.392881587953454,25.0,2250.0,0.0,0.0,0.0,0.0,1,150000,0,1,0,0,0,0,1,0
34.95140314852841,36.0,2708.0,0.0,6.0,0.0,0.19940915805022158,1,100000,1,0,0,0,0,0,1,0
34.68309377138946,90.0,6425.0,13.0,13.0,0.1821011673151751,0.1821011673151751,1,250000,0,0,1,0,1,0,0,0
30.77618069815195,5.0,183.0,1.0,2.0,0.0,0.0,1,500000,0,0,0,0,1,0,0,0
35.983572895277206,520.0,46999.0,0.0,3.0,0.0,0.005744803080916615,1,2500000,0,1,0,0,0,0,0,1
36.21629021218344,347.0,26942.0,13.0,23.0,0.043426620146982405,0.0768317125677381,1,500000,0,0,1,0,0,0,0,1
31.89596167008898,165.0,13989.0,3.0,9.0,0.019300879262277505,0.057902637786832516,1,175000,1,0,0,0,0,0,0,1
34.17385352498289,55.0,3850.0,0.0,2.0,0.0,0.046753246753246755,1,150000,1,0,0,0,0,1,0,0
37.582477754962355,37.0,3137.0,0.0,0.0,0.0,0.0,1,100000,0,1,0,0,0,0,0,0
34.5927446954141,4.0,262.0,0.0,0.0,0.0,0.0,1,150000,0,0,0,0,0,0,1,0
31.67145790554415,7.0,215.0,1.0,0.0,0.0,0.0,1,50000,0,0,1,0,0,0,1,0
34.34633812457221,247.0,14297.0,25.0,51.0,0.15737567321815765,0.3210463733650416,1,400000,0,0,1,0,0,0,0,0
35.07186858316222,142.0,12090.0,3.0,1.0,0.022332506203473945,0.007444168734491315,1,200000,1,0,0,0,1,0,0,0
34.26694045174538,96.0,7717.0,1.0,1.0,0.011662563172217184,0.011662563172217184,1,100000,1,0,0,0,0,0,0,0
37.34428473648186,216.0,19392.0,0.0,1.0,0.0,0.004641089108910891,1,400000,0,1,0,0,0,0,1,0
29.453798767967147,36.0,2606.0,1.0,2.0,0.03453568687643899,0.06907137375287797,1,200000,0,0,1,0,0,0,1,0
34.21218343600274,37.0,2708.0,0.0,0.0,0.0,0.0,1,600000,1,0,0,0,0,0,1,0
33.738535249828885,162.0,10716.0,6.0,7.0,0.05039193729003359,0.058790593505039186,1,250000,0,0,1,0,0,0,0,1
33.54688569472964,34.0,2024.0,3.0,2.0,0.133399209486166,0.08893280632411067,1,100000,0,0,1,0,0,0,0,1
33.163586584531146,53.0,2983.0,2.0,2.0,0.060341937646664436,0.060341937646664436,1,150000,0,0,1,0,0,0,0,1
33.70841889117043,54.0,3309.0,10.0,8.0,0.271985494106981,0.21758839528558477,1,100000,0,0,0,0,1,0,0,0
34.07529089664613,19.0,1414.0,0.0,0.0,0.0,0.0,1,300000,1,0,0,0,0,0,0,1
29.37987679671458,42.0,1902.0,5.0,1.0,0.23659305993690852,0.0473186119873817,1,325000,0,0,0,0,0,1,0,0
37.34976043805612,592.0,42929.0,133.0,130.0,0.2788324908569964,0.27254303617601155,1,3000000,0,0,1,0,0,0,1,0
34.41204654346338,95.0,7692.0,3.0,5.0,0.035101404056162244,0.05850234009360374,1,400000,0,0,1,0,0,1,0,0
36.76933607118412,374.0,26202.0,26.0,26.0,0.08930615983512709,0.08930615983512709,1,700000,1,0,0,0,0,0,1,0
33.88637919233402,0.0,0.0,0.0,0.0,0.0,0.0,0,75000,0,0,0,0,0,0,1,0
35.624914442162904,201.0,11270.0,42.0,18.0,0.3354037267080745,0.14374445430346053,1,150000,0,0,0,0,0,0,1,0
36.72553045859001,241.0,17157.0,11.0,33.0,0.057702395523692954,0.17310718657107885,1,400000,1,0,0,0,0,0,1,0
33.790554414784395,61.0,5187.0,1.0,1.0,0.01735106998264893,0.01735106998264893,1,300000,1,0,0,0,0,0,0,0
34.559890485968516,8.0,275.0,1.0,1.0,0.32727272727272727,0.32727272727272727,1,50000,0,0,1,0,0,0,1,0
37.89733059548254,11.0,517.0,1.0,2.0,0.17408123791102514,0.3481624758220503,1,100000,0,0,1,0,0,0,0,0
35.846680355920604,0.0,0.0,0.0,0.0,0.0,0.0,0,125000,0,0,0,0,0,0,1,0
36.16427104722793,15.0,945.0,0.0,0.0,0.0,0.0,1,100000,1,0,0,0,0,0,1,0
36.558521560574945,18.0,1061.0,0.0,0.0,0.0,0.0,1,10000,0,0,1,0,0,0,1,0
34.76522929500342,6.0,355.0,0.0,0.0,0.0,0.0,1,50000,1,0,0,0,0,0,1,0
38.69404517453799,88.0,5645.0,4.0,4.0,0.0637732506643047,0.0637732506643047,1,10000,0,0,1,0,0,0,1,0
35.6331279945243,48.0,3907.0,0.0,0.0,0.0,0.0,1,100000,1,0,0,0,0,0,1,0
36.23271731690623,37.0,3125.0,4.0,0.0,0.11520000000000001,0.0,1,500000,1,0,0,0,0,0,1,0
37.97672826830938,9.0,371.0,0.0,0.0,0.0,0.0,1,50000,0,0,1,0,0,0,0,0
34.25872689938399,232.0,13042.0,32.0,44.0,0.22082502683637478,0.30363441190001533,1,400000,0,0,0,0,0,0,0,0
24.752908966461327,0.0,0.0,0.0,0.0,0.0,0.0,0,100000,0,0,1,0,0,0,0,1
28.829568788501028,1.0,68.0,0.0,0.0,0.0,0.0,1,100000,0,0,1,0,0,0,0,0
37.47022587268994,228.0,18187.0,6.0,4.0,0.029691537911695168,0.019794358607796776,1,200000,0,0,1,0,0,0,0,0
34.220396988364136,0.0,0.0,0.0,0.0,0.0,0.0,0,100000,0,0,0,0,0,0,0,1
32.73100616016427,28.0,964.0,1.0,0.0,0.09336099585062241,0.0,1,250000,0,0,1,0,1,0,0,0
34.6611909650924,61.0,4964.0,2.0,1.0,0.0362610797743755,0.01813053988718775,1,550000,0,0,1,0,0,0,0,1
33.1088295687885,20.0,1022.0,1.0,0.0,0.08806262230919765,0.0,1,350000,0,0,1,0,0,0,1,0
36.3586584531143,66.0,5674.0,1.0,0.0,0.015861825872400422,0.0,1,50000,1,0,0,0,0,0,0,0
34.38740588637919,0.0,0.0,0.0,0.0,0.0,0.0,0,50000,0,0,0,0,0,0,1,0
36.24093086926762,80.0,6358.0,6.0,1.0,0.0849323686693929,0.014155394778232147,1,50000,1,0,0,0,0,0,1,0
35.82203969883641,27.0,1905.0,1.0,2.0,0.047244094488188976,0.09448818897637795,1,175000,0,0,1,0,0,0,1,0
36.427104722792606,201.0,11941.0,4.0,8.0,0.030148228791558495,0.06029645758311699,1,325000,0,0,1,0,0,0,1,0
33.3305954825462,62.0,3847.0,7.0,5.0,0.16376397192617625,0.11697426566155447,1,150000,0,0,1,0,0,0,0,1
23.33744010951403,0.0,0.0,0.0,0.0,0.0,0.0,0,50000,0,1,0,0,0,0,1,0
36.035592060232716,111.0,7978.0,2.0,12.0,0.02256204562547004,0.13537227375282027,1,350000,0,0,1,0,0,0,1,0
36.09856262833676,140.0,10808.0,3.0,4.0,0.024981495188749075,0.03330866025166543,1,200000,1,0,0,0,0,0,0,0
29.54688569472964,0.0,0.0,0.0,0.0,0.0,0.0,0,150000,0,0,1,0,0,1,0,0
36.24640657084189,231.0,16537.0,7.0,11.0,0.03809638991352724,0.05986575557839995,1,200000,0,0,1,0,1,0,0,0
31.709787816564,135.0,11121.0,0.0,4.0,0.0,0.032371189641219315,1,400000,1,0,0,0,1,0,0,0
32.681724845995895,32.0,2592.0,0.0,0.0,0.0,0.0,1,325000,1,0,0,0,1,0,0,0
34.091718001368925,0.0,0.0,0.0,0.0,0.0,0.0,0,150000,0,0,0,0,0,0,1,0
32.22724161533196,47.0,3364.0,3.0,3.0,0.0802615933412604,0.0802615933412604,1,1200000,0,0,1,0,1,0,0,0
32.55304585900068,40.0,2819.0,1.0,0.0,0.03192621496984746,0.0,1,300000,0,0,1,0,1,0,0,0
35.011635865845314,7.0,320.0,0.0,0.0,0.0,0.0,1,200000,1,0,0,0,1,0,0,0
33.81519507186858,26.0,1548.0,0.0,2.0,0.0,0.11627906976744186,1,75000,1,0,0,0,0,0,1,0
37.270362765229294,208.0,18342.0,5.0,0.0,0.02453385672227674,0.0,1,200000,1,0,0,0,1,0,0,0
34.039698836413415,100.0,8219.0,2.0,1.0,0.021900474510281057,0.010950237255140528,1,500000,1,0,0,0,1,0,0,0
29.336071184120467,0.0,0.0,0.0,0.0,0.0,0.0,0,250000,1,0,0,0,0,1,0,0
36.271047227926076,187.0,14197.0,8.0,1.0,0.05071493977600902,0.006339367472001128,1,200000,1,0,0,0,0,0,1,0
28.407939767282684,28.0,2180.0,0.0,1.0,0.0,0.04128440366972477,1,100000,1,0,0,0,0,0,1,0
33.78507871321013,11.0,363.0,1.0,0.0,0.24793388429752067,0.0,1,325000,0,0,1,0,0,0,1,0
35.57015742642026,74.0,5948.0,3.0,1.0,0.04539340954942838,0.015131136516476126,1,75000,1,0,0,0,0,0,1,0
31.342915811088297,34.0,2304.0,0.0,0.0,0.0,0.0,1,275000,0,0,1,0,0,0,1,0
32.8870636550308,22.0,1255.0,2.0,1.0,0.14342629482071714,0.07171314741035857,1,100000,0,0,0,0,0,0,1,0
32.57494866529774,68.0,2388.0,11.0,1.0,0.41457286432160806,0.03768844221105528,1,150000,0,0,0,0,0,0,1,0
28.99110198494182,0.0,0.0,0.0,0.0,0.0,0.0,0,75000,1,0,0,0,0,0,1,0
34.27789185489391,11.0,1020.0,0.0,0.0,0.0,0.0,1,200000,0,1,0,0,0,0,1,0
33.31143052703628,326.0,22989.0,18.0,43.0,0.07046848492757406,0.16834138066031581,1,1000000,0,0,1,0,0,0,0,1
36.05749486652977,347.0,31100.0,0.0,2.0,0.0,0.005787781350482315,1,1000000,0,1,0,0,0,0,0,1
32.068446269678304,92.0,5168.0,6.0,1.0,0.1044891640866873,0.01741486068111455,1,350000,0,0,1,0,0,1,0,0
33.56605065023956,33.0,2943.0,5.0,3.0,0.1529051987767584,0.09174311926605505,1,250000,0,0,1,0,0,0,0,1
35.20602327173169,48.0,4320.0,0.0,0.0,0.0,0.0,1,150000,0,1,0,0,1,0,0,0
34.34907597535934,22.0,1678.0,0.0,1.0,0.0,0.05363528009535161,1,200000,1,0,0,0,1,0,0,0
36.616016427104725,60.0,4628.0,0.0,2.0,0.0,0.03889369057908384,1,250000,1,0,0,0,1,0,0,0
31.5564681724846,81.0,4397.0,7.0,7.0,0.14327950875596998,0.14327950875596998,1,175000,0,0,1,0,0,1,0,0
36.32032854209446,21.0,1646.0,0.0,1.0,0.0,0.05467800729040097,1,250000,1,0,0,0,1,0,0,0
27.76728268309377,5.0,49.0,0.0,0.0,0.0,0.0,1,400000,0,0,1,0,1,0,0,0
37.79329226557152,265.0,22922.0,17.0,8.0,0.06674810225983771,0.031410871651688335,1,250000,1,0,0,0,1,0,0,0
34.997946611909654,110.0,6507.0,18.0,10.0,0.24896265560165975,0.13831258644536654,1,800000,0,0,1,0,0,0,0,0
31.94798083504449,19.0,1710.0,0.0,0.0,0.0,0.0,1,250000,0,1,0,0,0,0,1,0
19.08829568788501,0.0,0.0,0.0,0.0,0.0,0.0,0,50000,0,0,1,0,0,0,1,0
29.286789869952088,14.0,467.0,2.0,3.0,0.3854389721627409,0.5781584582441114,1,250000,0,0,0,0,1,0,0,0
33.478439425051334,23.0,1233.0,3.0,0.0,0.21897810218978103,0.0,1,650000,0,0,0,0,1,0,0,0
27.529089664613277,13.0,910.0,1.0,0.0,0.0989010989010989,0.0,1,500000,0,0,1,0,1,0,0,0
33.138945927446954,31.0,2185.0,3.0,0.0,0.12356979405034324,0.0,1,400000,0,0,1,0,1,0,0,0
33.80698151950719,82.0,6934.0,1.0,1.0,0.012979521199884625,0.012979521199884625,1,250000,1,0,0,0,0,0,1,0
37.497604380561256,39.0,1507.0,0.0,6.0,0.0,0.3583278035832781,1,475000,0,0,0,0,1,0,0,0
33.51403148528405,42.0,2396.0,2.0,0.0,0.07512520868113523,0.0,1,150000,1,0,0,0,1,0,0,0
32.45448323066393,17.0,533.0,0.0,1.0,0.0,0.16885553470919323,1,325000,0,0,1,0,1,0,0,0
31.071868583162217,31.0,2696.0,0.0,0.0,0.0,0.0,1,500000,0,1,0,0,1,0,0,0
34.46406570841889,214.0,15837.0,11.0,13.0,0.06251183936351581,0.07387762833870051,1,250000,0,0,1,0,1,0,0,0
33.229295003422315,131.0,10414.0,4.0,8.0,0.034568849625504126,0.06913769925100825,1,500000,0,0,1,0,1,0,0,0
26.360027378507873,9.0,724.0,0.0,0.0,0.0,0.0,1,250000,1,0,0,0,1,0,0,0
33.1854893908282,56.0,3738.0,5.0,3.0,0.1203852327447833,0.07223113964686999,1,75000,0,0,1,0,0,0,1,0
39.52361396303901,71.0,3939.0,12.0,9.0,0.2741812642802742,0.20563594821020564,1,100000,0,0,1,0,0,0,0,0
33.2621492128679,227.0,18852.0,8.0,1.0,0.03819223424570337,0.004774029280712922,1,250000,1,0,0,0,1,0,0,0
38.41478439425051,8.0,247.0,0.0,0.0,0.0,0.0,1,400000,0,0,0,0,0,1,0,0
34.362765229295,209.0,17258.0,11.0,4.0,0.05736470042878665,0.020859891065013327,1,150000,1,0,0,0,1,0,0,0
33.14715947980835,15.0,889.0,0.0,0.0,0.0,0.0,1,350000,1,0,0,0,0,1,0,0
30.34360027378508,68.0,4228.0,0.0,0.0,0.0,0.0,1,1000000,0,0,1,0,1,0,0,0
35.49897330595483,36.0,2399.0,2.0,1.0,0.07503126302626094,0.03751563151313047,1,200000,0,0,1,0,1,0,0,0
35.00889801505818,219.0,19228.0,14.0,2.0,0.06552943623881839,0.009361348034116913,1,400000,1,0,0,0,1,0,0,0
32.45448323066393,172.0,13778.0,3.0,1.0,0.0195964581216432,0.006532152707214399,1,250000,1,0,0,0,1,0,0,0
35.99452429842574,4.0,71.0,0.0,0.0,0.0,0.0,1,75000,0,0,0,0,0,1,0,0
36.76933607118412,551.0,44102.0,16.0,54.0,0.03265158042719151,0.11019908394177136,1,1000000,1,0,0,0,0,0,0,0
38.14647501711157,50.0,3988.0,2.0,0.0,0.04513540621865597,0.0,1,150000,1,0,0,0,1,0,0,0
36.492813141683776,185.0,16600.0,0.0,1.0,0.0,0.005421686746987952,1,600000,0,1,0,0,0,0,0,0
31.59753593429158,150.0,11748.0,2.0,4.0,0.015321756894790602,0.030643513789581203,1,1000000,1,0,0,0,1,0,0,0
35.058179329226554,22.0,1508.0,0.0,1.0,0.0,0.05968169761273209,1,300000,0,0,1,0,1,0,0,0
33.44832306639288,0.0,0.0,0.0,0.0,0.0,0.0,0,175000,0,0,1,0,0,0,0,1
34.455852156057496,53.0,3856.0,2.0,2.0,0.046680497925311204,0.046680497925311204,1,400000,0,0,1,0,0,0,0,1
33.36344969199179,0.0,0.0,0.0,0.0,0.0,0.0,0,150000,1,0,0,0,0,0,1,0
34.74058863791923,106.0,7824.0,1.0,4.0,0.011503067484662578,0.04601226993865031,1,150000,1,0,0,0,0,0,1,0
29.702943189596166,2.0,128.0,0.0,0.0,0.0,0.0,1,150000,0,1,0,0,0,0,1,0
34.091718001368925,0.0,0.0,0.0,0.0,0.0,0.0,0,125000,0,0,0,0,0,0,1,0
30.803559206023273,1.0,90.0,0.0,0.0,0.0,0.0,1,200000,0,1,0,0,0,0,1,0
33.04312114989733,0.0,0.0,0.0,0.0,0.0,0.0,0,175000,1,0,0,0,0,0,0,1
34.16290212183436,11.0,903.0,0.0,0.0,0.0,0.0,1,50000,0,1,0,0,0,0,0,0
35.592060232717316,41.0,3178.0,2.0,1.0,0.056639395846444306,0.028319697923222153,1,100000,1,0,0,0,0,0,0,0
39.2498288843258,106.0,7682.0,11.0,8.0,0.1288726894038011,0.09372559229367353,1,200000,0,0,0,0,0,0,0,0
34.959616700889804,1.0,90.0,0.0,0.0,0.0,0.0,1,175000,0,1,0,0,0,0,0,1
39.3429158110883,73.0,6570.0,0.0,1.0,0.0,0.013698630136986302,1,100000,0,1,0,0,0,0,0,0
36.26557152635181,39.0,2877.0,0.0,4.0,0.0,0.1251303441084463,1,100000,0,0,1,0,0,0,0,0
35.16495550992471,37.0,2447.0,0.0,0.0,0.0,0.0,1,200000,0,0,1,0,0,0,0,0
41.14442162902122,312.0,18974.0,84.0,31.0,0.3984399704859281,0.14704332244123539,1,600000,0,0,0,0,0,0,0,0
33.163586584531146,75.0,6618.0,1.0,2.0,0.013599274705349048,0.027198549410698096,1,500000,1,0,0,0,0,1,0,0
33.111567419575636,214.0,15269.0,1.0,13.0,0.005894295631672015,0.0766258432117362,1,500000,0,0,1,0,0,0,0,1
32.459958932238195,55.0,3100.0,11.0,8.0,0.31935483870967746,0.23225806451612904,1,350000,0,0,0,0,0,0,0,0
38.27241615331965,65.0,4698.0,0.0,1.0,0.0,0.019157088122605366,1,100000,1,0,0,0,0,0,0,0
35.08829568788501,9.0,320.0,1.0,0.0,0.28125,0.0,1,50000,0,0,1,0,0,0,0,0
32.40246406570842,39.0,1139.0,2.0,1.0,0.15803336259877085,0.07901668129938542,1,500000,0,0,0,0,0,0,0,0
34.795345653661876,2.0,81.0,0.0,0.0,0.0,0.0,1,100000,1,0,0,0,0,0,0,0
37.87542778918549,33.0,2568.0,1.0,1.0,0.035046728971962614,0.035046728971962614,1,100000,1,0,0,0,0,0,0,0
37.37166324435318,7.0,170.0,0.0,1.0,0.0,0.0,1,150000,0,0,0,0,0,0,0,0
38.12731006160164,41.0,3407.0,6.0,4.0,0.15849721162312885,0.10566480774875256,1,50000,1,0,0,0,0,0,0,0
33.09514031485284,169.0,10041.0,39.0,26.0,0.3495667762175082,0.23304451747833882,1,200000,0,0,1,0,0,0,0,1
37.86173853524983,52.0,3103.0,15.0,5.0,0.4350628424105704,0.14502094747019015,1,100000,0,0,0,0,0,0,0,0
37.385352498288846,2.0,129.0,0.0,0.0,0.0,0.0,1,100000,0,0,1,0,0,0,0,0
33.14989733059548,83.0,6829.0,6.0,1.0,0.07907453507102065,0.013179089178503441,1,1000000,1,0,0,0,0,0,0,0
33.42094455852156,102.0,8437.0,1.0,12.0,0.010667298802892024,0.12800758563470427,1,400000,1,0,0,0,0,0,0,0
30.72689938398357,49.0,3579.0,7.0,3.0,0.1760268231349539,0.07544006705783739,1,400000,0,0,1,0,1,0,0,0
35.304585900068446,103.0,6370.0,1.0,12.0,0.0141287284144427,0.1695447409733124,1,75000,0,0,1,0,0,0,0,0
34.79260780287474,102.0,8944.0,0.0,0.0,0.0,0.0,1,600000,0,1,0,0,0,0,0,0
22.288843258042437,0.0,0.0,0.0,0.0,0.0,0.0,0,3000000,0,0,0,0,0,0,0,1
34.17385352498289,223.0,18594.0,7.0,9.0,0.03388189738625363,0.04356243949661181,1,1000000,1,0,0,0,0,0,0,1
33.347022587268995,96.0,7261.0,4.0,2.0,0.0495799476656108,0.0247899738328054,1,350000,1,0,0,0,0,0,0,0
31.991786447638603,143.0,5847.0,29.0,6.0,0.4463827603899435,0.09235505387378141,1,300000,0,0,0,0,1,0,0,0
35.98631074606434,120.0,8442.0,3.0,9.0,0.031982942430703626,0.09594882729211088,1,400000,1,0,0,0,0,0,0,0
36.7501711156742,108.0,9551.0,0.0,0.0,0.0,0.0,1,300000,0,1,0,0,0,0,0,0
33.4154688569473,148.0,9666.0,45.0,17.0,0.41899441340782123,0.15828677839851024,1,300000,0,0,0,0,0,0,0,1
32.29568788501027,21.0,631.0,0.0,0.0,0.0,0.0,1,750000,0,0,1,0,0,1,0,0
35.30184804928131,89.0,5546.0,1.0,4.0,0.016227912008654886,0.06491164803461955,1,300000,0,0,1,0,0,0,0,1
36.369609856262834,26.0,2340.0,0.0,0.0,0.0,0.0,1,100000,0,1,0,0,0,0,0,0
33.27857631759069,110.0,7365.0,4.0,7.0,0.048879837067209775,0.0855397148676171,1,500000,0,0,1,0,0,0,0,1
38.625598904859686,51.0,3003.0,13.0,5.0,0.38961038961038963,0.14985014985014986,1,100000,0,0,0,0,1,0,0,0
35.27173169062286,107.0,7435.0,13.0,22.0,0.15736381977135172,0.26630800268997984,1,700000,1,0,0,0,0,0,0,0
31.890485968514717,42.0,3043.0,0.0,4.0,0.0,0.11830430496220835,1,150000,1,0,0,0,0,0,0,0
32.785763175906915,46.0,3373.0,1.0,3.0,0.026682478505781204,0.08004743551734361,1,300000,0,0,1,0,0,0,0,0
39.57015742642026,177.0,10204.0,18.0,21.0,0.15876127009016072,0.18522148177185416,1,200000,0,0,1,0,0,0,0,0
33.6974674880219,0.0,0.0,0.0,0.0,0.0,0.0,0,100000,0,1,0,0,0,0,0,1
34.17932922655715,214.0,13375.0,42.0,14.0,0.28261682242990654,0.0942056074766355,1,150000,0,0,0,0,1,0,0,0
36.95277207392197,544.0,41420.0,308.0,90.0,0.6692419121197489,0.1955577015934331,1,2500000,0,0,0,0,1,0,0,0
30.17932922655715,188.0,15482.0,19.0,8.0,0.11045084614390906,0.04650561942901434,1,1000000,0,0,1,0,0,0,0,1
34.562628336755644,241.0,18630.0,9.0,16.0,0.043478260869565216,0.07729468599033816,1,600000,1,0,0,0,0,0,0,1
33.946611909650926,507.0,41190.0,35.0,60.0,0.0764748725418791,0.13109978150036417,1,3000000,1,0,0,0,0,0,0,0
32.65982203969884,9.0,148.0,1.0,0.0,0.0,0.0,1,150000,0,0,0,0,0,0,0,1
39.64681724845996,344.0,18916.0,116.0,14.0,0.5519137238316768,0.0666102770141679,1,700000,0,0,0,0,0,0,0,0
32.92539356605065,0.0,0.0,0.0,0.0,0.0,0.0,0,250000,0,0,0,0,0,0,0,0
33.804243668720055,223.0,14639.0,54.0,34.0,0.3319898900198101,0.20903067149395452,1,250000,0,0,0,0,0,0,1,0
41.74948665297741,38.0,3257.0,0.0,0.0,0.0,0.0,1,50000,0,1,0,0,0,0,0,0
33.45653661875428,321.0,21908.0,14.0,17.0,0.0575132371736352,0.06983750228227131,1,2000000,0,0,1,0,0,0,0,0
34.0807665982204,95.0,8505.0,0.0,0.0,0.0,0.0,1,300000,0,1,0,0,0,0,0,0
33.72210814510609,200.0,13216.0,13.0,14.0,0.08852905569007265,0.09533898305084745,1,1600000,0,0,1,0,0,0,0,0
35.5564681724846,566.0,50999.0,0.0,3.0,0.0,0.005294221455322653,1,3500000,0,1,0,0,0,0,1,0
34.888432580424364,5.0,389.0,0.0,0.0,0.0,0.0,1,10000,1,0,0,0,0,0,0,0
35.29911019849418,108.0,6449.0,5.0,11.0,0.06977826019537912,0.1535121724298341,1,500000,0,0,1,0,0,0,0,0
33.74674880219028,39.0,2676.0,2.0,3.0,0.06726457399103139,0.10089686098654709,1,250000,1,0,0,0,0,1,0,0
37.13620807665982,616.0,48409.0,80.0,98.0,0.1487326736763825,0.18219752525356855,1,1000000,0,0,1,0,0,0,0,0
35.46885694729637,0.0,0.0,0.0,0.0,0.0,0.0,0,100000,0,1,0,0,0,0,0,0
34.313483915126625,164.0,13619.0,4.0,3.0,0.026433658858947058,0.019825244144210295,1,600000,1,0,0,0,0,1,0,0
36.158795345653665,95.0,7982.0,3.0,0.0,0.033826108744675516,0.0,1,75000,1,0,0,0,0,0,1,0
31.953456536618756,17.0,823.0,0.0,1.0,0.0,0.10935601458080194,1,50000,1,0,0,0,0,0,0,1
33.51950718685831,108.0,7032.0,6.0,18.0,0.07679180887372014,0.2303754266211604,1,150000,0,0,1,0,0,0,0,1
36.120465434633815,238.0,21018.0,7.0,6.0,0.029974307736226093,0.02569226377390808,1,400000,1,0,0,0,0,0,1,0
33.83436002737851,21.0,1695.0,1.0,1.0,0.05309734513274336,0.05309734513274336,1,50000,1,0,0,0,0,0,0,0
31.110198494182068,23.0,477.0,1.0,2.0,0.18867924528301888,0.37735849056603776,1,600000,0,0,1,0,0,0,0,1
33.12799452429842,368.0,25707.0,37.0,53.0,0.12953670206558526,0.18555257322908156,1,10000000,0,0,1,0,0,1,0,0
30.365503080082135,0.0,0.0,0.0,0.0,0.0,0.0,0,100000,1,0,0,0,1,0,0,0
28.824093086926762,8.0,409.0,0.0,0.0,0.0,0.0,1,200000,0,0,1,0,1,0,0,0
34.40109514031485,36.0,2044.0,1.0,0.0,0.04403131115459882,0.0,1,200000,0,0,1,0,0,0,1,0
35.233401779603014,382.0,29538.0,12.0,13.0,0.03656307129798903,0.03960999390615478,1,700000,0,0,1,0,1,0,0,0
35.82203969883641,32.0,2814.0,0.0,0.0,0.0,0.0,1,200000,0,1,0,0,1,0,0,0
33.70841889117043,151.0,12433.0,5.0,5.0,0.03619399983913778,0.03619399983913778,1,1000000,1,0,0,0,1,0,0,0
35.66598220396988,503.0,44945.0,0.0,2.0,0.0,0.0040048948715096224,1,900000,0,1,0,0,1,0,0,0
32.20260095824778,8.0,508.0,1.0,0.0,0.17716535433070865,0.0,1,350000,1,0,0,0,0,0,1,0
33.921971252566735,153.0,11858.0,23.0,5.0,0.17456569404621353,0.037949063923089894,1,250000,0,0,1,0,1,0,0,0
34.08898015058179,155.0,10121.0,3.0,20.0,0.0266772058097026,0.17784803873135066,1,200000,1,0,0,0,1,0,0,0
28.28473648186174,72.0,4673.0,6.0,5.0,0.1155574577359298,0.09629788144660818,1,1000000,0,0,0,0,1,0,0,0
34.02327173169062,76.0,4542.0,10.0,6.0,0.19815059445178337,0.11889035667107001,1,150000,0,0,0,0,0,1,0,0
31.304585900068446,0.0,0.0,0.0,0.0,0.0,0.0,0,200000,1,0,0,0,1,0,0,0
33.1854893908282,52.0,3868.0,1.0,1.0,0.023267838676318514,0.023267838676318514,1,250000,0,0,1,0,1,0,0,0
35.97262149212868,296.0,25132.0,24.0,18.0,0.08594620404265478,0.0644596530319911,1,300000,1,0,0,0,0,0,0,1
34.784394250513344,20.0,1551.0,0.0,0.0,0.0,0.0,1,150000,1,0,0,0,1,0,0,0
30.934976043805612,40.0,1872.0,2.0,3.0,0.09615384615384616,0.14423076923076922,1,250000,1,0,0,0,0,0,0,1
30.56536618754278,6.0,319.0,1.0,0.0,0.28213166144200624,0.0,1,200000,0,0,1,0,0,0,0,0
32.62422997946612,30.0,2286.0,4.0,1.0,0.15748031496062992,0.03937007874015748,1,400000,0,0,1,0,1,0,0,0
35.865845311430526,354.0,27585.0,9.0,14.0,0.02936378466557912,0.04567699836867863,1,800000,0,0,1,0,0,0,1,0
37.74127310061601,282.0,20965.0,44.0,49.0,0.18888623896971143,0.21035058430717862,1,200000,0,0,0,0,0,0,0,0
34.2258726899384,160.0,14246.0,3.0,1.0,0.0189526884739576,0.006317562824652534,1,250000,1,0,0,0,1,0,0,0
33.54688569472964,303.0,18854.0,58.0,70.0,0.2768643258724939,0.33414660019094095,1,1000000,0,0,0,0,0,0,0,1
37.319644079397676,471.0,31917.0,92.0,89.0,0.25942287809004605,0.25096343641319674,1,800000,0,0,0,0,0,0,0,0
35.26078028747433,63.0,2882.0,6.0,5.0,0.18736988202637056,0.15614156835530882,1,100000,0,0,0,0,0,0,0,0
38.16563997262149,4.0,182.0,0.0,0.0,0.0,0.0,1,10000,0,0,1,0,0,0,1,0
28.859685147159478,3.0,33.0,0.0,0.0,0.0,0.0,1,100000,0,0,0,0,0,0,0,1
35.37303216974675,333.0,24489.0,30.0,44.0,0.11025358324145534,0.1617052554208012,1,1000000,0,0,1,0,0,0,1,0
33.30047912388775,34.0,2493.0,7.0,5.0,0.2527075812274368,0.18050541516245489,1,350000,0,0,0,0,0,0,1,0
34.88569472963724,0.0,0.0,0.0,0.0,0.0,0.0,0,250000,0,0,0,0,0,0,1,0
36.394250513347025,250.0,20416.0,10.0,5.0,0.044083072100313474,0.022041536050156737,1,200000,1,0,0,0,0,0,0,0
32.76386036960986,1.0,21.0,0.0,0.0,0.0,0.0,1,75000,0,0,0,0,0,1,0,0
29.645448323066393,11.0,641.0,0.0,4.0,0.0,0.5616224648985959,1,300000,0,0,1,0,0,1,0,0
33.53319644079398,298.0,18599.0,17.0,46.0,0.08226248723049626,0.22259261250604873,1,1000000,0,0,1,0,0,1,0,0
33.51950718685831,51.0,3169.0,1.0,6.0,0.028400126222783213,0.1704007573366993,1,300000,0,0,1,0,0,1,0,0
27.0362765229295,30.0,1262.0,2.0,0.0,0.14263074484944532,0.0,1,500000,0,0,1,0,0,1,0,0
31.737166324435318,11.0,925.0,0.0,0.0,0.0,0.0,1,200000,0,0,1,0,0,1,0,0
34.483230663928815,62.0,5057.0,0.0,1.0,0.0,0.017797112912794146,1,250000,0,0,1,0,0,1,0,0
30.913073237508556,19.0,1022.0,0.0,3.0,0.0,0.26418786692759294,1,200000,0,0,1,0,0,1,0,0
34.639288158795345,44.0,2811.0,6.0,5.0,0.192102454642476,0.16008537886873,1,200000,0,0,1,0,0,0,0,1
35.162217659137575,246.0,19422.0,15.0,7.0,0.06950880444856349,0.032437442075996296,1,700000,1,0,0,0,0,1,0,0
32.596851471594796,141.0,7355.0,21.0,7.0,0.25696804894629505,0.08565601631543168,1,200000,0,0,0,0,0,0,1,0
33.65366187542779,151.0,11790.0,8.0,12.0,0.061068702290076333,0.0916030534351145,1,600000,0,0,1,0,0,1,0,0
35.96167008898015,510.0,37478.0,32.0,67.0,0.07684508244836971,0.16089439137627407,1,1200000,0,0,1,0,0,1,0,0
32.34770704996578,35.0,2026.0,4.0,6.0,0.17769002961500494,0.2665350444225074,1,450000,0,0,1,0,0,1,0,0
33.16632443531827,11.0,462.0,1.0,0.0,0.19480519480519481,0.0,1,200000,0,0,0,0,1,0,0,0
33.31143052703628,38.0,3420.0,0.0,0.0,0.0,0.0,1,500000,0,1,0,0,0,1,0,0
34.940451745379875,117.0,10478.0,0.0,1.0,0.0,0.008589425462874594,1,450000,0,1,0,0,0,1,0,0
31.45242984257358,51.0,1916.0,5.0,6.0,0.2348643006263048,0.2818371607515658,1,300000,0,0,0,0,0,1,0,0
33.8590006844627,13.0,890.0,0.0,2.0,0.0,0.20224719101123598,1,150000,1,0,0,0,0,0,1,0
31.99726214921287,84.0,5792.0,5.0,3.0,0.07769337016574586,0.04661602209944751,1,200000,0,0,1,0,0,0,1,0
36.16153319644079,25.0,1871.0,0.0,0.0,0.0,0.0,1,200000,1,0,0,0,0,0,1,0
33.91649555099247,5.0,245.0,0.0,0.0,0.0,0.0,1,200000,0,0,1,0,0,0,1,0
33.86173853524983,42.0,2145.0,2.0,4.0,0.08391608391608392,0.16783216783216784,1,50000,0,0,0,0,0,0,1,0
37.79603011635866,1.0,17.0,0.0,0.0,0.0,0.0,1,250000,0,0,0,0,0,0,1,0
36.31485284052019,390.0,31544.0,20.0,38.0,0.057063149885873694,0.10841998478316003,1,1000000,1,0,0,0,0,0,0,0
34.25598904859685,10.0,960.0,0.0,0.0,0.0,0.0,1,250000,0,1,0,0,0,1,0,0
33.58521560574949,132.0,11253.0,9.0,11.0,0.07198080511863503,0.08797653958944282,1,1600000,1,0,0,0,0,1,0,0
26.713210130047912,1.0,90.0,0.0,0.0,0.0,0.0,1,50000,0,1,0,0,0,1,0,0
33.544147843942504,189.0,14475.0,7.0,10.0,0.043523316062176166,0.06217616580310881,1,500000,0,0,1,0,0,1,0,0
26.26694045174538,81.0,4694.0,4.0,4.0,0.07669365146996165,0.07669365146996165,1,7000000,0,0,1,0,0,1,0,0
35.096509240246405,269.0,20251.0,5.0,18.0,0.022221124882721842,0.07999604957779863,1,300000,1,0,0,0,0,1,0,0
33.93018480492813,5.0,120.0,0.0,0.0,0.0,0.0,1,10000,0,0,0,0,0,0,1,0
25.319644079397673,4.0,315.0,0.0,0.0,0.0,0.0,1,100000,1,0,0,0,0,0,0,0
33.04312114989733,153.0,10109.0,1.0,5.0,0.008902957760411515,0.04451478880205758,1,1000000,1,0,0,0,1,0,0,0
31.15400410677618,53.0,2322.0,10.0,4.0,0.3875968992248062,0.15503875968992248,1,500000,0,0,0,0,0,0,0,1
36.51745379876797,71.0,6384.0,0.0,0.0,0.0,0.0,1,300000,0,1,0,0,0,0,0,1
32.79397672826831,126.0,9864.0,20.0,23.0,0.18248175182481752,0.20985401459854014,1,600000,0,0,1,0,0,1,0,0
31.463381245722108,49.0,3062.0,3.0,1.0,0.08817766165904638,0.02939255388634879,1,500000,0,0,1,0,1,0,0,0
31.887748117727583,13.0,617.0,0.0,2.0,0.0,0.2917341977309562,1,300000,0,0,1,0,0,1,0,0
35.72621492128679,10.0,900.0,1.0,0.0,0.1,0.0,1,25000,1,0,0,0,0,1,0,0
35.51540041067762,49.0,3108.0,2.0,3.0,0.05791505791505791,0.08687258687258688,1,200000,1,0,0,0,0,0,0,0
38.5242984257358,83.0,7048.0,2.0,3.0,0.02553916004540295,0.038308740068104426,1,100000,1,0,0,0,0,1,0,0
36.101300479123886,136.0,10270.0,0.0,6.0,0.0,0.052580331061343716,1,200000,1,0,0,0,1,0,0,0
38.74880219028063,28.0,976.0,0.0,0.0,0.0,0.0,1,100000,0,0,1,0,0,0,0,0
31.055441478439427,71.0,5549.0,0.0,0.0,0.0,0.0,1,1500000,1,0,0,0,0,1,0,0
26.72416153319644,3.0,255.0,1.0,1.0,0.0,0.0,1,250000,0,0,0,0,0,1,0,0
36.29295003422313,177.0,14955.0,16.0,7.0,0.09628886659979939,0.04212637913741223,1,200000,1,0,0,0,0,1,0,0
30.286105407255306,113.0,5606.0,9.0,5.0,0.14448804851944347,0.08027113806635747,1,250000,0,0,0,0,0,0,1,0
31.06365503080082,6.0,409.0,1.0,0.0,0.2200488997555012,0.0,1,650000,1,0,0,0,0,0,1,0
31.32101300479124,0.0,0.0,0.0,0.0,0.0,0.0,0,150000,0,0,1,0,0,0,1,0
31.290896646132786,35.0,1542.0,8.0,1.0,0.4669260700389105,0.058365758754863814,1,900000,0,0,0,0,0,0,1,0
31.709787816564,41.0,1702.0,10.0,3.0,0.5287896592244419,0.15863689776733256,1,200000,0,0,0,0,0,0,1,0
34.496919917864474,58.0,4353.0,3.0,2.0,0.06202618883528601,0.04135079255685734,1,75000,1,0,0,0,0,0,0,1
34.25872689938399,76.0,5858.0,0.0,1.0,0.0,0.015363605326049848,1,150000,1,0,0,0,0,0,0,0
27.184120465434635,106.0,9311.0,3.0,5.0,0.028997959402856835,0.048329932338094725,1,6000000,1,0,0,0,0,0,0,1
34.71321013004791,298.0,24404.0,6.0,7.0,0.02212752007867563,0.025815440091788232,1,1000000,1,0,0,0,0,0,0,0
35.148528405201915,171.0,15083.0,2.0,2.0,0.011933965391500365,0.011933965391500365,1,500000,1,0,0,0,0,0,0,0
34.69952087611225,0.0,0.0,0.0,0.0,0.0,0.0,0,150000,0,1,0,0,0,1,0,0
32.86789869952088,0.0,0.0,0.0,0.0,0.0,0.0,0,50000,0,1,0,0,0,0,0,0
33.63175906913073,130.0,6392.0,2.0,8.0,0.028160200250312892,0.11264080100125157,1,200000,0,0,1,0,0,0,0,1
37.01574264202601,194.0,12595.0,6.0,5.0,0.04287415641127432,0.03572846367606193,1,300000,0,0,1,0,0,0,0,0
34.72689938398357,191.0,11582.0,31.0,27.0,0.2408910378173027,0.20980832326023138,1,1000000,0,0,1,0,0,0,0,0
32.709103353867214,367.0,25709.0,46.0,45.0,0.16103310124859,0.15753238165622935,1,1800000,0,0,1,0,0,0,1,0
36.591375770020534,187.0,10736.0,41.0,5.0,0.34370342771982115,0.0419150521609538,1,150000,0,0,0,0,0,1,0,0
30.078028747433265,3.0,221.0,0.0,0.0,0.0,0.0,1,100000,0,1,0,0,1,0,0,0
37.700205338809035,151.0,12608.0,2.0,3.0,0.014276649746192893,0.021414974619289342,1,150000,1,0,0,0,1,0,0,0
32.19164955509925,0.0,0.0,0.0,0.0,0.0,0.0,0,200000,1,0,0,0,0,0,1,0
35.97535934291581,53.0,4267.0,1.0,1.0,0.021092102179517225,0.021092102179517225,1,200000,1,0,0,0,1,0,0,0
32.6570841889117,27.0,2046.0,0.0,0.0,0.0,0.0,1,850000,0,0,1,0,0,1,0,0
34.8062970568104,263.0,20208.0,11.0,22.0,0.04899049881235155,0.0979809976247031,1,400000,0,0,1,0,0,0,0,0
30.154688569472963,8.0,310.0,1.0,0.0,0.2903225806451613,0.0,1,50000,0,0,0,0,0,0,0,1
30.354551676933607,0.0,0.0,0.0,0.0,0.0,0.0,0,25000,0,1,0,0,0,0,0,1
35.90691307323751,379.0,29064.0,33.0,19.0,0.10218827415359208,0.05883567299752271,1,1500000,0,0,1,0,0,0,0,0
27.761806981519506,0.0,0.0,0.0,0.0,0.0,0.0,0,600000,1,0,0,0,0,0,1,0
33.36344969199179,218.0,16817.0,5.0,23.0,0.026758637093417376,0.12308973062971992,1,350000,0,0,1,0,0,0,1,0
31.904175222450377,118.0,8286.0,11.0,8.0,0.11947863866763216,0.08689355539464157,1,600000,0,0,1,0,0,0,0,0
34.23134839151266,21.0,1351.0,1.0,4.0,0.06661732050333086,0.2664692820133234,1,100000,0,0,0,0,0,0,0,0
39.44421629021218,8.0,720.0,0.0,0.0,0.0,0.0,1,100000,0,1,0,0,0,0,0,0
35.06639288158795,134.0,11457.0,8.0,0.0,0.06284367635506677,0.0,1,200000,1,0,0,0,0,0,0,0
36.3066392881588,56.0,2949.0,2.0,3.0,0.061037639877924724,0.09155645981688708,1,125000,0,0,1,0,0,0,0,1
34.05612594113621,49.0,2580.0,14.0,0.0,0.4883720930232558,0.0,1,275000,0,0,0,0,0,1,0,0
32.884325804243666,28.0,1146.0,4.0,2.0,0.31413612565445026,0.15706806282722513,1,300000,0,0,1,0,0,0,0,1
33.51403148528405,10.0,616.0,1.0,3.0,0.14610389610389612,0.4383116883116883,1,150000,0,0,1,0,0,0,1,0
35.493497604380565,8.0,231.0,1.0,0.0,0.0,0.0,1,25000,0,0,0,0,1,0,0,0
38.17932922655715,5.0,83.0,0.0,0.0,0.0,0.0,1,50000,0,0,0,0,1,0,0,0
26.491444216290212,2.0,102.0,1.0,0.0,0.0,0.0,1,125000,0,0,1,0,0,0,0,1
38.95140314852841,361.0,32371.0,0.0,0.0,0.0,0.0,1,400000,0,1,0,0,0,0,1,0
27.249828884325805,0.0,0.0,0.0,0.0,0.0,0.0,0,100000,0,0,1,0,0,0,0,1
36.31211498973306,124.0,5681.0,20.0,9.0,0.3168456257701109,0.1425805315965499,1,100000,0,0,0,0,0,0,0,0
38.130047912388775,39.0,1550.0,3.0,5.0,0.17419354838709677,0.2903225806451613,1,25000,0,0,0,0,0,0,0,0
34.91854893908282,161.0,13085.0,7.0,5.0,0.04814673290026748,0.03439052350019106,1,550000,1,0,0,0,0,0,0,0
37.503080082135526,276.0,14649.0,72.0,16.0,0.4423510137210731,0.09830022527134959,1,600000,0,0,0,0,0,0,1,0
31.901437371663246,12.0,1049.0,0.0,0.0,0.0,0.0,1,325000,1,0,0,0,0,0,0,0
35.90691307323751,1.0,56.0,0.0,1.0,0.0,0.0,1,325000,1,0,0,0,1,0,0,0
35.30184804928131,10.0,377.0,1.0,0.0,0.23872679045092837,0.0,1,250000,0,0,0,0,0,0,0,0
33.76865160848734,134.0,10990.0,3.0,2.0,0.02456778889899909,0.01637852593266606,1,450000,1,0,0,0,0,0,0,0
37.30321697467488,15.0,922.0,1.0,0.0,0.09761388286334056,0.0,1,50000,1,0,0,0,0,0,0,0
37.87268993839836,76.0,4307.0,2.0,3.0,0.04179243092639889,0.06268864638959833,1,100000,0,0,1,0,0,0,0,0
34.46680355920602,94.0,7406.0,8.0,1.0,0.09721847150958682,0.012152308938698352,1,300000,1,0,0,0,0,1,0,0
34.4394250513347,129.0,11546.0,0.0,0.0,0.0,0.0,1,1000000,0,1,0,0,0,0,0,0
34.444900752908964,1.0,28.0,0.0,0.0,0.0,0.0,1,100000,0,1,0,0,0,0,0,0
38.836413415468854,589.0,32241.0,126.0,85.0,0.3517260630873732,0.23727551874941843,1,1000000,0,0,0,0,0,0,1,0
36.56125941136208,87.0,5966.0,1.0,2.0,0.015085484411666109,0.030170968823332218,1,100000,0,0,1,0,0,0,0,0
36.2217659137577,305.0,22636.0,5.0,20.0,0.019879837427107264,0.07951934970842905,1,900000,1,0,0,0,0,0,0,0
35.20602327173169,174.0,10972.0,14.0,19.0,0.11483776886620488,0.15585125774699235,1,100000,0,0,1,0,0,0,0,0
34.92128678986995,176.0,13889.0,52.0,24.0,0.3369573043415653,0.1555187558499532,1,400000,0,0,0,0,0,1,0,0
35.657768651608485,37.0,2104.0,0.0,0.0,0.0,0.0,1,100000,0,0,1,0,0,0,0,0
33.596167008898014,2.0,12.0,0.0,0.0,0.0,0.0,1,200000,0,0,0,0,0,0,1,0
30.507871321013006,48.0,2249.0,5.0,4.0,0.20008892841262782,0.16007114273010226,1,100000,0,0,0,0,1,0,0,0
36.10951403148528,5.0,276.0,0.0,0.0,0.0,0.0,1,125000,1,0,0,0,0,0,1,0
32.01095140314853,100.0,3663.0,14.0,4.0,0.34398034398034394,0.09828009828009829,1,1500000,0,0,0,0,0,1,0,0
32.07392197125257,48.0,2965.0,11.0,9.0,0.33389544688026984,0.27318718381112983,1,100000,0,0,0,0,0,0,1,0
30.195756331279945,75.0,5179.0,0.0,6.0,0.0,0.10426723305657463,1,200000,1,0,0,0,0,0,0,0
34.19301848049281,396.0,27894.0,10.0,5.0,0.03226500322650032,0.01613250161325016,1,700000,0,0,1,0,0,0,0,0
32.662559890485966,31.0,1364.0,0.0,0.0,0.0,0.0,1,200000,1,0,0,0,0,0,1,0
32.29295003422313,18.0,870.0,0.0,1.0,0.0,0.10344827586206896,1,250000,0,0,1,0,0,0,0,0
31.923340177960302,129.0,7610.0,6.0,13.0,0.0709592641261498,0.15374507227332457,1,200000,0,0,0,1,0,0,0,0
34.535249828884325,174.0,14147.0,2.0,10.0,0.012723545628048349,0.06361772814024175,1,300000,1,0,0,0,0,1,0,0
32.969199178644764,1.0,19.0,0.0,0.0,0.0,0.0,1,325000,1,0,0,0,1,0,0,0
33.74674880219028,155.0,12028.0,6.0,12.0,0.04489524442966412,0.08979048885932824,1,1500000,1,0,0,0,0,1,0,0
31.745379876796715,14.0,393.0,2.0,1.0,0.45801526717557256,0.22900763358778628,1,600000,0,0,0,0,0,0,1,0
32.00547570157426,29.0,2590.0,0.0,1.0,0.0,0.03474903474903475,1,300000,1,0,0,0,1,0,0,0
31.11567419575633,23.0,1490.0,0.0,1.0,0.0,0.060402684563758385,1,300000,1,0,0,0,1,0,0,0
31.920602327173167,120.0,5684.0,27.0,5.0,0.42751583391977477,0.07916959887403237,1,200000,0,0,0,0,1,0,0,0
28.49828884325804,0.0,0.0,0.0,0.0,0.0,0.0,0,300000,0,1,0,0,1,0,0,0
30.338124572210816,147.0,10826.0,9.0,17.0,0.07481987807130981,0.14132643635691852,1,1000000,1,0,0,0,1,0,0,0
32.224503764544835,68.0,3452.0,1.0,1.0,0.026071842410196985,0.026071842410196985,1,475000,0,0,1,0,1,0,0,0
34.0807665982204,0.0,0.0,0.0,0.0,0.0,0.0,0,100000,0,1,0,0,0,1,0,0
37.24845995893224,146.0,10900.0,4.0,3.0,0.03302752293577982,0.024770642201834864,1,300000,1,0,0,0,0,1,0,0
31.592060232717316,15.0,683.0,0.0,2.0,0.0,0.2635431918008785,1,500000,0,0,1,0,0,1,0,0
32.0082135523614,11.0,565.0,2.0,0.0,0.3185840707964602,0.0,1,75000,0,0,0,0,1,0,0,0
34.431211498973305,380.0,29344.0,19.0,17.0,0.058274263904034895,0.05214013086150491,1,1000000,0,0,1,0,0,1,0,0
32.76933607118412,5.0,32.0,0.0,0.0,0.0,0.0,1,250000,0,0,0,0,0,1,0,0
35.51813826146475,409.0,23510.0,93.0,42.0,0.3560187154402382,0.1607826456826882,1,3000000,0,0,0,0,0,1,0,0
33.60438056125941,186.0,16044.0,9.0,8.0,0.05048616305160808,0.04487658937920718,1,800000,1,0,0,0,0,0,0,0
34.59548254620123,296.0,18600.0,36.0,53.0,0.17419354838709677,0.2564516129032258,1,100000,0,0,0,0,0,0,0,0
35.676933607118414,35.0,2176.0,3.0,1.0,0.12408088235294118,0.04136029411764706,1,50000,1,0,0,0,0,0,1,0
33.544147843942504,140.0,11317.0,10.0,7.0,0.0795263762481223,0.055668463373685605,1,600000,1,0,0,0,0,0,0,0
32.982888432580424,197.0,15305.0,4.0,10.0,0.02352172492649461,0.05880431231623652,1,600000,1,0,0,0,0,0,0,0
38.35455167693361,5.0,105.0,1.0,0.0,0.0,0.0,1,100000,0,0,0,0,0,1,0,0
34.234086242299796,5.0,217.0,0.0,0.0,0.0,0.0,1,100000,0,0,0,0,0,1,0,0
32.733744010951405,9.0,810.0,0.0,0.0,0.0,0.0,1,150000,0,1,0,0,0,1,0,0
33.25941136208077,118.0,9452.0,4.0,0.0,0.03808717731696996,0.0,1,250000,1,0,0,0,0,1,0,0
35.52908966461328,23.0,1907.0,0.0,0.0,0.0,0.0,1,200000,0,1,0,0,0,1,0,0
34.33538672142368,46.0,3005.0,6.0,4.0,0.17970049916805325,0.11980033277870217,1,250000,0,0,0,0,0,1,0,0
37.71663244353183,27.0,2308.0,0.0,0.0,0.0,0.0,1,100000,0,1,0,0,0,1,0,0
29.505817932922657,2.0,180.0,0.0,0.0,0.0,0.0,1,400000,1,0,0,0,0,1,0,0
36.21629021218344,224.0,19618.0,6.0,5.0,0.02752574166581711,0.022938118054847585,1,800000,1,0,0,0,0,1,0,0
31.54551676933607,15.0,730.0,2.0,2.0,0.24657534246575344,0.24657534246575344,1,300000,0,0,0,0,0,1,0,0
33.25941136208077,120.0,9671.0,0.0,7.0,0.0,0.06514321166373695,1,500000,1,0,0,0,0,1,0,0
31.81930184804928,96.0,7907.0,4.0,4.0,0.04552927785506513,0.04552927785506513,1,1800000,1,0,0,0,0,1,0,0
32.02737850787132,65.0,4988.0,3.0,1.0,0.0541299117882919,0.018043303929430633,1,600000,1,0,0,0,0,1,0,0
31.20602327173169,0.0,0.0,0.0,0.0,0.0,0.0,0,100000,0,0,0,0,0,1,0,0
31.87953456536619,0.0,0.0,0.0,0.0,0.0,0.0,0,250000,0,0,0,0,0,0,1,0
31.575633127994525,0.0,0.0,0.0,0.0,0.0,0.0,0,100000,0,0,0,0,0,0,0,0
31.88501026694045,0.0,0.0,0.0,0.0,0.0,0.0,0,100000,1,0,0,0,0,0,0,0
32.51471594798083,88.0,7543.0,6.0,3.0,0.07158955322815856,0.03579477661407928,1,1200000,1,0,0,0,0,0,0,0
32.591375770020534,231.0,14011.0,25.0,31.0,0.16058810934265932,0.19912925558489755,1,700000,0,0,0,0,0,0,0,0
36.01916495550992,183.0,9990.0,24.0,14.0,0.2162162162162162,0.12612612612612611,1,1000000,0,0,0,0,0,0,1,0
34.57631759069131,39.0,2050.0,8.0,4.0,0.35121951219512193,0.17560975609756097,1,300000,0,0,0,0,0,0,1,0
33.93839835728953,49.0,3742.0,8.0,7.0,0.19241047568145375,0.16835916622127206,1,400000,0,0,1,0,0,0,0,1
33.596167008898014,136.0,9396.0,6.0,12.0,0.0574712643678161,0.1149425287356322,1,800000,0,0,1,0,0,0,0,0
36.01368925393566,25.0,1733.0,0.0,0.0,0.0,0.0,1,200000,0,0,1,0,0,0,0,0
35.18412046543463,115.0,9231.0,2.0,1.0,0.019499512512187196,0.009749756256093598,1,150000,1,0,0,0,0,0,1,0
33.65366187542779,52.0,3751.0,1.0,1.0,0.023993601706211676,0.023993601706211676,1,1500000,1,0,0,0,0,0,0,0
32.15058179329227,58.0,2760.0,4.0,8.0,0.13043478260869565,0.2608695652173913,1,150000,0,0,0,0,0,0,0,1
30.080766598220396,94.0,5926.0,6.0,4.0,0.0911238609517381,0.060749240634492066,1,1000000,0,0,1,0,0,1,0,0
31.969883641341546,3.0,112.0,0.0,0.0,0.0,0.0,1,350000,1,0,0,0,1,0,0,0
33.45653661875428,221.0,13628.0,52.0,11.0,0.34341062518344584,0.0726445553272674,1,500000,0,0,0,0,0,0,1,0
37.64271047227926,351.0,28207.0,22.0,25.0,0.07019534158187683,0.07976743361576913,1,200000,1,0,0,0,0,1,0,0
26.924024640657084,0.0,0.0,0.0,0.0,0.0,0.0,0,25000,0,0,1,0,0,0,0,1
36.577686516084874,68.0,3781.0,12.0,1.0,0.28563871991536627,0.02380322665961386,1,300000,0,0,0,0,1,0,0,0
33.6290212183436,55.0,3215.0,3.0,0.0,0.08398133748055987,0.0,1,100000,1,0,0,0,0,0,0,1
33.32511978097194,0.0,0.0,0.0,0.0,0.0,0.0,0,25000,1,0,0,0,0,0,1,0
34.30800821355236,303.0,21008.0,24.0,44.0,0.10281797410510282,0.18849961919268848,1,800000,0,0,1,0,0,0,1,0
32.62696783025325,46.0,3657.0,2.0,0.0,0.04922067268252666,0.0,1,50000,1,0,0,0,1,0,0,0
35.898699520876114,12.0,923.0,0.0,0.0,0.0,0.0,1,200000,0,1,0,0,0,1,0,0
32.10403832991102,128.0,7196.0,33.0,16.0,0.4127292940522513,0.20011117287381877,1,75000,0,0,0,0,1,0,0,0
36.709103353867214,57.0,3028.0,14.0,8.0,0.41611624834874505,0.23778071334214002,1,25000,0,0,0,0,1,0,0,0
31.288158795345655,1.0,9.0,0.0,0.0,0.0,0.0,1,100000,1,0,0,0,0,0,1,0
29.963039014373717,0.0,0.0,0.0,0.0,0.0,0.0,0,25000,0,0,1,0,0,0,0,1
28.030116358658454,16.0,1075.0,1.0,1.0,0.08372093023255814,0.08372093023255814,1,175000,0,0,1,0,0,0,0,1
33.01848049281314,95.0,7537.0,5.0,3.0,0.05970545309804962,0.035823271858829775,1,400000,1,0,0,0,1,0,0,0
36.06023271731691,6.0,529.0,0.0,0.0,0.0,0.0,1,50000,0,1,0,0,0,0,0,0
34.280629705681044,547.0,39641.0,97.0,147.0,0.2202265331348856,0.33374536464771326,1,2500000,0,0,1,0,0,0,0,1
36.068446269678304,34.0,1816.0,4.0,7.0,0.19823788546255508,0.34691629955947134,1,125000,0,0,0,0,0,1,0,0
30.373716632443532,81.0,6398.0,1.0,0.0,0.014066895904970303,0.0,1,500000,1,0,0,0,0,0,0,0
30.392881587953458,0.0,0.0,0.0,0.0,0.0,0.0,0,100000,1,0,0,0,0,1,0,0
32.28747433264887,55.0,3976.0,4.0,6.0,0.09054325955734407,0.1358148893360161,1,175000,0,0,1,0,0,0,1,0
32.062970568104035,215.0,15889.0,14.0,23.0,0.07930014475423248,0.1302788092390962,1,2500000,1,0,0,0,0,0,0,1
31.690622861054074,68.0,5575.0,1.0,2.0,0.016143497757847534,0.03228699551569507,1,1200000,1,0,0,0,0,0,0,0
33.22108145106092,300.0,23193.0,38.0,45.0,0.1474582848273186,0.17462165308498254,1,600000,1,0,0,0,0,0,0,1
24.079397672826833,0.0,0.0,0.0,0.0,0.0,0.0,0,100000,0,1,0,0,0,0,0,0
33.72210814510609,281.0,20571.0,20.0,40.0,0.08750182295464488,0.17500364590928977,1,1500000,0,0,1,0,0,0,1,0
32.172484599589325,3.0,217.0,0.0,0.0,0.0,0.0,1,50000,1,0,0,0,0,0,1,0
32.65160848733744,4.0,211.0,0.0,0.0,0.0,0.0,1,300000,0,1,0,0,0,0,1,0
31.33196440793977,41.0,2400.0,5.0,6.0,0.1875,0.225,1,700000,0,0,0,0,0,0,1,0
33.61533196440794,114.0,7596.0,29.0,27.0,0.34360189573459715,0.31990521327014215,1,100000,0,0,0,0,0,0,0,0
31.274469541409992,67.0,5157.0,25.0,10.0,0.4363001745200698,0.17452006980802792,1,1000000,0,0,0,0,0,0,1,0
36.629705681040384,13.0,364.0,0.0,0.0,0.0,0.0,1,100000,0,0,1,0,0,0,0,0
39.969883641341546,47.0,3378.0,0.0,1.0,0.0,0.02664298401420959,1,25000,1,0,0,0,0,0,0,0
36.662559890485966,319.0,20005.0,77.0,51.0,0.34641339665083726,0.22944263934016496,1,300000,0,0,0,0,0,0,0,0
40.303901437371664,11.0,649.0,0.0,1.0,0.0,0.13867488443759632,1,50000,1,0,0,0,0,0,0,0
35.54277891854894,145.0,10318.0,13.0,3.0,0.11339406861794922,0.026167861988757514,1,200000,0,0,1,0,0,1,0,0
33.100616016427104,15.0,333.0,1.0,1.0,0.2702702702702703,0.2702702702702703,1,250000,0,0,0,0,0,1,0,0
35.2580424366872,0.0,0.0,0.0,0.0,0.0,0.0,0,150000,0,0,1,0,0,0,0,0
36.824093086926766,16.0,935.0,1.0,3.0,0.0962566844919786,0.2887700534759358,1,150000,0,0,1,0,0,1,0,0
32.69267624914442,3.0,121.0,0.0,0.0,0.0,0.0,1,300000,0,0,1,0,0,1,0,0
36.34496919917864,58.0,4575.0,0.0,1.0,0.0,0.019672131147540982,1,50000,1,0,0,0,0,0,0,0
36.61875427789185,14.0,1212.0,0.0,0.0,0.0,0.0,1,100000,0,1,0,0,0,0,0,0
39.419575633128,217.0,19493.0,0.0,0.0,0.0,0.0,1,300000,0,1,0,0,0,0,0,0
33.223819301848046,6.0,375.0,0.0,1.0,0.0,0.24,1,50000,0,0,1,0,0,0,1,0
35.48528405201917,48.0,3329.0,10.0,7.0,0.27035145689396217,0.1892460198257735,1,100000,0,0,0,0,0,0,0,0
36.082135523613964,225.0,17791.0,6.0,10.0,0.030352425383620932,0.05058737563936822,1,400000,1,0,0,0,0,0,0,0
35.663244353182755,185.0,15426.0,11.0,5.0,0.06417736289381563,0.029171528588098017,1,300000,1,0,0,0,0,0,0,0
31.085557837097877,236.0,15618.0,2.0,7.0,0.01152516327314637,0.040338071456012294,1,2000000,0,0,1,0,0,0,0,0
34.37371663244353,73.0,4132.0,5.0,4.0,0.10890609874152953,0.08712487899322362,1,600000,0,0,1,0,0,0,0,0
35.49623545516769,3.0,225.0,0.0,0.0,0.0,0.0,1,100000,1,0,0,0,0,0,0,0
33.765913757700204,111.0,7356.0,24.0,3.0,0.2936378466557912,0.0367047308319739,1,475000,0,0,0,0,0,0,0,0
37.90280629705681,18.0,1354.0,0.0,0.0,0.0,0.0,1,100000,0,1,0,0,0,0,0,0
33.672826830937716,14.0,1200.0,0.0,0.0,0.0,0.0,1,150000,0,1,0,0,0,0,0,0
34.88569472963724,71.0,2805.0,4.0,3.0,0.1283422459893048,0.0962566844919786,1,200000,0,0,0,0,0,0,0,0
36.07939767282683,101.0,7768.0,5.0,2.0,0.05792996910401648,0.02317198764160659,1,100000,1,0,0,0,0,0,0,0
36.46543463381246,251.0,18323.0,30.0,15.0,0.14735578235005184,0.07367789117502592,1,300000,1,0,0,0,0,0,0,0
35.53182751540041,73.0,4844.0,3.0,7.0,0.055739058629232036,0.13005780346820808,1,300000,0,0,0,0,0,0,0,0
38.84462696783025,471.0,34541.0,186.0,82.0,0.4846414406068151,0.21365912972988624,1,1600000,0,0,0,0,0,0,0,0
35.860369609856264,33.0,2955.0,0.0,0.0,0.0,0.0,1,250000,1,0,0,0,0,0,0,0
36.355920602327174,106.0,8517.0,4.0,4.0,0.04226840436773512,0.04226840436773512,1,500000,0,0,1,0,1,0,0,0
38.06160164271047,96.0,7249.0,4.0,3.0,0.049662022347910055,0.037246516760932546,1,50000,0,0,1,0,0,0,0,0
35.28815879534565,10.0,310.0,0.0,0.0,0.0,0.0,1,200000,0,0,0,0,0,0,0,0
35.082819986310746,17.0,1391.0,0.0,0.0,0.0,0.0,1,150000,1,0,0,0,0,0,0,1
32.77754962354552,146.0,11152.0,0.0,11.0,0.0,0.08877331420373027,1,150000,1,0,0,0,0,0,1,0
33.75496235455168,112.0,7252.0,5.0,5.0,0.06205184776613348,0.06205184776613348,1,150000,0,0,1,0,0,0,0,0
35.39219712525667,5.0,234.0,0.0,0.0,0.0,0.0,1,100000,0,0,1,0,0,0,0,0
37.215605749486656,0.0,0.0,0.0,0.0,0.0,0.0,0,75000,0,1,0,0,1,0,0,0
31.21971252566735,3.0,197.0,0.0,0.0,0.0,0.0,1,200000,1,0,0,0,0,0,0,0
34.7460643394935,17.0,1229.0,0.0,0.0,0.0,0.0,1,150000,1,0,0,0,0,0,1,0
34.247775496235455,538.0,48602.0,0.0,2.0,0.0,0.003703551294185424,1,6000000,0,1,0,0,0,1,0,0
32.42984257357974,238.0,14947.0,32.0,35.0,0.19268080551281194,0.21074463102963806,1,800000,0,0,1,0,0,0,0,0
36.93360711841205,1.0,11.0,0.0,0.0,0.0,0.0,1,100000,0,0,0,0,0,0,0,0
34.2943189596167,1.0,77.0,1.0,0.0,0.0,0.0,1,150000,0,0,0,0,0,0,1,0
30.765229295003422,79.0,5393.0,15.0,4.0,0.25032449471537177,0.06675319859076581,1,800000,0,0,0,0,0,0,0,1
35.285420944558524,70.0,6157.0,0.0,0.0,0.0,0.0,1,100000,0,1,0,0,1,0,0,0
35.76454483230664,8.0,455.0,0.0,0.0,0.0,0.0,1,25000,0,0,1,0,0,0,1,0
32.18343600273785,2.0,125.0,0.0,1.0,0.0,0.0,1,500000,0,0,1,0,0,0,0,1
37.41820670773443,116.0,7098.0,8.0,12.0,0.10143702451394758,0.1521555367709214,1,50000,0,0,0,0,0,0,0,0
31.737166324435318,143.0,9618.0,4.0,18.0,0.037429819089207735,0.1684341859014348,1,1000000,1,0,0,0,0,0,0,1
34.182067077344286,2.0,165.0,0.0,0.0,0.0,0.0,1,125000,1,0,0,0,0,0,0,0
31.195071868583163,51.0,3369.0,0.0,0.0,0.0,0.0,1,300000,1,0,0,0,0,0,0,0
33.0321697467488,1.0,90.0,0.0,0.0,0.0,0.0,1,300000,1,0,0,0,0,0,0,0
31.28268309377139,103.0,6149.0,29.0,4.0,0.424459261668564,0.05854610505773297,1,150000,0,0,0,0,0,0,0,1
32.70088980150582,18.0,1135.0,0.0,1.0,0.0,0.07929515418502203,1,400000,1,0,0,0,0,0,1,0
34.43668720054757,38.0,3138.0,0.0,2.0,0.0,0.05736137667304015,1,175000,0,0,1,0,0,1,0,0
39.488021902806295,9.0,414.0,0.0,0.0,0.0,0.0,1,25000,0,0,0,0,0,0,0,0
32.766598220396986,33.0,1623.0,2.0,1.0,0.11090573012939002,0.05545286506469501,1,50000,0,0,1,0,0,0,1,0
32.982888432580424,110.0,9620.0,0.0,0.0,0.0,0.0,1,500000,0,1,0,0,0,0,1,0
31.958932238193018,148.0,9972.0,1.0,0.0,0.009025270758122744,0.0,1,250000,0,0,1,0,1,0,0,0
34.573579739904176,19.0,1356.0,1.0,0.0,0.0663716814159292,0.0,1,250000,0,0,1,0,1,0,0,0
37.97672826830938,62.0,4832.0,4.0,1.0,0.07450331125827815,0.018625827814569538,1,50000,1,0,0,0,0,0,0,0
38.10814510609172,2.0,13.0,0.0,0.0,0.0,0.0,1,50000,0,0,1,0,0,0,0,0
33.95482546201232,36.0,2257.0,2.0,2.0,0.07975188303057155,0.07975188303057155,1,100000,0,0,1,0,0,0,0,0
32.51745379876797,277.0,22843.0,6.0,16.0,0.02363962701921814,0.06303900538458171,1,1000000,1,0,0,0,0,0,0,0
37.42094455852156,10.0,720.0,1.0,0.0,0.125,0.0,1,100000,1,0,0,0,0,0,0,0
37.68104038329911,66.0,3721.0,1.0,6.0,0.024187046492878256,0.14512227895726953,1,50000,0,0,0,0,0,0,0,0
36.57221081451061,161.0,13928.0,9.0,17.0,0.05815623205054567,0.10985066053991958,1,100000,1,0,0,0,0,0,0,0
30.458590006844627,5.0,98.0,0.0,0.0,0.0,0.0,1,300000,1,0,0,0,0,0,1,0
30.587268993839835,8.0,609.0,0.0,0.0,0.0,0.0,1,300000,1,0,0,0,1,0,0,0
33.14168377823409,0.0,0.0,0.0,0.0,0.0,0.0,0,300000,0,1,0,0,0,1,0,0
34.37371663244353,74.0,5817.0,4.0,0.0,0.06188757091284167,0.0,1,100000,1,0,0,0,0,1,0,0
33.80150581793292,238.0,16346.0,12.0,18.0,0.06607121008197725,0.09910681512296586,1,400000,0,0,1,0,0,1,0,0
33.06228610540725,139.0,10145.0,5.0,11.0,0.04435682602267127,0.09758501724987678,1,400000,0,0,1,0,0,1,0,0
24.213552361396303,2.0,180.0,0.0,0.0,0.0,0.0,1,500000,1,0,0,0,0,1,0,0
35.73442847364819,97.0,8583.0,0.0,1.0,0.0,0.01048584411045089,1,800000,0,1,0,0,0,0,0,0
31.860369609856264,48.0,3256.0,0.0,2.0,0.0,0.05528255528255528,1,800000,0,0,1,0,0,1,0,0
33.125256673511295,107.0,7554.0,3.0,3.0,0.03574265289912629,0.03574265289912629,1,1000000,0,0,1,0,0,1,0,0
35.79192334017796,52.0,4710.0,0.0,1.0,0.0,0.01910828025477707,1,500000,0,1,0,0,0,1,0,0
25.401779603011637,0.0,0.0,0.0,0.0,0.0,0.0,0,250000,0,0,0,0,0,1,0,0
34.340862422997944,132.0,7731.0,16.0,7.0,0.18626309662398136,0.08149010477299184,1,100000,0,0,0,0,0,0,0,0
34.02327173169062,72.0,4797.0,2.0,7.0,0.0375234521575985,0.13133208255159476,1,200000,1,0,0,0,0,0,1,0
35.15947980835045,416.0,26805.0,146.0,65.0,0.49020705092333516,0.21824286513710128,1,2500000,0,0,0,0,0,0,1,0
29.39082819986311,3.0,54.0,0.0,0.0,0.0,0.0,1,150000,0,0,0,0,0,0,0,0
33.53319644079398,0.0,0.0,0.0,0.0,0.0,0.0,0,225000,0,0,1,0,0,0,1,0
32.61327857631759,201.0,14657.0,17.0,24.0,0.10438698232926247,0.1473698574060176,1,1500000,1,0,0,0,0,0,1,0
33.42368240930869,1.0,90.0,0.0,0.0,0.0,0.0,1,300000,1,0,0,0,0,0,1,0
32.375085557837096,0.0,0.0,0.0,0.0,0.0,0.0,0,25000,0,0,0,0,0,0,1,0
30.926762491444215,0.0,0.0,0.0,0.0,0.0,0.0,0,75000,0,0,1,0,1,0,0,0
30.855578370978783,13.0,1170.0,0.0,0.0,0.0,0.0,1,800000,0,1,0,0,0,1,0,0
34.40657084188912,628.0,48719.0,42.0,97.0,0.07758779942117039,0.17919087009175066,1,5000000,0,0,1,0,0,0,0,0
33.637234770705,477.0,29110.0,98.0,89.0,0.30298866368945376,0.27516317416695296,1,4000000,0,0,1,0,0,1,0,0
34.27241615331965,15.0,1155.0,0.0,0.0,0.0,0.0,1,100000,1,0,0,0,0,0,0,0
34.8062970568104,2.0,34.0,0.0,0.0,0.0,0.0,1,50000,0,0,0,0,0,0,1,0
34.55167693360712,478.0,36350.0,41.0,26.0,0.1015130674002751,0.06437414030261349,1,2000000,0,0,1,0,0,0,0,0
32.41615331964408,97.0,6369.0,1.0,5.0,0.014130946773433819,0.0706547338671691,1,250000,0,0,1,0,0,0,0,1
32.51471594798083,312.0,23791.0,43.0,15.0,0.16266655457946283,0.05674414694632424,1,2000000,0,0,1,0,0,1,0,0
32.681724845995895,0.0,0.0,0.0,0.0,0.0,0.0,0,175000,0,0,0,0,0,0,1,0
34.69952087611225,137.0,8954.0,7.0,8.0,0.07035961581416127,0.0804109895018986,1,250000,1,0,0,0,0,0,1,0
34.182067077344286,0.0,0.0,0.0,0.0,0.0,0.0,0,100000,0,1,0,0,0,0,0,0
35.00068446269678,11.0,848.0,1.0,0.0,0.1061320754716981,0.0,1,100000,0,0,1,0,0,0,0,1
32.95003422313484,126.0,10760.0,1.0,3.0,0.008364312267657992,0.02509293680297398,1,200000,1,0,0,0,1,0,0,0
37.82340862422998,539.0,40744.0,20.0,36.0,0.04417828391910466,0.07952091105438838,1,1600000,0,0,1,0,0,0,1,0
31.811088295687885,17.0,519.0,3.0,0.0,0.5202312138728323,0.0,1,475000,0,0,0,0,1,0,0,0
31.55920602327173,71.0,5701.0,1.0,3.0,0.015786704087002282,0.047360112261006844,1,650000,1,0,0,0,1,0,0,0
37.544147843942504,58.0,2228.0,1.0,3.0,0.04039497307001796,0.12118491921005387,1,100000,0,0,1,0,0,1,0,0
34.680355920602324,248.0,22074.0,12.0,7.0,0.04892633867898885,0.028540364229410167,1,1000000,1,0,0,0,0,1,0,0
31.16769336071184,3.0,131.0,0.0,0.0,0.0,0.0,1,150000,0,0,1,0,0,0,1,0
33.97946611909651,476.0,32365.0,95.0,95.0,0.26417426232040786,0.26417426232040786,1,3000000,0,0,1,0,0,0,0,1
29.32785763175907,13.0,650.0,1.0,0.0,0.13846153846153847,0.0,1,700000,0,0,1,0,0,0,0,1
34.09719370294319,463.0,41662.0,0.0,2.0,0.0,0.00432048389419615,1,3000000,0,1,0,0,0,0,0,0
35.05270362765229,369.0,21107.0,8.0,8.0,0.0341119060027479,0.0341119060027479,1,700000,0,0,1,0,1,0,0,0
36.31485284052019,281.0,20631.0,33.0,27.0,0.14395812127381125,0.11778391740584558,1,1200000,0,0,1,0,0,1,0,0
36.59958932238193,65.0,3984.0,8.0,13.0,0.18072289156626503,0.2936746987951807,1,100000,0,0,0,0,0,0,0,0
32.23545516769336,69.0,4301.0,2.0,2.0,0.04185073238781679,0.04185073238781679,1,300000,0,0,1,0,0,0,1,0
37.379876796714576,294.0,26440.0,0.0,0.0,0.0,0.0,1,500000,0,1,0,0,0,1,0,0
33.56331279945243,24.0,1839.0,0.0,2.0,0.0,0.09787928221859706,1,200000,1,0,0,0,1,0,0,0
32.158795345653665,65.0,5474.0,2.0,1.0,0.03288271830471319,0.016441359152356595,1,1800000,1,0,0,0,0,1,0,0
35.01437371663244,34.0,2110.0,0.0,1.0,0.0,0.04265402843601896,1,250000,0,0,1,0,0,0,1,0
33.3305954825462,4.0,320.0,0.0,1.0,0.0,0.28125,1,200000,1,0,0,0,1,0,0,0
33.69472963723477,0.0,0.0,0.0,0.0,0.0,0.0,0,125000,1,0,0,0,1,0,0,0
36.24366872005476,22.0,1980.0,0.0,0.0,0.0,0.0,1,200000,0,1,0,0,1,0,0,0
37.555099247091036,59.0,4768.0,1.0,0.0,0.018875838926174497,0.0,1,100000,1,0,0,0,0,0,0,0
34.168377823408626,109.0,7623.0,2.0,1.0,0.023612750885478158,0.011806375442739079,1,250000,0,0,1,0,1,0,0,0
34.30527036276523,141.0,7659.0,56.0,22.0,0.6580493537015276,0.2585193889541716,1,200000,0,0,0,0,0,0,0,0
34.87200547570158,24.0,1192.0,4.0,5.0,0.30201342281879195,0.3775167785234899,1,350000,0,0,1,0,0,0,0,0
34.332648870636554,27.0,2157.0,3.0,3.0,0.12517385257301808,0.12517385257301808,1,100000,1,0,0,0,0,0,1,0
36.20260095824778,6.0,247.0,0.0,0.0,0.0,0.0,1,200000,0,1,0,0,0,0,1,0
33.29774127310061,221.0,13677.0,67.0,25.0,0.4408861592454486,0.1645097609124808,1,3500000,0,0,0,0,0,1,0,0
34.00958247775496,0.0,0.0,0.0,0.0,0.0,0.0,0,250000,0,0,1,0,0,0,1,0
33.95756331279945,25.0,1462.0,3.0,4.0,0.18467852257181944,0.24623803009575923,1,300000,0,0,0,0,1,0,0,0
31.589322381930184,1.0,3.0,0.0,0.0,0.0,0.0,1,200000,1,0,0,0,0,0,0,1
36.28747433264887,97.0,7635.0,2.0,4.0,0.023575638506876228,0.047151277013752456,1,100000,0,0,1,0,0,0,0,0
39.252566735112936,225.0,16629.0,3.0,39.0,0.016236694930543027,0.21107703409705933,1,600000,1,0,0,0,0,0,0,1
34.65571526351814,3.0,110.0,0.0,0.0,0.0,0.0,1,100000,0,0,0,0,0,0,0,0
33.91649555099247,210.0,14170.0,30.0,18.0,0.19054340155257588,0.11432604093154553,1,100000,0,0,0,0,1,0,0,0
33.52224503764545,128.0,6797.0,17.0,15.0,0.22509930851846402,0.1986170369280565,1,550000,0,0,1,0,0,0,1,0
34.19028062970568,12.0,606.0,0.0,0.0,0.0,0.0,1,400000,0,0,1,0,0,0,1,0
35.121149897330596,26.0,2254.0,0.0,0.0,0.0,0.0,1,500000,0,1,0,0,0,0,0,1
37.497604380561256,155.0,10542.0,8.0,3.0,0.06829823562891292,0.025611838360842347,1,200000,0,0,1,0,0,0,0,0
33.1088295687885,26.0,692.0,3.0,1.0,0.3901734104046242,0.13005780346820808,1,800000,0,0,0,0,0,0,1,0
36.26557152635181,314.0,26355.0,20.0,4.0,0.06829823562891292,0.013659647125782583,1,3000000,1,0,0,0,1,0,0,0
36.59958932238193,7.0,509.0,0.0,0.0,0.0,0.0,1,50000,0,1,0,0,0,0,0,0
35.77275838466804,79.0,5120.0,4.0,6.0,0.0703125,0.10546875,1,50000,0,0,1,0,0,0,1,0
34.666666666666664,100.0,7834.0,4.0,2.0,0.04595353586928772,0.02297676793464386,1,250000,0,0,1,0,0,0,1,0
31.520876112251884,19.0,1081.0,0.0,0.0,0.0,0.0,1,200000,0,0,0,0,0,0,1,0
35.337440109514034,257.0,19135.0,3.0,12.0,0.014110269140318788,0.05644107656127515,1,700000,1,0,0,0,0,0,0,0
37.14989733059548,53.0,2276.0,2.0,5.0,0.07908611599297012,0.19771528998242532,1,25000,0,0,1,0,0,0,1,0
31.359342915811087,0.0,0.0,0.0,0.0,0.0,0.0,0,50000,0,0,1,0,0,0,0,1
26.403832991101986,25.0,2126.0,0.0,0.0,0.0,0.0,1,800000,1,0,0,0,0,0,0,0
30.039698836413415,28.0,1022.0,2.0,3.0,0.1761252446183953,0.26418786692759294,1,675000,0,0,0,0,0,0,0,0
34.42026009582478,6.0,474.0,0.0,0.0,0.0,0.0,1,300000,1,0,0,0,0,0,0,0
36.139630390143736,322.0,26967.0,6.0,22.0,0.020024474357548113,0.07342307264434308,1,650000,1,0,0,0,0,0,0,0
33.90554414784394,159.0,13050.0,4.0,2.0,0.027586206896551724,0.013793103448275862,1,2000000,1,0,0,0,0,1,0,0
29.409993155373034,6.0,350.0,0.0,0.0,0.0,0.0,1,150000,0,0,1,0,0,0,1,0
36.145106091718,6.0,149.0,0.0,0.0,0.0,0.0,1,150000,0,0,0,0,0,0,1,0
35.383983572895275,15.0,602.0,2.0,2.0,0.29900332225913623,0.29900332225913623,1,50000,0,0,0,0,0,0,0,0
38.795345653661876,103.0,7461.0,8.0,20.0,0.09650180940892643,0.24125452352231605,1,100000,0,0,1,0,0,0,1,0
34.53251197809719,0.0,0.0,0.0,0.0,0.0,0.0,0,25000,0,1,0,0,0,0,0,0
35.00342231348392,120.0,8482.0,10.0,15.0,0.10610705022400378,0.15916057533600567,1,400000,0,0,1,0,0,0,0,1
36.440793976728266,9.0,459.0,1.0,1.0,0.19607843137254904,0.19607843137254904,1,150000,1,0,0,0,0,0,0,0
33.779603011635864,72.0,5852.0,3.0,6.0,0.04613807245386193,0.09227614490772386,1,350000,1,0,0,0,0,0,0,0
32.219028062970565,119.0,8259.0,12.0,19.0,0.13076643661460224,0.20704685797312025,1,800000,0,0,0,0,0,1,0,0
30.379192334017795,23.0,882.0,0.0,2.0,0.0,0.20408163265306123,1,800000,0,0,0,0,0,1,0,0
34.48870636550308,28.0,2335.0,1.0,2.0,0.03854389721627409,0.07708779443254818,1,50000,1,0,0,0,1,0,0,0
40.271047227926076,164.0,14750.0,0.0,0.0,0.0,0.0,1,150000,0,1,0,0,1,0,0,0
28.54483230663929,17.0,1530.0,0.0,0.0,0.0,0.0,1,325000,0,1,0,0,1,0,0,0
35.61670088980151,26.0,2059.0,0.0,3.0,0.0,0.13113161728994657,1,150000,1,0,0,0,0,1,0,0
34.23134839151266,21.0,1563.0,0.0,1.0,0.0,0.05758157389635316,1,400000,1,0,0,0,0,1,0,0
37.582477754962355,40.0,3055.0,1.0,4.0,0.029459901800327336,0.11783960720130934,1,100000,0,0,1,0,0,0,0,1
25.242984257357975,0.0,0.0,0.0,0.0,0.0,0.0,0,250000,0,1,0,0,1,0,0,0
33.637234770705,138.0,11295.0,9.0,4.0,0.07171314741035857,0.03187250996015936,1,600000,0,0,1,0,0,0,0,0
30.32991101984942,13.0,952.0,1.0,0.0,0.09453781512605042,0.0,1,250000,1,0,0,0,1,0,0,0
35.46611909650924,26.0,1474.0,1.0,3.0,0.061058344640434185,0.18317503392130258,1,250000,0,0,1,0,1,0,0,0
31.592060232717316,186.0,16736.0,0.0,0.0,0.0,0.0,1,3000000,0,1,0,0,0,1,0,0
32.158795345653665,231.0,16883.0,20.0,7.0,0.10661612272700349,0.03731564295445122,1,2500000,0,0,1,0,0,1,0,0
31.26899383983573,141.0,11400.0,4.0,7.0,0.031578947368421054,0.05526315789473685,1,200000,1,0,0,0,0,0,0,1
31.37577002053388,43.0,3120.0,0.0,1.0,0.0,0.028846153846153848,1,1000000,1,0,0,0,0,0,0,1
33.68104038329911,294.0,21561.0,33.0,51.0,0.13774871295394464,0.21288437456518713,1,1200000,0,0,1,0,1,0,0,0
33.45653661875428,104.0,6027.0,0.0,13.0,0.0,0.19412643106022898,1,300000,0,0,1,0,1,0,0,0
30.272416153319643,1.0,90.0,0.0,0.0,0.0,0.0,1,100000,1,0,0,0,1,0,0,0
38.58179329226557,16.0,1063.0,0.0,0.0,0.0,0.0,1,75000,0,0,1,0,0,0,1,0
31.512662559890487,54.0,4243.0,1.0,0.0,0.02121140702333255,0.0,1,300000,1,0,0,0,0,0,0,1
33.86447638603696,72.0,3475.0,2.0,10.0,0.051798561151079135,0.2589928057553957,1,250000,0,0,0,0,0,0,0,0
33.59069130732375,2.0,6.0,0.0,0.0,0.0,0.0,1,150000,0,0,0,0,0,0,0,1
36.02737850787132,0.0,0.0,0.0,0.0,0.0,0.0,0,150000,0,1,0,0,1,0,0,0
35.07734428473648,137.0,8563.0,60.0,12.0,0.6306201097746117,0.12612402195492234,1,300000,0,0,0,0,0,0,1,0
35.57015742642026,62.0,4380.0,10.0,5.0,0.2054794520547945,0.10273972602739725,1,300000,0,0,0,0,0,0,0,1
27.477070499657767,0.0,0.0,0.0,0.0,0.0,0.0,0,100000,0,1,0,0,0,0,0,1
31.422313483915126,0.0,0.0,0.0,0.0,0.0,0.0,0,1000000,1,0,0,0,0,0,1,0
29.078713210130047,75.0,6370.0,1.0,5.0,0.0141287284144427,0.0706436420722135,1,500000,1,0,0,0,0,0,0,1
36.41889117043121,120.0,8931.0,5.0,13.0,0.05038629492777964,0.13100436681222707,1,250000,1,0,0,0,1,0,0,0
30.746064339493497,54.0,1826.0,2.0,2.0,0.09857612267250822,0.09857612267250822,1,800000,0,0,0,0,0,0,0,1
33.09514031485284,149.0,11590.0,1.0,5.0,0.007765314926660914,0.03882657463330458,1,300000,1,0,0,0,0,1,0,0
32.9637234770705,16.0,1065.0,1.0,0.0,0.08450704225352113,0.0,1,450000,1,0,0,0,0,1,0,0
33.07871321013005,38.0,1219.0,2.0,1.0,0.14766201804758,0.07383100902379,1,800000,0,0,0,0,0,0,0,0
33.05681040383299,206.0,13117.0,8.0,23.0,0.05489059998475261,0.15781047495616374,1,500000,0,0,1,0,0,0,0,1
32.20807665982204,132.0,7544.0,34.0,17.0,0.40562036055143164,0.20281018027571582,1,500000,0,0,0,0,0,0,0,1
32.36139630390144,43.0,3039.0,4.0,0.0,0.11846001974333663,0.0,1,350000,1,0,0,0,0,0,0,1
37.14168377823409,117.0,9650.0,2.0,5.0,0.018652849740932644,0.046632124352331605,1,200000,1,0,0,0,0,0,1,0
33.073237508555785,7.0,161.0,0.0,0.0,0.0,0.0,1,350000,0,0,0,0,0,0,0,1
32.394250513347025,54.0,4727.0,3.0,4.0,0.05711867992384176,0.07615823989845567,1,900000,1,0,0,0,0,1,0,0
33.94387405886379,131.0,6959.0,25.0,13.0,0.32332231642477366,0.16812760454088232,1,300000,0,0,0,0,0,0,0,1
33.02395619438741,107.0,6809.0,8.0,11.0,0.10574239976501688,0.14539579967689822,1,325000,0,0,0,0,1,0,0,0
33.24024640657084,52.0,3882.0,8.0,9.0,0.18547140649149924,0.20865533230293662,1,500000,0,0,0,0,0,0,0,1
23.756331279945243,2.0,180.0,0.0,0.0,0.0,0.0,1,200000,1,0,0,0,1,0,0,0
32.12594113620808,11.0,739.0,0.0,1.0,0.0,0.12178619756427606,1,250000,1,0,0,0,1,0,0,0
31.326488706365502,4.0,54.0,0.0,2.0,0.0,0.0,1,100000,0,0,1,0,0,0,0,1
33.719370294318956,3.0,92.0,0.0,0.0,0.0,0.0,1,150000,1,0,0,0,0,0,1,0
36.19438740588638,132.0,6367.0,6.0,12.0,0.08481231349144024,0.16962462698288047,1,200000,0,0,1,0,1,0,0,0
35.82477754962355,147.0,11473.0,6.0,7.0,0.047067026932798746,0.05491153142159853,1,300000,0,0,1,0,1,0,0,0
24.372347707049965,0.0,0.0,0.0,0.0,0.0,0.0,0,50000,0,1,0,0,0,0,0,1
34.60917180013689,445.0,37250.0,25.0,13.0,0.060402684563758385,0.03140939597315436,1,1000000,1,0,0,0,1,0,0,0
35.318275154004105,308.0,18952.0,98.0,60.0,0.46538623891937525,0.28493035035880115,1,300000,0,0,1,0,0,0,1,0
32.35318275154004,0.0,0.0,0.0,0.0,0.0,0.0,0,400000,0,0,1,0,0,1,0,0
33.29774127310061,14.0,814.0,2.0,0.0,0.22113022113022113,0.0,1,25000,0,0,0,0,0,0,0,1
35.06639288158795,364.0,32639.0,0.0,0.0,0.0,0.0,1,2000000,0,1,0,0,0,0,1,0
32.186173853524984,1.0,45.0,0.0,0.0,0.0,0.0,1,175000,1,0,0,0,1,0,0,0
35.069130732375086,199.0,17710.0,0.0,2.0,0.0,0.010163749294184076,1,700000,0,1,0,0,0,0,0,1
31.59753593429158,0.0,0.0,0.0,0.0,0.0,0.0,0,325000,1,0,0,0,0,0,1,0
35.38124572210815,20.0,1317.0,2.0,2.0,0.1366742596810934,0.1366742596810934,1,300000,0,0,0,0,0,1,0,0
30.67488021902806,143.0,10356.0,5.0,16.0,0.043453070683661645,0.13904982618771727,1,650000,0,0,1,0,1,0,0,0
35.285420944558524,269.0,17540.0,62.0,21.0,0.3181299885974915,0.10775370581527936,1,150000,0,0,0,0,1,0,0,0
35.2580424366872,234.0,18329.0,17.0,4.0,0.08347427573790168,0.019641006055976868,1,750000,1,0,0,0,0,0,1,0
34.66392881587954,9.0,765.0,0.0,0.0,0.0,0.0,1,150000,0,1,0,0,1,0,0,0
32.818617385352496,30.0,1331.0,0.0,2.0,0.0,0.135236664162284,1,150000,1,0,0,0,0,0,0,1
26.751540041067763,0.0,0.0,0.0,0.0,0.0,0.0,0,175000,0,0,0,0,0,0,1,0
32.544832306639286,57.0,3890.0,1.0,4.0,0.02313624678663239,0.09254498714652956,1,300000,0,0,1,0,0,0,0,0
37.48665297741273,1.0,12.0,0.0,0.0,0.0,0.0,1,150000,0,0,0,0,0,1,0,0
27.748117727583846,0.0,0.0,0.0,0.0,0.0,0.0,0,300000,1,0,0,0,0,1,0,0
33.295003422313485,197.0,12783.0,39.0,26.0,0.27458343111945555,0.18305562074630366,1,1200000,0,0,0,0,0,0,0,0
33.99315537303217,41.0,3645.0,0.0,0.0,0.0,0.0,1,700000,0,1,0,0,0,0,0,0
32.813141683778234,44.0,1909.0,1.0,5.0,0.04714510214772132,0.23572551073860662,1,150000,0,0,0,0,0,0,0,0
34.19849418206708,388.0,25868.0,116.0,33.0,0.40358744394618834,0.11481366939848461,1,5000000,0,0,0,0,0,0,0,0
30.93223819301848,0.0,0.0,0.0,0.0,0.0,0.0,0,250000,1,0,0,0,0,0,0,1
33.399041752224505,432.0,32193.0,124.0,100.0,0.3466592116298574,0.2795638803466592,1,500000,0,0,1,0,0,0,0,1
32.936344969199176,4.0,229.0,3.0,0.0,0.0,0.0,1,400000,1,0,0,0,0,0,0,1
33.76865160848734,361.0,19907.0,61.0,51.0,0.2757823881046868,0.23057216054654142,1,400000,0,0,0,0,0,0,1,0
32.539356605065024,228.0,15753.0,7.0,15.0,0.03999238240335174,0.08569796229289658,1,800000,0,0,1,0,0,0,1,0
33.27310061601643,332.0,24423.0,11.0,17.0,0.0405355607419236,0.06264586660115465,1,1700000,0,0,1,0,0,0,0,1
32.80219028062971,339.0,28178.0,25.0,14.0,0.07984952800056783,0.04471573568031798,1,8000000,1,0,0,0,0,1,0,0
32.388774811772755,19.0,1019.0,1.0,0.0,0.08832188420019627,0.0,1,150000,0,0,1,0,0,0,0,1
31.84120465434634,1.0,90.0,1.0,0.0,0.0,0.0,1,250000,1,0,0,0,0,0,0,1
32.369609856262834,13.0,589.0,1.0,1.0,0.15280135823429541,0.15280135823429541,1,1800000,0,0,1,0,0,0,0,1
34.4394250513347,24.0,1877.0,0.0,0.0,0.0,0.0,1,300000,1,0,0,0,0,1,0,0
30.299794661190965,106.0,5495.0,2.0,9.0,0.03275705186533212,0.14740673339399454,1,200000,0,0,1,0,0,1,0,0
34.00958247775496,92.0,7570.0,7.0,1.0,0.08322324966974902,0.011889035667107,1,200000,1,0,0,0,1,0,0,0
34.757015742642025,331.0,27573.0,16.0,14.0,0.052225002720052226,0.0456968773800457,1,600000,1,0,0,0,0,0,0,1
31.241615331964407,99.0,8894.0,0.0,0.0,0.0,0.0,1,600000,0,1,0,0,0,0,0,1
32.2135523613963,5.0,54.0,0.0,0.0,0.0,0.0,1,250000,0,0,0,0,0,0,0,1
39.66872005475702,532.0,32154.0,201.0,74.0,0.5626049636126143,0.20712819555887294,1,900000,0,0,0,0,1,0,0,0
32.720054757015745,21.0,1003.0,1.0,4.0,0.08973080757726819,0.35892323030907275,1,600000,0,0,0,0,0,0,0,1
35.20876112251882,123.0,10361.0,3.0,2.0,0.02605926068912267,0.017372840459415114,1,800000,1,0,0,0,0,0,0,0
37.55783709787816,79.0,7090.0,0.0,0.0,0.0,0.0,1,200000,0,1,0,0,0,0,1,0
42.23682409308692,11.0,922.0,0.0,0.0,0.0,0.0,1,25000,0,1,0,0,0,0,1,0
38.625598904859686,14.0,484.0,0.0,0.0,0.0,0.0,1,100000,0,0,0,0,0,0,1,0
32.139630390143736,1.0,108.0,0.0,0.0,0.0,0.0,1,10000,1,0,0,0,0,0,1,0
34.9678302532512,407.0,31862.0,40.0,82.0,0.11298725754817651,0.23162387797376183,1,2500000,0,0,1,0,0,0,0,1
30.77891854893908,3.0,91.0,0.0,0.0,0.0,0.0,1,100000,0,0,1,0,0,0,0,1
34.29705681040383,200.0,17567.0,2.0,2.0,0.010246484886434792,0.010246484886434792,1,300000,1,0,0,0,1,0,0,0
30.209445585215605,21.0,721.0,0.0,1.0,0.0,0.12482662968099861,1,150000,0,0,1,0,0,0,0,1
35.17864476386037,7.0,564.0,0.0,0.0,0.0,0.0,1,100000,1,0,0,0,0,0,1,0
35.46611909650924,3.0,198.0,0.0,0.0,0.0,0.0,1,250000,0,0,0,0,0,1,0,0
38.757015742642025,72.0,5010.0,16.0,6.0,0.2874251497005988,0.10778443113772455,1,300000,0,0,0,0,0,0,1,0
31.668720054757017,63.0,3455.0,8.0,8.0,0.20839363241678727,0.20839363241678727,1,225000,0,0,0,0,1,0,0,0
33.45927446954141,181.0,10008.0,31.0,27.0,0.2787769784172662,0.24280575539568347,1,350000,0,0,0,0,0,0,1,0
35.31553730321698,25.0,1425.0,0.0,1.0,0.0,0.06315789473684211,1,75000,0,0,1,0,0,0,1,0
26.349075975359344,16.0,1044.0,1.0,0.0,0.08620689655172413,0.0,1,1000000,0,0,1,0,1,0,0,0
34.666666666666664,289.0,24325.0,11.0,13.0,0.040698869475847894,0.04809866392600205,1,150000,1,0,0,0,1,0,0,0
35.06639288158795,18.0,619.0,4.0,0.0,0.5815831987075929,0.0,1,175000,0,0,0,0,0,0,0,0
33.27310061601643,57.0,4780.0,3.0,2.0,0.056485355648535567,0.03765690376569038,1,800000,1,0,0,0,0,0,0,1
35.827515400410675,481.0,39921.0,24.0,30.0,0.054106861050574884,0.0676335763132186,1,3000000,0,0,1,0,1,0,0,0
31.42778918548939,177.0,12685.0,1.0,11.0,0.007094994087504927,0.0780449349625542,1,500000,1,0,0,0,0,0,1,0
34.23134839151266,399.0,31978.0,4.0,11.0,0.011257739696041028,0.030958784164112827,1,400000,1,0,0,0,0,0,0,1
28.20807665982204,57.0,3218.0,1.0,1.0,0.02796768178993163,0.02796768178993163,1,350000,0,0,1,0,0,0,1,0
39.252566735112936,116.0,9902.0,0.0,1.0,0.0,0.009089072914562714,1,200000,0,1,0,0,0,0,1,0
36.35318275154004,340.0,26746.0,51.0,29.0,0.17161444702011516,0.09758468556045764,1,1000000,0,0,1,0,0,0,1,0
35.84941820670773,78.0,6657.0,0.0,3.0,0.0,0.040558810274898605,1,225000,1,0,0,0,0,0,1,0
34.49965776865161,2.0,162.0,0.0,0.0,0.0,0.0,1,500000,1,0,0,0,0,0,1,0
36.832306639288156,200.0,15621.0,70.0,29.0,0.4033032456308815,0.16708277318993664,1,1000000,0,0,0,0,0,0,1,0
33.14442162902122,20.0,1379.0,0.0,0.0,0.0,0.0,1,350000,0,0,1,0,0,0,1,0
36.1368925393566,155.0,9106.0,22.0,11.0,0.2174390511750494,0.1087195255875247,1,75000,0,0,1,0,0,0,1,0
35.38672142368241,26.0,2179.0,0.0,1.0,0.0,0.04130335016062414,1,100000,1,0,0,0,0,0,1,0
35.12936344969199,62.0,2666.0,7.0,4.0,0.23630907726931732,0.1350337584396099,1,25000,0,0,0,0,0,0,1,0
30.746064339493497,26.0,811.0,2.0,2.0,0.2219482120838471,0.2219482120838471,1,250000,0,0,0,0,1,0,0,0
37.163586584531146,132.0,9463.0,0.0,17.0,0.0,0.16168234175208707,1,100000,0,0,1,0,0,0,1,0
34.02053388090349,62.0,5151.0,0.0,0.0,0.0,0.0,1,200000,1,0,0,0,0,0,1,0
32.596851471594796,235.0,21250.0,0.0,1.0,0.0,0.004235294117647059,1,700000,0,1,0,0,0,0,0,1
33.53319644079398,41.0,3665.0,0.0,0.0,0.0,0.0,1,1200000,0,1,0,0,0,0,0,1
31.04722792607803,15.0,544.0,1.0,0.0,0.16544117647058823,0.0,1,500000,0,0,0,0,0,0,0,1
36.75564681724846,73.0,5809.0,1.0,3.0,0.015493200206576001,0.04647960061972801,1,25000,1,0,0,0,0,0,1,0
30.327173169062284,96.0,7192.0,4.0,2.0,0.05005561735261402,0.02502780867630701,1,900000,1,0,0,0,0,0,0,1
35.162217659137575,316.0,25088.0,5.0,16.0,0.01793686224489796,0.057397959183673464,1,300000,1,0,0,0,0,1,0,0
30.491444216290212,6.0,450.0,0.0,0.0,0.0,0.0,1,150000,0,1,0,0,0,0,0,1
34.43394934976044,49.0,2868.0,0.0,7.0,0.0,0.2196652719665272,1,200000,0,0,1,0,0,0,1,0
34.822724161533195,50.0,4469.0,0.0,0.0,0.0,0.0,1,100000,0,1,0,0,0,0,1,0
35.619438740588635,328.0,26673.0,1.0,13.0,0.0033741986278258912,0.04386458216173659,1,400000,1,0,0,0,0,0,0,0
41.06502395619439,0.0,0.0,0.0,0.0,0.0,0.0,0,50000,0,1,0,0,0,0,1,0
34.12183436002738,488.0,29658.0,86.0,81.0,0.26097511632611775,0.2458021444466923,1,3500000,0,0,1,0,0,0,0,0
34.42573579739904,273.0,22033.0,1.0,13.0,0.004084781918032043,0.05310216493441655,1,1000000,1,0,0,0,0,0,0,0
30.809034907597535,0.0,0.0,0.0,0.0,0.0,0.0,0,500000,0,0,1,0,0,0,0,1
31.43874058863792,0.0,0.0,0.0,0.0,0.0,0.0,0,50000,1,0,0,0,0,0,0,0
27.906913073237508,0.0,0.0,0.0,0.0,0.0,0.0,0,200000,1,0,0,0,0,0,0,0
30.365503080082135,0.0,0.0,0.0,0.0,0.0,0.0,0,100000,1,0,0,0,0,0,0,0
29.259411362080765,2.0,84.0,0.0,0.0,0.0,0.0,1,100000,1,0,0,0,0,0,0,0
29.366187542778917,3.0,135.0,0.0,0.0,0.0,0.0,1,300000,0,0,1,0,0,0,0,0
34.30527036276523,403.0,24694.0,18.0,42.0,0.06560298048108852,0.1530736211225399,1,1400000,0,0,1,0,0,0,1,0
32.91170431211499,15.0,1291.0,0.0,0.0,0.0,0.0,1,200000,0,1,0,0,0,0,1,0
32.016427104722794,225.0,12282.0,23.0,12.0,0.16853932584269662,0.08793356130923302,1,1400000,0,0,0,0,0,0,0,0
36.18069815195072,112.0,5889.0,16.0,13.0,0.2445236882322975,0.1986754966887417,1,500000,0,0,1,0,0,0,1,0
34.614647501711154,268.0,23014.0,5.0,10.0,0.019553315373251064,0.03910663074650213,1,500000,1,0,0,0,0,1,0,0
36.0848733744011,7.0,250.0,0.0,0.0,0.0,0.0,1,200000,1,0,0,0,0,0,1,0
35.40041067761807,13.0,446.0,2.0,0.0,0.40358744394618834,0.0,1,100000,0,0,0,0,0,0,0,0
35.24161533196441,183.0,16524.0,0.0,0.0,0.0,0.0,1,500000,0,1,0,0,0,0,1,0
40.303901437371664,1.0,90.0,0.0,0.0,0.0,0.0,1,10000,0,0,1,0,0,0,1,0
32.82956878850103,9.0,765.0,0.0,0.0,0.0,0.0,1,250000,0,1,0,0,0,0,0,1
36.12867898699521,151.0,12839.0,12.0,4.0,0.08411870083339824,0.02803956694446608,1,100000,1,0,0,0,1,0,0,0
36.23545516769336,3.0,102.0,1.0,0.0,0.0,0.0,1,50000,0,0,0,0,0,0,1,0
35.318275154004105,174.0,14069.0,8.0,11.0,0.05117634515601678,0.07036747458952307,1,100000,1,0,0,0,0,0,1,0
32.068446269678304,7.0,381.0,2.0,0.0,0.47244094488188976,0.0,1,150000,0,0,0,0,0,0,0,1
31.67693360711841,3.0,77.0,0.0,0.0,0.0,0.0,1,450000,1,0,0,0,0,0,0,1
32.8952772073922,83.0,7237.0,2.0,5.0,0.024872184606881304,0.062180461517203266,1,600000,1,0,0,0,0,1,0,0
29.752224503764545,240.0,20729.0,20.0,7.0,0.08683486902407256,0.030392204158425393,1,9000000,1,0,0,0,0,0,0,1
32.32580424366872,26.0,1700.0,0.0,0.0,0.0,0.0,1,350000,1,0,0,0,0,0,0,1
25.672826830937716,73.0,5271.0,8.0,7.0,0.13659647125782584,0.1195219123505976,1,1000000,0,0,1,0,1,0,0,0
30.92950034223135,213.0,19021.0,0.0,0.0,0.0,0.0,1,1000000,0,1,0,0,0,1,0,0
24.829568788501028,0.0,0.0,0.0,0.0,0.0,0.0,0,50000,0,0,0,0,0,0,0,1
30.56536618754278,205.0,13242.0,7.0,21.0,0.0475758948799275,0.14272768463978253,1,800000,1,0,0,0,0,0,0,1
32.87063655030801,281.0,20077.0,11.0,34.0,0.049310155899785824,0.15241320914479253,1,1200000,1,0,0,0,0,0,0,1
29.817932922655714,0.0,0.0,0.0,0.0,0.0,0.0,0,250000,0,0,1,0,0,0,0,1
34.09445585215606,1.0,90.0,0.0,0.0,0.0,0.0,1,50000,1,0,0,0,0,1,0,0
34.10814510609172,145.0,8495.0,6.0,11.0,0.06356680400235433,0.11653914067098294,1,500000,0,0,1,0,0,1,0,0
33.57152635181382,131.0,11556.0,0.0,1.0,0.0,0.007788161993769471,1,4000000,0,1,0,0,0,1,0,0
30.32991101984942,1.0,90.0,0.0,0.0,0.0,0.0,1,225000,0,0,1,0,0,0,0,1
30.765229295003422,0.0,0.0,0.0,0.0,0.0,0.0,0,300000,0,0,1,0,0,0,0,1
34.74058863791923,3.0,158.0,0.0,0.0,0.0,0.0,1,200000,0,0,0,0,0,0,1,0
35.39493497604381,106.0,5157.0,9.0,6.0,0.15706806282722513,0.10471204188481675,1,225000,0,0,0,0,0,0,1,0
32.903490759753595,2.0,210.0,0.0,0.0,0.0,0.0,1,200000,0,1,0,0,0,0,1,0
34.35728952772074,4.0,97.0,0.0,0.0,0.0,0.0,1,200000,0,0,0,0,0,0,0,1
33.62354551676933,130.0,10445.0,18.0,32.0,0.15509813307802775,0.27573001436093825,1,900000,0,0,1,0,0,0,0,0
33.256673511293634,523.0,43869.0,22.0,15.0,0.045134377350748815,0.03077343910278329,1,6000000,1,0,0,0,0,0,0,0
31.849418206707735,0.0,0.0,0.0,0.0,0.0,0.0,0,375000,1,0,0,0,0,0,1,0
30.39835728952772,0.0,0.0,0.0,0.0,0.0,0.0,0,250000,0,0,1,0,0,1,0,0
33.776865160848736,453.0,36537.0,27.0,39.0,0.06650792347483372,0.09606700057475982,1,1400000,1,0,0,0,0,0,0,0
34.12183436002738,58.0,4403.0,6.0,0.0,0.12264365205541676,0.0,1,200000,1,0,0,0,0,0,1,0
31.030800821355236,98.0,8286.0,4.0,8.0,0.04344677769732078,0.08689355539464157,1,800000,1,0,0,0,0,0,0,1
26.986995208761122,2.0,18.0,0.0,0.0,0.0,0.0,1,50000,0,0,1,0,0,0,0,1
33.56605065023956,23.0,741.0,0.0,0.0,0.0,0.0,1,100000,0,0,0,0,1,0,0,0
31.953456536618756,31.0,2146.0,8.0,4.0,0.33550792171481825,0.16775396085740912,1,250000,0,0,0,0,0,0,1,0
30.976043805612594,200.0,17601.0,4.0,4.0,0.020453383330492587,0.020453383330492587,1,7500000,1,0,0,0,0,0,1,0
30.17659137577002,76.0,3561.0,1.0,3.0,0.02527379949452401,0.07582139848357203,1,325000,0,0,0,0,0,0,1,0
33.6290212183436,19.0,1665.0,0.0,0.0,0.0,0.0,1,400000,0,1,0,0,0,0,0,0
35.97535934291581,58.0,4890.0,2.0,2.0,0.03680981595092025,0.03680981595092025,1,300000,1,0,0,0,0,1,0,0
35.29911019849418,28.0,1188.0,5.0,2.0,0.3787878787878788,0.15151515151515152,1,175000,0,0,0,0,0,0,1,0
33.77138945927447,206.0,15540.0,4.0,21.0,0.023166023166023165,0.12162162162162163,1,1000000,1,0,0,0,0,0,0,0
38.15195071868583,24.0,1501.0,0.0,1.0,0.0,0.05996002664890073,1,75000,1,0,0,0,0,0,1,0
30.535249828884325,1.0,19.0,0.0,0.0,0.0,0.0,1,25000,0,0,0,0,0,0,0,1
31.479808350444902,0.0,0.0,0.0,0.0,0.0,0.0,0,125000,0,0,0,0,0,0,0,1
33.56331279945243,106.0,6182.0,20.0,12.0,0.2911679068262698,0.1747007440957619,1,500000,0,0,0,0,0,1,0,0
33.02669404517454,309.0,23589.0,3.0,29.0,0.011446012972148036,0.11064479206409766,1,3500000,1,0,0,0,0,0,1,0
35.370294318959616,21.0,1357.0,0.0,3.0,0.0,0.19896831245394253,1,50000,0,0,1,0,0,1,0,0
20.27104722792608,2.0,39.0,0.0,0.0,0.0,0.0,1,150000,0,0,0,0,1,0,0,0
34.17659137577002,271.0,17311.0,21.0,40.0,0.10917913465426607,0.20796025648431632,1,1000000,0,0,0,0,0,0,0,0
31.520876112251884,301.0,24767.0,18.0,10.0,0.06540961763637099,0.03633867646465055,1,800000,1,0,0,0,0,0,0,0
36.01916495550992,6.0,513.0,0.0,0.0,0.0,0.0,1,150000,0,1,0,0,0,0,1,0
33.26488706365503,28.0,1100.0,7.0,1.0,0.5727272727272728,0.08181818181818182,1,350000,0,0,0,0,0,0,0,1
34.677618069815196,187.0,14733.0,6.0,3.0,0.03665241295051924,0.01832620647525962,1,400000,1,0,0,0,0,0,1,0
31.6249144421629,274.0,19998.0,2.0,10.0,0.009000900090009001,0.045004500450045004,1,1000000,1,0,0,0,0,0,1,0
33.21286789869952,297.0,16999.0,82.0,16.0,0.43414318489322906,0.0847108653450203,1,500000,0,0,0,0,0,0,1,0
34.32991101984942,187.0,14560.0,3.0,9.0,0.018543956043956044,0.05563186813186813,1,300000,1,0,0,0,0,0,1,0
32.95003422313484,27.0,2460.0,0.0,0.0,0.0,0.0,1,325000,0,1,0,0,0,0,1,0
32.56947296372348,1.0,45.0,0.0,0.0,0.0,0.0,1,250000,0,0,0,0,0,0,1,0
31.704312114989733,0.0,0.0,0.0,0.0,0.0,0.0,0,350000,0,1,0,0,0,0,1,0
32.26557152635181,0.0,0.0,0.0,0.0,0.0,0.0,0,300000,1,0,0,0,0,0,1,0
34.31895961670089,116.0,9151.0,3.0,1.0,0.029504972134192987,0.009834990711397661,1,800000,1,0,0,0,0,0,1,0
32.17796030116359,0.0,0.0,0.0,0.0,0.0,0.0,0,175000,0,0,0,0,0,1,0,0
32.24640657084189,3.0,102.0,0.0,0.0,0.0,0.0,1,10000,0,0,1,0,0,0,1,0
31.876796714579054,2.0,39.0,0.0,0.0,0.0,0.0,1,1000000,0,0,1,0,0,0,1,0
25.503080082135522,4.0,141.0,0.0,0.0,0.0,0.0,1,250000,0,0,0,0,0,1,0,0
34.91854893908282,530.0,40317.0,133.0,220.0,0.29689709055733315,0.4911079693429571,1,8000000,0,0,1,0,0,0,1,0
34.012320328542096,7.0,201.0,0.0,1.0,0.0,0.0,1,400000,0,0,0,0,0,1,0,0
33.75770020533881,50.0,4012.0,0.0,0.0,0.0,0.0,1,650000,0,0,1,0,0,0,1,0
32.37782340862423,1.0,90.0,0.0,0.0,0.0,0.0,1,350000,1,0,0,0,0,0,1,0
33.163586584531146,227.0,16023.0,83.0,40.0,0.46620483055607564,0.22467702677401236,1,800000,0,0,0,0,0,0,1,0
37.385352498288846,27.0,2202.0,2.0,0.0,0.08174386920980926,0.0,1,100000,1,0,0,0,1,0,0,0
33.51403148528405,112.0,8684.0,2.0,5.0,0.020727775218793182,0.051819438046982955,1,400000,1,0,0,0,0,0,0,0
33.65366187542779,23.0,733.0,2.0,0.0,0.24556616643929058,0.0,1,150000,0,0,1,0,0,0,0,0
31.682409308692677,60.0,4251.0,1.0,3.0,0.02117148906139732,0.06351446718419196,1,500000,1,0,0,0,1,0,0,0
33.08418891170431,138.0,10465.0,4.0,5.0,0.034400382226469184,0.04300047778308648,1,200000,0,0,1,0,1,0,0,0
30.6694045174538,31.0,1956.0,1.0,2.0,0.04601226993865031,0.09202453987730062,1,150000,1,0,0,0,0,0,0,1
30.78713210130048,181.0,10096.0,15.0,21.0,0.133716323296355,0.18720285261489697,1,800000,0,0,0,0,0,0,0,1
31.745379876796715,283.0,23675.0,9.0,39.0,0.034213305174234425,0.14825765575501584,1,800000,1,0,0,0,0,0,0,1
27.54551676933607,0.0,0.0,0.0,0.0,0.0,0.0,0,50000,1,0,0,0,1,0,0,0
35.27720739219713,41.0,3690.0,0.0,0.0,0.0,0.0,1,100000,0,1,0,0,0,0,0,0
32.153319644079396,43.0,3340.0,0.0,2.0,0.0,0.05389221556886228,1,150000,1,0,0,0,1,0,0,0
32.17796030116359,5.0,450.0,0.0,0.0,0.0,0.0,1,250000,0,1,0,0,0,1,0,0
30.17385352498289,160.0,12367.0,12.0,22.0,0.08732918250181936,0.16010350125333547,1,600000,0,0,1,0,0,0,0,1
26.767967145790553,41.0,1613.0,5.0,4.0,0.27898326100433973,0.22318660880347177,1,200000,0,0,0,0,0,0,0,1
31.633127994524298,26.0,1047.0,1.0,1.0,0.08595988538681948,0.08595988538681948,1,800000,0,0,1,0,0,0,0,0
31.644079397672826,153.0,8350.0,10.0,5.0,0.10778443113772455,0.05389221556886228,1,1500000,0,0,1,0,0,0,0,0
32.629705681040384,2.0,109.0,0.0,0.0,0.0,0.0,1,325000,1,0,0,0,0,0,1,0
34.12731006160164,25.0,1465.0,1.0,1.0,0.06143344709897611,0.06143344709897611,1,200000,0,0,0,0,0,0,1,0
30.806297056810404,8.0,574.0,0.0,0.0,0.0,0.0,1,100000,1,0,0,0,0,1,0,0
35.370294318959616,25.0,2250.0,0.0,0.0,0.0,0.0,1,350000,0,1,0,0,0,0,0,1
31.958932238193018,91.0,5242.0,15.0,13.0,0.2575352918733308,0.22319725295688667,1,100000,0,0,0,0,1,0,0,0
35.36755646817249,133.0,10741.0,6.0,10.0,0.050274648542966205,0.08379108090494368,1,275000,1,0,0,0,0,0,0,1
32.16974674880219,187.0,16025.0,11.0,5.0,0.06177847113884555,0.028081123244929798,1,1800000,1,0,0,0,0,1,0,0
33.177275838466805,65.0,5175.0,0.0,6.0,0.0,0.10434782608695652,1,300000,1,0,0,0,0,1,0,0
35.44421629021218,5.0,480.0,1.0,1.0,0.1875,0.1875,1,100000,1,0,0,0,0,1,0,0
30.250513347022586,0.0,0.0,0.0,0.0,0.0,0.0,0,150000,0,0,1,0,0,1,0,0
32.94729637234771,1.0,14.0,0.0,0.0,0.0,0.0,1,200000,0,1,0,0,0,1,0,0
32.02464065708419,109.0,6325.0,33.0,7.0,0.4695652173913044,0.09960474308300395,1,800000,0,0,0,0,1,0,0,0
35.20328542094456,70.0,5072.0,2.0,2.0,0.03548895899053628,0.03548895899053628,1,300000,1,0,0,0,1,0,0,0
31.159479808350444,149.0,11426.0,4.0,9.0,0.03150708909504639,0.07089095046385437,1,500000,1,0,0,0,0,0,0,1
36.73648186173853,149.0,9823.0,10.0,10.0,0.09162170416369744,0.09162170416369744,1,75000,0,0,1,0,0,0,0,0
34.31622176591376,194.0,13354.0,26.0,15.0,0.17522839598622136,0.10109330537666616,1,650000,0,0,1,0,0,0,0,1
32.11225188227242,5.0,366.0,0.0,0.0,0.0,0.0,1,175000,1,0,0,0,0,0,1,0
38.00684462696783,499.0,32860.0,53.0,93.0,0.14516129032258066,0.25471698113207547,1,800000,0,0,1,0,0,0,1,0
32.49555099247091,29.0,2361.0,0.0,1.0,0.0,0.03811944091486658,1,400000,1,0,0,0,0,1,0,0
31.6249144421629,26.0,897.0,1.0,1.0,0.10033444816053512,0.10033444816053512,1,125000,0,0,0,0,0,0,0,1
32.63518138261465,121.0,7610.0,15.0,15.0,0.1773981603153745,0.1773981603153745,1,125000,0,0,0,0,0,0,1,0
30.90485968514716,50.0,2511.0,2.0,4.0,0.07168458781362007,0.14336917562724014,1,250000,0,0,0,0,0,1,0,0
30.083504449007528,71.0,6164.0,1.0,4.0,0.014600908500973392,0.05840363400389357,1,1500000,1,0,0,0,1,0,0,0
27.509924709103355,0.0,0.0,0.0,0.0,0.0,0.0,0,75000,1,0,0,0,0,0,0,1
34.71047227926078,201.0,14103.0,13.0,28.0,0.08296107211231653,0.17868538608806636,1,1000000,0,0,1,0,0,1,0,0
31.709787816564,11.0,275.0,0.0,2.0,0.0,0.6545454545454545,1,250000,0,0,0,0,0,0,0,1
35.96714579055441,350.0,28666.0,11.0,34.0,0.03453568687643899,0.10674666852717504,1,450000,1,0,0,0,0,1,0,0
35.97809719370294,326.0,28011.0,6.0,10.0,0.019278140730427332,0.03213023455071222,1,300000,1,0,0,0,0,1,0,0
35.36208076659822,54.0,3895.0,5.0,0.0,0.11553273427471115,0.0,1,100000,0,0,1,0,0,0,0,0
28.856947296372347,0.0,0.0,0.0,0.0,0.0,0.0,0,300000,0,0,1,0,0,0,1,0
33.61533196440794,0.0,0.0,0.0,0.0,0.0,0.0,0,125000,0,0,1,0,0,0,1,0
29.141683778234086,0.0,0.0,0.0,0.0,0.0,0.0,0,50000,1,0,0,0,0,0,1,0
33.20191649555099,202.0,14203.0,7.0,11.0,0.04435682602267127,0.069703583749912,1,250000,1,0,0,0,0,0,1,0
33.516769336071185,24.0,1348.0,2.0,0.0,0.13353115727002968,0.0,1,200000,0,0,0,0,0,1,0,0
31.195071868583163,22.0,1897.0,0.0,0.0,0.0,0.0,1,400000,1,0,0,0,0,0,0,0
24.008213552361397,0.0,0.0,0.0,0.0,0.0,0.0,0,75000,0,0,1,0,0,0,0,1
30.76249144421629,10.0,318.0,2.0,0.0,0.5660377358490566,0.0,1,400000,1,0,0,0,0,0,0,1
28.826830937713893,0.0,0.0,0.0,0.0,0.0,0.0,0,125000,1,0,0,0,0,0,0,1
27.433264887063654,0.0,0.0,0.0,0.0,0.0,0.0,0,50000,0,1,0,0,0,0,0,1
30.518822724161534,13.0,988.0,0.0,2.0,0.0,0.18218623481781376,1,250000,0,0,1,0,0,0,0,1
21.267624914442163,0.0,0.0,0.0,0.0,0.0,0.0,0,100000,1,0,0,0,0,0,0,1
22.258726899383984,0.0,0.0,0.0,0.0,0.0,0.0,0,100000,1,0,0,0,0,0,0,1
33.738535249828885,239.0,16272.0,16.0,8.0,0.08849557522123894,0.04424778761061947,1,1500000,1,0,0,0,0,0,0,1
32.303901437371664,17.0,676.0,1.0,0.0,0.1331360946745562,0.0,1,100000,0,0,1,0,0,1,0,0
31.37303216974675,32.0,2880.0,0.0,0.0,0.0,0.0,1,800000,0,1,0,0,0,0,0,1
30.715947980835043,4.0,92.0,0.0,0.0,0.0,0.0,1,150000,0,0,1,0,0,0,0,1
34.83093771389459,183.0,10126.0,31.0,17.0,0.2755283428797156,0.1510961880308118,1,400000,0,0,0,0,1,0,0,0
29.286789869952088,0.0,0.0,0.0,0.0,0.0,0.0,0,25000,0,0,0,0,0,0,0,1
30.587268993839835,45.0,2983.0,3.0,2.0,0.09051290646999664,0.060341937646664436,1,300000,1,0,0,0,1,0,0,0
33.69199178644764,346.0,24271.0,16.0,11.0,0.05933006468625108,0.04078941947179762,1,700000,0,0,1,0,0,0,0,1
33.24024640657084,434.0,36297.0,14.0,62.0,0.034713612695264066,0.1537317133647409,1,2000000,1,0,0,0,0,0,0,1
22.78713210130048,0.0,0.0,0.0,0.0,0.0,0.0,0,300000,0,1,0,0,1,0,0,0
34.776180698151954,254.0,16820.0,14.0,11.0,0.07491082045184304,0.058858501783590964,1,250000,0,0,1,0,1,0,0,0
33.478439425051334,38.0,3257.0,0.0,0.0,0.0,0.0,1,250000,0,1,0,0,1,0,0,0
33.5605749486653,352.0,30058.0,35.0,12.0,0.1047973917093619,0.03593053430035265,1,5000000,1,0,0,0,0,0,0,1
32.824093086926766,10.0,685.0,0.0,0.0,0.0,0.0,1,150000,1,0,0,0,1,0,0,0
32.4435318275154,0.0,0.0,0.0,0.0,0.0,0.0,0,600000,0,0,0,0,0,0,0,0
32.303901437371664,4.0,102.0,0.0,0.0,0.0,0.0,1,150000,1,0,0,0,1,0,0,0
31.32101300479124,59.0,5019.0,0.0,1.0,0.0,0.017931858936043037,1,250000,1,0,0,0,1,0,0,0
25.02943189596167,1.0,6.0,0.0,0.0,0.0,0.0,1,100000,0,0,0,0,1,0,0,0
30.803559206023273,2.0,121.0,0.0,0.0,0.0,0.0,1,200000,0,1,0,0,0,0,0,1
32.558521560574945,165.0,9354.0,66.0,12.0,0.6350224502886466,0.11545862732520847,1,250000,0,0,0,0,0,0,0,0
23.72347707049966,2.0,167.0,0.0,0.0,0.0,0.0,1,25000,1,0,0,0,0,0,0,1
29.478439425051334,0.0,0.0,0.0,0.0,0.0,0.0,0,200000,1,0,0,0,0,0,0,1
30.60643394934976,44.0,1982.0,5.0,7.0,0.2270433905146317,0.31786074672048437,1,1300000,0,0,0,0,0,0,0,1
31.143052703627653,0.0,0.0,0.0,0.0,0.0,0.0,0,175000,0,0,1,0,0,0,0,1
31.15126625598905,30.0,1289.0,3.0,3.0,0.2094647013188518,0.2094647013188518,1,350000,0,0,0,0,0,0,0,1
32.435318275154,337.0,19417.0,37.0,44.0,0.1714992017304424,0.20394499665241797,1,900000,0,0,1,0,0,0,0,1
29.574264202600958,8.0,210.0,0.0,0.0,0.0,0.0,1,250000,0,0,1,0,0,0,0,1
29.976728268309376,0.0,0.0,0.0,0.0,0.0,0.0,0,50000,0,1,0,0,0,0,0,1
31.12662559890486,172.0,12222.0,3.0,15.0,0.022091310751104563,0.11045655375552282,1,600000,1,0,0,0,0,0,0,1
31.430527036276523,3.0,106.0,0.0,2.0,0.0,0.0,1,350000,0,0,1,0,0,0,0,1
33.776865160848736,293.0,22475.0,16.0,20.0,0.06407119021134594,0.08008898776418243,1,1500000,1,0,0,0,0,0,0,0
36.525667351129364,350.0,19987.0,78.0,12.0,0.3512282983939561,0.054035122829839397,1,700000,0,0,0,0,0,0,0,0
32.93908281998631,406.0,28848.0,16.0,35.0,0.04991680532445924,0.10919301164725458,1,4000000,1,0,0,0,0,0,1,0
33.35249828884326,27.0,728.0,0.0,0.0,0.0,0.0,1,225000,0,0,1,0,0,0,0,1
32.98562628336756,0.0,0.0,0.0,0.0,0.0,0.0,0,25000,0,0,1,0,0,0,1,0
30.376454483230663,11.0,273.0,0.0,0.0,0.0,0.0,1,1000000,0,0,1,0,0,0,0,1
29.801505817932924,2.0,56.0,0.0,0.0,0.0,0.0,1,150000,0,0,0,0,0,0,0,1
31.37577002053388,1.0,90.0,0.0,0.0,0.0,0.0,1,100000,1,0,0,0,0,0,0,1
33.30595482546201,22.0,1980.0,0.0,0.0,0.0,0.0,1,300000,0,1,0,0,0,0,0,1
26.55441478439425,0.0,0.0,0.0,0.0,0.0,0.0,0,50000,0,1,0,0,0,0,0,1
32.01916495550992,370.0,31573.0,24.0,10.0,0.068412884426567,0.028505368511069586,1,2500000,1,0,0,0,0,0,0,1
27.87953456536619,0.0,0.0,0.0,0.0,0.0,0.0,0,75000,0,0,0,0,0,0,0,1
31.170431211498972,0.0,0.0,0.0,0.0,0.0,0.0,0,225000,1,0,0,0,0,0,0,1
26.031485284052017,0.0,0.0,0.0,0.0,0.0,0.0,0,50000,0,1,0,0,0,0,0,1
34.362765229295,253.0,22675.0,1.0,0.0,0.003969128996692392,0.0,1,700000,0,1,0,0,0,0,0,0
35.38124572210815,10.0,605.0,0.0,0.0,0.0,0.0,1,200000,1,0,0,0,0,0,0,0
33.58521560574949,439.0,24321.0,89.0,60.0,0.3293450104847662,0.2220303441470334,1,2400000,0,0,0,0,0,0,1,0
31.04722792607803,2.0,120.0,0.0,0.0,0.0,0.0,1,25000,0,0,1,0,0,0,0,1
25.642710472279262,1.0,96.0,0.0,0.0,0.0,0.0,1,200000,0,0,0,0,0,0,0,1
33.96851471594798,24.0,781.0,2.0,2.0,0.23047375160051214,0.23047375160051214,1,100000,0,0,0,0,0,0,0,0
31.40041067761807,1.0,9.0,0.0,0.0,0.0,0.0,1,250000,0,0,0,0,0,0,0,1
31.975359342915812,21.0,602.0,0.0,1.0,0.0,0.14950166112956811,1,175000,0,0,0,0,0,1,0,0
25.982203969883642,21.0,635.0,1.0,2.0,0.14173228346456693,0.28346456692913385,1,150000,0,0,0,0,0,0,0,1
27.786447638603697,0.0,0.0,0.0,0.0,0.0,0.0,0,150000,1,0,0,0,0,0,0,1
31.392197125256672,59.0,2312.0,7.0,5.0,0.27249134948096887,0.19463667820069205,1,800000,0,0,0,0,0,0,0,1
32.988364134154686,139.0,9908.0,1.0,4.0,0.009083568833266047,0.03633427533306419,1,150000,1,0,0,0,0,0,1,0
34.08350444900753,0.0,0.0,0.0,0.0,0.0,0.0,0,50000,0,0,0,0,0,0,1,0
29.149897330595483,0.0,0.0,0.0,0.0,0.0,0.0,0,150000,0,0,1,0,0,0,1,0
37.921971252566735,17.0,1478.0,2.0,0.0,0.12178619756427606,0.0,1,100000,1,0,0,0,1,0,0,0
36.016427104722794,522.0,43184.0,7.0,40.0,0.014588736569099668,0.08336420896628381,1,1500000,1,0,0,0,0,1,0,0
30.56810403832991,116.0,6638.0,21.0,8.0,0.2847243145525761,0.1084664055438385,1,400000,0,0,0,0,0,1,0,0
37.56605065023956,19.0,1486.0,1.0,1.0,0.06056527590847914,0.06056527590847914,1,25000,0,0,1,0,0,0,0,0
36.29295003422313,61.0,4780.0,1.0,4.0,0.01882845188284519,0.07531380753138076,1,25000,1,0,0,0,0,0,0,0
36.648870636550306,23.0,992.0,0.0,1.0,0.0,0.0907258064516129,1,50000,1,0,0,0,0,0,0,0
33.880903490759756,237.0,14500.0,10.0,9.0,0.06206896551724137,0.05586206896551724,1,400000,0,0,1,0,0,0,0,0
33.275838466803556,93.0,4423.0,9.0,10.0,0.18313361971512548,0.20348179968347277,1,75000,0,0,0,0,1,0,0,0
33.210130047912386,43.0,3870.0,0.0,0.0,0.0,0.0,1,400000,0,1,0,0,0,0,1,0
35.55099247091034,48.0,4350.0,0.0,1.0,0.0,0.020689655172413793,1,150000,0,1,0,0,0,1,0,0
35.70431211498973,343.0,26665.0,6.0,57.0,0.020251265704106507,0.19238702418901182,1,1500000,1,0,0,0,0,1,0,0
36.50376454483231,116.0,9130.0,9.0,2.0,0.0887185104052574,0.019715224534501644,1,200000,1,0,0,0,0,0,0,0
36.0,160.0,14366.0,0.0,0.0,0.0,0.0,1,300000,0,1,0,0,0,1,0,0
36.224503764544835,143.0,12745.0,0.0,0.0,0.0,0.0,1,900000,0,1,0,0,0,0,1,0
31.811088295687885,5.0,381.0,0.0,0.0,0.0,0.0,1,1000000,0,0,1,0,1,0,0,0
33.04312114989733,554.0,41460.0,271.0,88.0,0.5882778581765558,0.191027496382055,1,6000000,0,0,0,0,0,0,1,0
22.90759753593429,1.0,1.0,0.0,0.0,0.0,0.0,1,50000,0,0,1,0,0,0,0,1
39.32375085557837,334.0,20177.0,125.0,26.0,0.5575655449273925,0.11597363334489766,1,100000,0,0,0,0,1,0,0,0
32.394250513347025,7.0,355.0,0.0,1.0,0.0,0.2535211267605634,1,600000,0,0,0,0,0,0,0,0
36.153319644079396,473.0,35998.0,27.0,52.0,0.06750375020834491,0.13000722262347908,1,1500000,1,0,0,0,0,0,0,0
31.737166324435318,31.0,2274.0,0.0,1.0,0.0,0.0395778364116095,1,150000,1,0,0,0,0,0,1,0
32.19712525667351,1.0,76.0,0.0,0.0,0.0,0.0,1,300000,0,0,0,0,0,0,1,0
31.887748117727583,176.0,11310.0,4.0,7.0,0.03183023872679045,0.05570291777188329,1,250000,0,0,1,0,0,0,1,0
32.33401779603012,262.0,16130.0,68.0,22.0,0.379417234965902,0.12275263484190947,1,250000,0,0,0,0,0,0,1,0
32.14784394250513,99.0,5338.0,8.0,10.0,0.1348819782690146,0.16860247283626825,1,75000,0,0,0,0,0,0,1,0
33.67830253251198,196.0,16283.0,12.0,5.0,0.06632684394767549,0.02763618497819812,1,600000,1,0,0,0,0,1,0,0
33.94113620807666,14.0,1183.0,0.0,1.0,0.0,0.0760777683854607,1,350000,1,0,0,0,1,0,0,0
34.072553045859,50.0,3945.0,0.0,2.0,0.0,0.04562737642585551,1,200000,1,0,0,0,1,0,0,0
34.5927446954141,82.0,5857.0,1.0,9.0,0.01536622844459621,0.13829605600136588,1,475000,0,0,1,0,1,0,0,0
32.459958932238195,183.0,8147.0,16.0,18.0,0.1767521787160918,0.19884620105560327,1,1000000,0,0,0,0,0,0,0,0
34.22861054072553,109.0,6519.0,26.0,20.0,0.3589507593189139,0.27611596870685684,1,200000,0,0,0,0,1,0,0,0
36.24640657084189,315.0,19982.0,59.0,50.0,0.2657391652487239,0.22520268241417277,1,400000,0,0,0,0,1,0,0,0
34.11362080766598,150.0,9522.0,21.0,16.0,0.19848771266540643,0.15122873345935728,1,100000,0,0,0,0,1,0,0,0
34.63381245722108,2.0,120.0,0.0,0.0,0.0,0.0,1,150000,0,1,0,0,1,0,0,0
29.00479123887748,9.0,710.0,1.0,0.0,0.1267605633802817,0.0,1,550000,0,0,1,0,0,0,0,0
32.07118412046543,166.0,10001.0,50.0,18.0,0.44995500449955006,0.161983801619838,1,500000,0,0,0,0,0,0,1,0
34.8145106091718,150.0,7602.0,7.0,8.0,0.08287292817679558,0.09471191791633782,1,175000,0,0,0,0,0,0,1,0
32.106776180698155,23.0,872.0,2.0,0.0,0.20642201834862386,0.0,1,100000,0,0,0,0,0,0,1,0
33.07871321013005,186.0,16694.0,0.0,0.0,0.0,0.0,1,500000,0,1,0,0,0,0,1,0
33.81519507186858,302.0,24637.0,19.0,3.0,0.06940780127450583,0.010959126517027235,1,1000000,1,0,0,0,0,1,0,0
30.182067077344286,0.0,0.0,0.0,0.0,0.0,0.0,0,150000,0,0,1,0,0,0,0,0
31.2580424366872,10.0,323.0,1.0,0.0,0.2786377708978328,0.0,1,200000,0,0,1,0,0,0,0,0
34.039698836413415,334.0,18688.0,48.0,40.0,0.23116438356164382,0.19263698630136986,1,1200000,0,0,0,0,0,0,0,0
35.65229295003422,82.0,7410.0,0.0,0.0,0.0,0.0,1,200000,0,1,0,0,0,1,0,0
35.77275838466804,0.0,0.0,0.0,0.0,0.0,0.0,0,300000,0,1,0,0,0,0,0,1
38.12731006160164,49.0,4440.0,0.0,0.0,0.0,0.0,1,100000,0,1,0,0,0,0,1,0
33.40999315537303,70.0,3475.0,3.0,4.0,0.07769784172661871,0.10359712230215827,1,450000,0,0,0,0,0,0,0,0
33.67830253251198,31.0,2016.0,1.0,3.0,0.04464285714285714,0.13392857142857142,1,400000,1,0,0,0,0,0,0,0
35.38672142368241,394.0,30979.0,25.0,15.0,0.07262984602472643,0.043577907614835855,1,900000,1,0,0,0,0,0,0,0
31.21423682409309,2.0,180.0,0.0,0.0,0.0,0.0,1,200000,1,0,0,0,0,0,1,0
32.99110198494182,13.0,912.0,0.0,1.0,0.0,0.09868421052631579,1,100000,1,0,0,0,0,0,0,0
23.315537303216974,1.0,2.0,0.0,0.0,0.0,0.0,1,100000,0,0,0,0,1,0,0,0
33.93018480492813,0.0,0.0,0.0,0.0,0.0,0.0,0,125000,1,0,0,0,0,0,0,1
35.32375085557837,13.0,1147.0,0.0,0.0,0.0,0.0,1,50000,1,0,0,0,0,0,1,0
30.11362080766598,0.0,0.0,0.0,0.0,0.0,0.0,0,100000,0,1,0,0,0,0,1,0
32.4517453798768,41.0,2297.0,4.0,1.0,0.1567261645624728,0.0391815411406182,1,900000,0,0,0,0,0,0,0,0
34.718685831622174,384.0,28734.0,31.0,43.0,0.09709751513885988,0.13468365003132177,1,1500000,1,0,0,0,1,0,0,0
32.19164955509925,292.0,19649.0,8.0,13.0,0.036643086162145656,0.05954501501348669,1,500000,0,0,1,0,0,0,1,0
32.59411362080767,0.0,0.0,0.0,0.0,0.0,0.0,0,200000,0,0,0,0,0,0,1,0
32.186173853524984,26.0,1327.0,0.0,1.0,0.0,0.06782215523737754,1,700000,1,0,0,0,0,1,0,0
34.40657084188912,1.0,65.0,0.0,0.0,0.0,0.0,1,50000,1,0,0,0,0,0,0,0
31.805612594113622,84.0,7305.0,1.0,1.0,0.012320328542094456,0.012320328542094456,1,500000,1,0,0,0,0,0,0,0
42.841889117043124,32.0,2658.0,2.0,1.0,0.06772009029345372,0.03386004514672686,1,100000,1,0,0,0,0,0,1,0
35.917864476386036,122.0,9970.0,4.0,2.0,0.03610832497492477,0.018054162487462385,1,300000,1,0,0,0,0,0,1,0
31.33196440793977,92.0,8280.0,0.0,0.0,0.0,0.0,1,3000000,0,1,0,0,0,0,0,0
31.783709787816566,25.0,882.0,1.0,3.0,0.10204081632653061,0.30612244897959184,1,600000,0,0,0,0,0,0,1,0
33.97672826830938,243.0,20210.0,4.0,17.0,0.017812963879267688,0.07570509648688768,1,250000,1,0,0,0,0,1,0,0
30.82819986310746,5.0,219.0,0.0,0.0,0.0,0.0,1,300000,1,0,0,0,0,1,0,0
34.9678302532512,236.0,20555.0,14.0,5.0,0.06129895402578448,0.021892483580637313,1,900000,1,0,0,0,0,0,0,0
33.23477070499658,67.0,2980.0,5.0,7.0,0.15100671140939598,0.21140939597315433,1,350000,0,0,0,0,0,0,1,0
31.058179329226558,364.0,26861.0,10.0,51.0,0.03350582629090503,0.17087971408361566,1,25000000,0,0,1,0,1,0,0,0
32.65160848733744,297.0,22487.0,9.0,23.0,0.036020812024725395,0.09205318628540934,1,1000000,1,0,0,0,1,0,0,0
33.83436002737851,162.0,12785.0,7.0,1.0,0.04927649589362534,0.007039499413375049,1,600000,1,0,0,0,0,0,1,0
37.35249828884326,1.0,9.0,0.0,0.0,0.0,0.0,1,25000,0,0,0,0,0,0,1,0
24.87337440109514,8.0,480.0,0.0,0.0,0.0,0.0,1,300000,1,0,0,0,1,0,0,0
33.106091718001366,22.0,1103.0,0.0,1.0,0.0,0.08159564823209428,1,400000,0,0,1,0,0,0,1,0
31.378507871321013,2.0,135.0,1.0,0.0,0.0,0.0,1,50000,1,0,0,0,0,0,1,0
34.8062970568104,17.0,1398.0,2.0,1.0,0.12875536480686695,0.06437768240343347,1,50000,0,0,1,0,0,0,1,0
32.99110198494182,15.0,789.0,0.0,1.0,0.0,0.11406844106463877,1,250000,0,0,1,0,1,0,0,0
34.77344284736482,7.0,581.0,0.0,0.0,0.0,0.0,1,350000,1,0,0,0,1,0,0,0
32.36139630390144,7.0,379.0,1.0,0.0,0.23746701846965698,0.0,1,750000,0,0,0,0,0,0,0,1
24.314852840520192,1.0,69.0,0.0,0.0,0.0,0.0,1,500000,0,0,1,0,0,1,0,0
29.39630390143737,0.0,0.0,0.0,0.0,0.0,0.0,0,50000,0,0,1,0,0,1,0,0
33.5523613963039,0.0,0.0,0.0,0.0,0.0,0.0,0,75000,0,0,1,0,0,0,1,0
29.43189596167009,114.0,6295.0,25.0,16.0,0.35742652899126287,0.22875297855440826,1,1500000,0,0,0,0,0,0,0,1
33.661875427789184,95.0,7386.0,8.0,5.0,0.09748172217709179,0.06092607636068237,1,200000,0,0,1,0,1,0,0,0
34.69952087611225,365.0,24061.0,81.0,40.0,0.30297992602136237,0.1496197165537592,1,600000,0,0,0,0,1,0,0,0
31.865845311430526,0.0,0.0,0.0,0.0,0.0,0.0,0,100000,0,0,1,0,0,0,0,1
26.934976043805612,5.0,336.0,0.0,0.0,0.0,0.0,1,75000,1,0,0,0,0,0,0,1
29.385352498288842,0.0,0.0,0.0,0.0,0.0,0.0,0,350000,0,1,0,0,0,0,0,1
32.04380561259411,7.0,498.0,0.0,0.0,0.0,0.0,1,150000,0,1,0,0,0,0,1,0
33.22655715263518,43.0,2950.0,13.0,6.0,0.3966101694915254,0.18305084745762712,1,300000,0,0,0,0,0,1,0,0
34.809034907597535,0.0,0.0,0.0,0.0,0.0,0.0,0,125000,1,0,0,0,0,0,0,1
32.79123887748118,7.0,379.0,1.0,0.0,0.23746701846965698,0.0,1,350000,0,0,0,0,0,1,0,0
35.83025325119781,20.0,514.0,1.0,0.0,0.17509727626459143,0.0,1,250000,0,0,0,0,0,1,0,0
32.97741273100616,382.0,31946.0,18.0,9.0,0.05071057409378326,0.02535528704689163,1,1000000,1,0,0,0,0,0,1,0
25.149897330595483,0.0,0.0,0.0,0.0,0.0,0.0,0,75000,0,0,0,0,0,0,0,1
35.175906913073234,0.0,0.0,0.0,0.0,0.0,0.0,0,100000,1,0,0,0,0,0,0,0
35.2580424366872,3.0,119.0,0.0,0.0,0.0,0.0,1,150000,0,0,0,0,0,1,0,0
30.316221765913756,0.0,0.0,0.0,0.0,0.0,0.0,0,100000,1,0,0,0,0,1,0,0
27.668720054757017,3.0,225.0,0.0,0.0,0.0,0.0,1,300000,1,0,0,0,0,0,1,0
33.667351129363446,395.0,35530.0,1.0,4.0,0.0025330706445257528,0.010132282578103011,1,15000000,0,1,0,0,0,1,0,0
36.276522929500345,528.0,37808.0,273.0,73.0,0.6498624629707999,0.1737727465086754,1,1800000,0,0,0,0,0,0,1,0
26.46406570841889,0.0,0.0,0.0,0.0,0.0,0.0,0,50000,0,0,0,0,0,0,0,1
29.12251882272416,3.0,47.0,0.0,0.0,0.0,0.0,1,25000,0,0,1,0,0,0,1,0
31.260780287474333,0.0,0.0,0.0,0.0,0.0,0.0,0,300000,0,0,0,0,1,0,0,0
29.322381930184804,86.0,5967.0,16.0,6.0,0.24132730015082957,0.09049773755656107,1,250000,0,0,0,0,1,0,0,0
31.449691991786448,11.0,918.0,0.0,1.0,0.0,0.09803921568627452,1,400000,1,0,0,0,1,0,0,0
33.58795345653662,217.0,12669.0,31.0,43.0,0.22022259057542032,0.30547004499171204,1,1000000,0,0,1,0,0,0,0,1
34.88021902806297,439.0,38321.0,18.0,19.0,0.04227447091672973,0.04462305263432583,1,1000000,1,0,0,0,0,0,0,1
32.747433264887064,227.0,13821.0,24.0,38.0,0.15628391578033426,0.2474495333188626,1,1800000,0,0,1,0,0,0,0,1
32.19438740588638,383.0,26440.0,57.0,53.0,0.19402420574886534,0.1804084720121029,1,6000000,0,0,1,0,0,0,0,1
31.633127994524298,20.0,1290.0,0.0,0.0,0.0,0.0,1,800000,1,0,0,0,0,0,0,1
29.713894592744694,5.0,333.0,0.0,0.0,0.0,0.0,1,200000,0,0,1,0,0,1,0,0
34.444900752908964,0.0,0.0,0.0,0.0,0.0,0.0,0,50000,1,0,0,0,1,0,0,0
32.15058179329227,35.0,1951.0,0.0,1.0,0.0,0.04613018964633521,1,300000,0,0,1,0,0,1,0,0
28.813141683778234,4.0,218.0,0.0,0.0,0.0,0.0,1,1500000,0,0,1,0,0,0,0,1
24.856947296372347,2.0,49.0,0.0,0.0,0.0,0.0,1,500000,1,0,0,0,0,1,0,0
33.80971937029432,357.0,31993.0,0.0,0.0,0.0,0.0,1,2000000,0,1,0,0,0,0,0,1
32.17796030116359,0.0,0.0,0.0,0.0,0.0,0.0,0,50000,0,0,0,0,0,0,0,1
32.31211498973306,14.0,496.0,1.0,2.0,0.1814516129032258,0.3629032258064516,1,350000,0,0,1,0,0,0,1,0
32.85420944558521,22.0,1841.0,1.0,0.0,0.04888647474198805,0.0,1,150000,1,0,0,0,0,0,1,0
28.317590691307323,1.0,10.0,0.0,0.0,0.0,0.0,1,700000,0,0,1,0,0,0,0,1
34.22861054072553,440.0,30022.0,75.0,42.0,0.2248351209113317,0.12590766771034576,1,1800000,0,0,0,0,0,1,0,0
24.438056125941138,0.0,0.0,0.0,0.0,0.0,0.0,0,75000,0,0,0,0,0,0,0,1
34.06707734428473,585.0,52747.0,0.0,3.0,0.0,0.005118774527461277,1,15000000,0,1,0,0,0,0,0,0
33.74674880219028,0.0,0.0,0.0,0.0,0.0,0.0,0,50000,0,1,0,0,0,1,0,0
32.51745379876797,187.0,12560.0,11.0,11.0,0.07882165605095541,0.07882165605095541,1,75000,0,0,1,0,0,0,1,0
33.07049965776865,248.0,21308.0,14.0,22.0,0.05913272010512484,0.09292284587948188,1,3500000,1,0,0,0,0,0,0,1
31.312799452429843,0.0,0.0,0.0,0.0,0.0,0.0,0,100000,0,0,0,0,0,0,1,0
34.48870636550308,301.0,20162.0,98.0,12.0,0.4374566015276263,0.05356611447277056,1,5000000,0,0,0,0,0,1,0,0
31.378507871321013,108.0,7680.0,5.0,21.0,0.05859375,0.24609374999999997,1,400000,1,0,0,0,0,1,0,0
23.698836413415467,52.0,4565.0,1.0,1.0,0.019715224534501644,0.019715224534501644,1,900000,1,0,0,0,0,0,0,0
31.463381245722108,90.0,6076.0,2.0,7.0,0.029624753127057275,0.10368663594470046,1,800000,1,0,0,0,0,0,1,0
31.704312114989733,27.0,2092.0,2.0,0.0,0.08604206500956023,0.0,1,300000,0,0,1,0,1,0,0,0
33.88637919233402,11.0,990.0,0.0,0.0,0.0,0.0,1,350000,1,0,0,0,0,0,1,0
30.357289527720738,3.0,28.0,0.0,0.0,0.0,0.0,1,500000,1,0,0,0,0,0,0,1
25.864476386036962,0.0,0.0,0.0,0.0,0.0,0.0,0,100000,0,0,1,0,0,0,1,0
29.95482546201232,0.0,0.0,0.0,0.0,0.0,0.0,0,150000,1,0,0,0,1,0,0,0
35.252566735112936,30.0,2570.0,1.0,1.0,0.03501945525291829,0.03501945525291829,1,300000,1,0,0,0,1,0,0,0
30.327173169062284,30.0,1643.0,2.0,2.0,0.10955569080949483,0.10955569080949483,1,1000000,0,0,0,0,0,1,0,0
32.832306639288156,2.0,57.0,0.0,0.0,0.0,0.0,1,125000,0,0,1,0,0,0,0,1
29.284052019164957,3.0,296.0,0.0,1.0,0.0,0.30405405405405406,1,100000,0,0,0,0,0,0,0,1
31.20328542094456,0.0,0.0,0.0,0.0,0.0,0.0,0,175000,0,1,0,0,0,0,0,1
32.780287474332646,240.0,19362.0,5.0,4.0,0.02324140068174775,0.018593120545398203,1,600000,1,0,0,0,0,0,0,1
39.898699520876114,1.0,90.0,0.0,0.0,0.0,0.0,1,100000,0,1,0,0,1,0,0,0
27.904175222450377,7.0,477.0,0.0,0.0,0.0,0.0,1,100000,1,0,0,0,1,0,0,0
33.724845995893226,82.0,5798.0,1.0,2.0,0.01552259399793032,0.03104518799586064,1,200000,1,0,0,0,0,0,1,0
35.1129363449692,25.0,1402.0,0.0,0.0,0.0,0.0,1,275000,0,0,1,0,0,0,1,0
40.37782340862423,25.0,1993.0,0.0,3.0,0.0,0.1354741595584546,1,50000,1,0,0,0,0,0,1,0
23.71252566735113,0.0,0.0,0.0,0.0,0.0,0.0,0,150000,0,0,1,0,0,1,0,0
28.459958932238195,33.0,2863.0,4.0,1.0,0.12574222843171498,0.031435557107928745,1,375000,1,0,0,0,0,1,0,0
30.028747433264886,17.0,1126.0,2.0,2.0,0.15985790408525755,0.15985790408525755,1,300000,1,0,0,0,0,1,0,0
30.921286789869953,5.0,229.0,0.0,0.0,0.0,0.0,1,600000,0,0,1,0,0,1,0,0
21.568788501026695,0.0,0.0,0.0,0.0,0.0,0.0,0,75000,1,0,0,0,0,1,0,0
33.190965092402465,100.0,9008.0,0.0,2.0,0.0,0.019982238010657193,1,2000000,0,1,0,0,0,1,0,0
31.085557837097877,10.0,742.0,0.0,0.0,0.0,0.0,1,400000,0,1,0,0,0,1,0,0
30.466803559206024,1.0,90.0,0.0,0.0,0.0,0.0,1,300000,1,0,0,0,0,0,0,1
33.54688569472964,303.0,26866.0,0.0,0.0,0.0,0.0,1,2000000,0,1,0,0,0,0,1,0
31.405886379192335,57.0,5068.0,0.0,0.0,0.0,0.0,1,400000,0,1,0,0,0,0,1,0
30.759753593429156,55.0,4076.0,0.0,1.0,0.0,0.022080471050049066,1,500000,0,0,1,0,0,0,1,0
31.20602327173169,2.0,109.0,0.0,1.0,0.0,0.0,1,25000,0,0,0,0,0,0,1,0
30.666666666666668,19.0,1307.0,0.0,0.0,0.0,0.0,1,800000,0,0,1,0,0,0,1,0
31.290896646132786,73.0,4585.0,7.0,11.0,0.13740458015267176,0.2159214830970556,1,150000,0,0,0,0,1,0,0,0
24.292950034223136,0.0,0.0,0.0,0.0,0.0,0.0,0,50000,0,1,0,0,1,0,0,0
33.50581793292265,254.0,19317.0,1.0,15.0,0.004659108557229384,0.06988662835844074,1,700000,1,0,0,0,1,0,0,0
31.397672826830938,124.0,7554.0,20.0,9.0,0.23828435266084194,0.10722795869737888,1,300000,0,0,0,0,1,0,0,0
33.927446954141,277.0,20059.0,2.0,9.0,0.008973528092128221,0.040380876414577,1,700000,0,0,1,0,0,1,0,0
31.132101300479125,82.0,4309.0,21.0,2.0,0.4386168484567185,0.04177303318635414,1,400000,0,0,0,0,1,0,0,0
31.523613963039015,180.0,13477.0,6.0,14.0,0.04006826445054537,0.09349261705127254,1,1500000,1,0,0,0,1,0,0,0
23.77549623545517,0.0,0.0,0.0,0.0,0.0,0.0,0,50000,1,0,0,0,0,1,0,0
30.954140999315538,3.0,225.0,0.0,0.0,0.0,0.0,1,900000,0,1,0,0,0,1,0,0
32.785763175906915,57.0,4759.0,2.0,3.0,0.03782307207396512,0.056734608110947674,1,500000,1,0,0,0,0,1,0,0
34.91033538672142,31.0,2322.0,0.0,1.0,0.0,0.03875968992248062,1,250000,1,0,0,0,1,0,0,0
34.38193018480493,431.0,33315.0,15.0,22.0,0.040522287257991896,0.05943268797838811,1,1500000,1,0,0,0,0,1,0,0
34.31074606433949,481.0,38825.0,27.0,13.0,0.0625885383129427,0.03013522215067611,1,3000000,1,0,0,0,0,0,1,0
29.286789869952088,124.0,8072.0,12.0,11.0,0.1337958374628345,0.12264618434093161,1,500000,1,0,0,0,0,0,1,0
39.238877481177276,125.0,10222.0,6.0,5.0,0.052827235374682056,0.044022696145568384,1,500000,0,0,1,0,0,0,0,1
29.7741273100616,8.0,393.0,0.0,0.0,0.0,0.0,1,300000,0,0,1,0,0,0,0,1
33.549623545516766,71.0,5196.0,2.0,0.0,0.03464203233256351,0.0,1,400000,1,0,0,0,1,0,0,0
34.38193018480493,134.0,10829.0,12.0,0.0,0.09973220057253672,0.0,1,200000,1,0,0,0,0,0,1,0
30.00684462696783,0.0,0.0,0.0,0.0,0.0,0.0,0,250000,1,0,0,0,0,1,0,0
31.589322381930184,117.0,7737.0,24.0,16.0,0.2791779759596743,0.1861186506397829,1,2000000,0,0,0,0,0,1,0,0
34.32443531827516,66.0,5943.0,0.0,0.0,0.0,0.0,1,400000,0,1,0,0,0,0,1,0
30.822724161533195,8.0,568.0,0.0,0.0,0.0,0.0,1,150000,0,0,1,0,0,0,1,0
33.68104038329911,561.0,46052.0,37.0,52.0,0.07230956310257969,0.10162425084686875,1,8000000,0,0,1,0,0,1,0,0
35.76728268309377,107.0,8214.0,15.0,12.0,0.16435354273192113,0.13148283418553688,1,350000,0,0,0,0,1,0,0,0
30.472279260780287,23.0,1069.0,3.0,0.0,0.25257249766136575,0.0,1,300000,0,0,0,0,1,0,0,0
38.06981519507187,348.0,26462.0,5.0,16.0,0.01700551734562769,0.05441765550600862,1,100000,1,0,0,0,0,0,0,0
34.012320328542096,6.0,244.0,0.0,0.0,0.0,0.0,1,100000,1,0,0,0,1,0,0,0
33.93292265571527,30.0,2228.0,10.0,0.0,0.40394973070017953,0.0,1,300000,0,0,0,0,1,0,0,0
37.27857631759069,47.0,2813.0,5.0,2.0,0.15997156061144685,0.06398862424457874,1,200000,0,0,1,0,1,0,0,0
28.528405201916495,5.0,191.0,0.0,0.0,0.0,0.0,1,900000,0,0,0,0,0,0,0,0
36.32032854209446,218.0,17394.0,3.0,16.0,0.01552259399793032,0.08278716798896171,1,200000,1,0,0,0,1,0,0,0
33.74948665297741,282.0,24866.0,0.0,1.0,0.0,0.003619399983913778,1,12000000,0,1,0,0,0,1,0,0
35.32101300479124,122.0,10251.0,4.0,1.0,0.03511852502194908,0.00877963125548727,1,175000,1,0,0,0,0,0,1,0
35.945242984257355,61.0,5077.0,2.0,5.0,0.03545400827260193,0.08863502068150482,1,300000,1,0,0,0,0,0,0,1
30.548939082819988,382.0,25001.0,43.0,64.0,0.1547938082476701,0.23039078436862526,1,4000000,0,0,1,0,0,0,0,0
34.76796714579056,100.0,5950.0,3.0,14.0,0.0453781512605042,0.2117647058823529,1,300000,0,0,1,0,1,0,0,0
31.876796714579054,342.0,18634.0,94.0,25.0,0.45400880111623915,0.12074702157346784,1,2000000,0,0,0,0,0,0,1,0
32.99931553730322,2.0,180.0,0.0,0.0,0.0,0.0,1,200000,1,0,0,0,0,0,1,0
35.436002737850785,424.0,33646.0,42.0,31.0,0.11234619271235809,0.08292218985912145,1,1200000,1,0,0,0,0,0,0,0
32.02190280629706,6.0,238.0,0.0,1.0,0.0,0.0,1,600000,1,0,0,0,0,1,0,0
36.276522929500345,23.0,920.0,2.0,1.0,0.1956521739130435,0.09782608695652174,1,150000,0,0,0,0,1,0,0,0
33.007529089664615,58.0,4573.0,1.0,4.0,0.01968073474743057,0.07872293898972228,1,50000,1,0,0,0,0,0,1,0
36.07392197125257,93.0,5834.0,21.0,8.0,0.3239629756599246,0.12341446691806651,1,200000,0,0,0,0,0,1,0,0
36.33949349760438,260.0,23311.0,0.0,3.0,0.0,0.011582514692634379,1,200000,0,1,0,0,1,0,0,0
32.76386036960986,277.0,18663.0,78.0,53.0,0.37614531425815784,0.25558591866259445,1,1000000,0,0,0,0,0,0,0,1
36.9637234770705,8.0,592.0,0.0,0.0,0.0,0.0,1,150000,1,0,0,0,0,0,1,0
31.578370978781656,20.0,1549.0,0.0,0.0,0.0,0.0,1,1000000,0,0,1,0,0,1,0,0
25.32785763175907,0.0,0.0,0.0,0.0,0.0,0.0,0,25000,1,0,0,0,0,0,0,1
33.11430527036276,4.0,230.0,0.0,0.0,0.0,0.0,1,150000,0,0,1,0,0,0,1,0
28.073921971252567,0.0,0.0,0.0,0.0,0.0,0.0,0,150000,1,0,0,0,0,0,1,0
36.75290896646133,68.0,3981.0,9.0,4.0,0.20346646571213264,0.09042954031650338,1,600000,0,0,0,0,0,0,0,0
32.33127994524298,7.0,630.0,0.0,0.0,0.0,0.0,1,300000,1,0,0,0,0,1,0,0
31.9315537303217,1.0,22.0,0.0,0.0,0.0,0.0,1,200000,0,0,1,0,0,1,0,0
31.874058863791923,187.0,13956.0,5.0,9.0,0.03224419604471195,0.058039552880481515,1,700000,1,0,0,0,1,0,0,0
31.967145790554415,9.0,810.0,0.0,0.0,0.0,0.0,1,350000,0,1,0,0,0,0,0,1
33.16084873374401,196.0,11555.0,34.0,19.0,0.264820424058849,0.14798788403288618,1,1800000,0,0,0,0,0,0,0,1
29.702943189596166,0.0,0.0,0.0,0.0,0.0,0.0,0,75000,0,0,1,0,0,0,0,1
31.967145790554415,0.0,0.0,0.0,0.0,0.0,0.0,0,50000,0,1,0,0,0,0,0,1
34.026009582477755,10.0,900.0,0.0,0.0,0.0,0.0,1,300000,0,1,0,0,0,1,0,0
23.326488706365502,2.0,88.0,0.0,1.0,0.0,0.0,1,50000,0,0,1,0,0,1,0,0
33.33607118412046,37.0,1405.0,2.0,1.0,0.12811387900355872,0.06405693950177936,1,200000,0,0,0,0,0,0,0,1
29.678302532511978,16.0,729.0,2.0,0.0,0.24691358024691357,0.0,1,350000,0,0,0,0,0,0,0,1
31.46611909650924,84.0,4788.0,2.0,8.0,0.03759398496240601,0.15037593984962405,1,1000000,1,0,0,0,0,0,0,1
30.442162902121833,0.0,0.0,0.0,0.0,0.0,0.0,0,75000,1,0,0,0,0,0,0,1
29.2621492128679,31.0,2373.0,0.0,0.0,0.0,0.0,1,125000,0,0,1,0,1,0,0,0
33.06502395619439,39.0,2532.0,10.0,2.0,0.3554502369668246,0.07109004739336493,1,500000,0,0,0,0,0,0,0,0
32.0,469.0,37407.0,49.0,59.0,0.11789237308525143,0.14195204106183335,1,3000000,0,0,1,0,0,0,0,1
31.67419575633128,177.0,13591.0,3.0,6.0,0.01986608785225517,0.03973217570451034,1,1000000,1,0,0,0,0,1,0,0
25.741273100616016,15.0,823.0,1.0,1.0,0.10935601458080194,0.10935601458080194,1,600000,0,0,1,0,0,0,0,0
33.96577686516085,6.0,86.0,0.0,0.0,0.0,0.0,1,300000,0,0,0,0,1,0,0,0
32.87337440109514,9.0,744.0,0.0,0.0,0.0,0.0,1,700000,0,1,0,0,0,0,0,1
29.557837097878167,39.0,2418.0,1.0,3.0,0.03722084367245657,0.11166253101736973,1,600000,1,0,0,0,0,0,0,1
31.38945927446954,1.0,56.0,0.0,0.0,0.0,0.0,1,250000,0,0,1,0,1,0,0,0
32.3066392881588,163.0,13510.0,12.0,12.0,0.07994078460399703,0.07994078460399703,1,1500000,0,0,1,0,1,0,0,0
33.74948665297741,394.0,26234.0,16.0,29.0,0.05489059998475261,0.09948921247236411,1,500000,0,0,1,0,1,0,0,0
34.06160164271047,323.0,16993.0,37.0,58.0,0.19596304360619077,0.3071853115988937,1,600000,0,0,0,0,1,0,0,0
32.04106776180698,124.0,7281.0,3.0,6.0,0.037082818294190356,0.07416563658838071,1,500000,1,0,0,0,1,0,0,0
30.420260095824776,0.0,0.0,0.0,0.0,0.0,0.0,0,50000,0,0,0,0,0,0,0,0
33.39082819986311,318.0,26601.0,21.0,11.0,0.0710499605277997,0.03721664599075223,1,3000000,1,0,0,0,0,1,0,0
30.38466803559206,7.0,305.0,0.0,0.0,0.0,0.0,1,1000000,0,0,0,0,0,1,0,0
33.177275838466805,296.0,19838.0,12.0,36.0,0.05444097187216453,0.1633229156164936,1,3500000,1,0,0,0,0,0,1,0
35.44695414099932,98.0,6735.0,18.0,7.0,0.24053452115812918,0.0935412026726058,1,300000,0,0,0,0,0,0,0,0
32.31759069130732,388.0,26848.0,19.0,25.0,0.06369189511323003,0.08380512514898689,1,2000000,1,0,0,0,0,0,0,1
33.28678986995209,282.0,23760.0,13.0,5.0,0.04924242424242424,0.01893939393939394,1,750000,1,0,0,0,0,0,0,1
32.79123887748118,10.0,415.0,0.0,1.0,0.0,0.2168674698795181,1,50000,0,0,0,0,1,0,0,0
35.09103353867214,145.0,12997.0,0.0,0.0,0.0,0.0,1,500000,0,1,0,0,0,0,0,0
32.714579055441476,102.0,7167.0,17.0,12.0,0.21347844286312262,0.15069066555043953,1,750000,0,0,0,0,0,0,0,1
29.17453798767967,36.0,1871.0,0.0,1.0,0.0,0.04810261892036344,1,1200000,0,0,1,0,0,0,0,1
38.053388090349074,33.0,1692.0,1.0,1.0,0.05319148936170213,0.05319148936170213,1,200000,0,0,0,0,1,0,0,0
31.96167008898015,126.0,7405.0,20.0,8.0,0.24307900067521945,0.09723160027008777,1,800000,0,0,0,0,0,0,1,0
30.401095140314855,6.0,32.0,0.0,0.0,0.0,0.0,1,800000,0,0,0,0,0,0,0,1
28.93634496919918,0.0,0.0,0.0,0.0,0.0,0.0,0,50000,1,0,0,0,0,0,1,0
34.1492128678987,165.0,10869.0,6.0,12.0,0.04968258349434171,0.09936516698868342,1,50000,1,0,0,0,0,1,0,0
32.09582477754962,132.0,8280.0,57.0,16.0,0.6195652173913043,0.17391304347826086,1,400000,0,0,0,0,0,0,0,1
26.45311430527036,3.0,21.0,0.0,0.0,0.0,0.0,1,100000,1,0,0,0,0,0,0,1
32.09856262833676,279.0,21674.0,25.0,52.0,0.10381101780935682,0.2159269170434622,1,3000000,1,0,0,0,0,0,0,1
31.46611909650924,151.0,11994.0,10.0,7.0,0.0750375187593797,0.05252626313156578,1,2000000,1,0,0,0,0,1,0,0
32.205338809034906,336.0,21739.0,27.0,35.0,0.1117806706840241,0.14490086940521643,1,1800000,0,0,1,0,0,0,0,1
30.360027378507873,16.0,1133.0,0.0,0.0,0.0,0.0,1,800000,1,0,0,0,0,0,0,1
32.369609856262834,464.0,34146.0,46.0,28.0,0.121244069583553,0.07380073800738007,1,3000000,1,0,0,0,0,0,0,1
35.31006160164271,18.0,1296.0,0.0,1.0,0.0,0.06944444444444445,1,175000,1,0,0,0,0,0,1,0
30.119096509240247,28.0,2454.0,3.0,0.0,0.1100244498777506,0.0,1,600000,1,0,0,0,0,0,1,0
35.98904859685147,71.0,5174.0,18.0,8.0,0.31310398144568996,0.13915732508697332,1,300000,0,0,0,0,0,0,1,0
32.101300479123886,39.0,2967.0,1.0,2.0,0.03033367037411527,0.06066734074823054,1,500000,0,0,1,0,0,0,0,0
29.36892539356605,0.0,0.0,0.0,0.0,0.0,0.0,0,300000,1,0,0,0,0,1,0,0
25.702943189596166,7.0,424.0,0.0,0.0,0.0,0.0,1,50000,0,0,1,0,0,0,0,1
30.140999315537304,2.0,19.0,0.0,0.0,0.0,0.0,1,1500000,0,0,1,0,0,0,0,1
37.568788501026695,33.0,1872.0,1.0,4.0,0.04807692307692308,0.19230769230769232,1,100000,0,0,1,0,0,0,0,0
32.813141683778234,1.0,75.0,0.0,0.0,0.0,0.0,1,400000,0,0,1,0,0,0,1,0
32.73648186173853,30.0,1458.0,0.0,3.0,0.0,0.1851851851851852,1,100000,0,0,0,0,0,0,0,0
34.729637234770706,72.0,5669.0,0.0,7.0,0.0,0.11113071088375376,1,150000,1,0,0,0,1,0,0,0
32.39151266255989,208.0,14852.0,11.0,31.0,0.06665768920010773,0.18785348774575816,1,750000,0,0,1,0,0,0,0,0
29.300479123887747,41.0,3586.0,0.0,0.0,0.0,0.0,1,3000000,0,1,0,0,0,1,0,0
29.897330595482547,22.0,675.0,3.0,1.0,0.4,0.13333333333333333,1,800000,0,0,0,0,0,0,0,1
32.106776180698155,342.0,19346.0,82.0,32.0,0.3814742065543265,0.14886798304559082,1,1500000,0,0,0,0,0,0,0,1
30.510609171800137,0.0,0.0,0.0,0.0,0.0,0.0,0,25000,0,0,1,0,0,0,1,0
31.463381245722108,0.0,0.0,0.0,0.0,0.0,0.0,0,400000,0,1,0,0,0,0,1,0
32.09034907597536,18.0,1117.0,0.0,2.0,0.0,0.1611459265890779,1,50000,1,0,0,0,0,1,0,0
30.806297056810404,5.0,480.0,0.0,0.0,0.0,0.0,1,300000,0,1,0,0,0,0,0,1
29.82067077344285,0.0,0.0,0.0,0.0,0.0,0.0,0,150000,0,0,1,0,0,0,0,1
31.78097193702943,3.0,13.0,0.0,0.0,0.0,0.0,1,275000,0,0,0,0,0,0,1,0
33.516769336071185,0.0,0.0,0.0,0.0,0.0,0.0,0,200000,0,1,0,0,0,0,0,0
33.47022587268994,102.0,6265.0,26.0,4.0,0.37350359138068634,0.05746209098164405,1,250000,0,0,0,0,1,0,0,0
33.2621492128679,319.0,28371.0,0.0,1.0,0.0,0.00317225335730147,1,4000000,0,1,0,0,0,1,0,0
34.17385352498289,199.0,16655.0,4.0,4.0,0.02161513059141399,0.02161513059141399,1,900000,1,0,0,0,1,0,0,0
27.096509240246405,0.0,0.0,0.0,0.0,0.0,0.0,0,25000,0,0,1,0,0,0,1,0
38.37371663244353,71.0,6302.0,0.0,0.0,0.0,0.0,1,100000,0,1,0,0,0,0,0,0
32.49555099247091,1.0,80.0,0.0,0.0,0.0,0.0,1,150000,0,0,0,0,0,1,0,0
30.85284052019165,11.0,213.0,0.0,1.0,0.0,0.0,1,400000,0,0,0,0,1,0,0,0
30.472279260780287,3.0,153.0,0.0,0.0,0.0,0.0,1,175000,0,0,0,0,0,0,0,1
26.46132785763176,0.0,0.0,0.0,0.0,0.0,0.0,0,100000,0,0,0,0,0,0,1,0
32.86242299794661,6.0,540.0,2.0,0.0,0.33333333333333337,0.0,1,100000,0,0,0,0,0,1,0,0
26.466803559206024,1.0,12.0,0.0,0.0,0.0,0.0,1,325000,0,0,0,0,0,1,0,0
33.86173853524983,3.0,270.0,0.0,0.0,0.0,0.0,1,200000,0,1,0,0,0,1,0,0
31.698836413415467,69.0,4736.0,0.0,3.0,0.0,0.057010135135135136,1,1200000,0,0,1,0,0,1,0,0
29.960301163586585,0.0,0.0,0.0,0.0,0.0,0.0,0,150000,0,0,1,0,0,1,0,0
30.830937713894592,120.0,6950.0,6.0,11.0,0.07769784172661871,0.14244604316546763,1,1000000,0,0,1,0,0,1,0,0
33.60164271047228,82.0,7057.0,2.0,1.0,0.02550658920221057,0.012753294601105285,1,1000000,1,0,0,0,0,1,0,0
24.136892539356605,0.0,0.0,0.0,0.0,0.0,0.0,0,150000,0,0,0,0,0,1,0,0
21.70841889117043,0.0,0.0,0.0,0.0,0.0,0.0,0,250000,1,0,0,0,0,1,0,0
29.17453798767967,2.0,180.0,0.0,0.0,0.0,0.0,1,400000,0,1,0,0,0,1,0,0
31.129363449691994,42.0,3206.0,0.0,1.0,0.0,0.028072364316905803,1,700000,1,0,0,0,0,1,0,0
31.342915811088297,63.0,4714.0,8.0,4.0,0.15273652948663555,0.07636826474331777,1,900000,0,0,1,0,0,0,1,0
29.913757700205338,0.0,0.0,0.0,0.0,0.0,0.0,0,50000,0,0,0,0,0,1,0,0
29.727583846680357,1.0,13.0,0.0,0.0,0.0,0.0,1,150000,0,0,1,0,0,1,0,0
35.460643394934976,328.0,27796.0,24.0,10.0,0.07770902288099008,0.03237875953374587,1,900000,1,0,0,0,0,1,0,0
33.4072553045859,571.0,51527.0,0.0,2.0,0.0,0.0034933141847963206,1,15000000,0,1,0,0,0,0,0,0
35.61396303901437,131.0,8153.0,2.0,3.0,0.02207776278670428,0.03311664418005642,1,500000,1,0,0,0,0,0,0,1
35.84941820670773,168.0,12234.0,14.0,24.0,0.10299166257969593,0.17655713585090732,1,300000,0,0,1,0,0,0,1,0
34.9678302532512,373.0,28258.0,7.0,6.0,0.02229457144879326,0.019109632670394224,1,1500000,1,0,0,0,0,0,1,0
30.546201232032853,39.0,2548.0,0.0,7.0,0.0,0.24725274725274726,1,450000,0,0,0,0,0,1,0,0
31.11841204654346,165.0,12199.0,33.0,22.0,0.24346257889990985,0.1623083859332732,1,800000,1,0,0,0,0,1,0,0
32.799452429842574,282.0,18338.0,52.0,32.0,0.25520776529610645,0.15705093248991164,1,400000,0,0,0,0,1,0,0,0
33.21286789869952,413.0,31152.0,71.0,92.0,0.20512326656394453,0.2657935285053929,1,2500000,0,0,1,0,1,0,0,0
32.681724845995895,74.0,5688.0,6.0,2.0,0.09493670886075949,0.03164556962025317,1,400000,0,0,1,0,0,1,0,0
31.37303216974675,15.0,553.0,0.0,1.0,0.0,0.162748643761302,1,225000,1,0,0,0,1,0,0,0
31.312799452429843,16.0,1440.0,0.0,0.0,0.0,0.0,1,100000,0,1,0,0,1,0,0,0
32.2299794661191,0.0,0.0,0.0,0.0,0.0,0.0,0,75000,0,0,0,0,0,0,1,0
31.34839151266256,7.0,394.0,0.0,2.0,0.0,0.45685279187817257,1,1700000,0,0,1,0,0,0,0,1
21.39082819986311,0.0,0.0,0.0,0.0,0.0,0.0,0,50000,0,0,0,0,0,1,0,0
30.088980150581794,0.0,0.0,0.0,0.0,0.0,0.0,0,250000,0,0,1,0,0,1,0,0
33.65092402464066,264.0,19628.0,85.0,32.0,0.38974933768086406,0.14672916242103118,1,1500000,0,0,0,0,1,0,0,0
35.37577002053388,89.0,6365.0,0.0,6.0,0.0,0.08483896307934015,1,500000,1,0,0,0,1,0,0,0
34.46406570841889,0.0,0.0,0.0,0.0,0.0,0.0,0,700000,1,0,0,0,0,1,0,0
30.99794661190965,0.0,0.0,0.0,0.0,0.0,0.0,0,150000,0,1,0,0,1,0,0,0
31.668720054757017,1.0,13.0,0.0,0.0,0.0,0.0,1,100000,0,0,0,0,0,0,0,1
35.36755646817249,178.0,8077.0,11.0,7.0,0.12257026123560728,0.0779992571499319,1,500000,0,0,1,0,0,1,0,0
29.363449691991786,1.0,90.0,0.0,0.0,0.0,0.0,1,100000,0,1,0,0,1,0,0,0
36.04106776180698,2.0,180.0,0.0,0.0,0.0,0.0,1,75000,0,1,0,0,0,1,0,0
34.11362080766598,34.0,2877.0,1.0,1.0,0.03128258602711158,0.03128258602711158,1,400000,0,0,1,0,0,1,0,0
28.61601642710472,0.0,0.0,0.0,0.0,0.0,0.0,0,250000,1,0,0,0,0,0,0,1
29.869952087611225,0.0,0.0,0.0,0.0,0.0,0.0,0,100000,1,0,0,0,0,0,0,1
31.184120465434635,0.0,0.0,0.0,0.0,0.0,0.0,0,250000,0,0,1,0,0,0,1,0
34.26420260095825,286.0,18175.0,98.0,28.0,0.48528198074277856,0.13865199449793672,1,4000000,0,0,0,0,0,1,0,0
32.54757015742642,218.0,11407.0,25.0,34.0,0.19724730428684142,0.26825633383010433,1,200000,0,0,1,0,0,0,1,0
32.21081451060917,14.0,766.0,1.0,0.0,0.1174934725848564,0.0,1,250000,1,0,0,0,0,0,1,0
35.775496235455165,305.0,25017.0,21.0,49.0,0.0755486269336851,0.1762801295119319,1,700000,1,0,0,0,1,0,0,0
32.69815195071869,0.0,0.0,0.0,0.0,0.0,0.0,0,175000,0,1,0,0,0,0,0,1
34.168377823408626,1.0,90.0,0.0,0.0,0.0,0.0,1,200000,1,0,0,0,0,0,1,0
32.47638603696099,15.0,455.0,1.0,0.0,0.1978021978021978,0.0,1,700000,0,0,0,0,0,1,0,0
34.064339493497606,10.0,850.0,0.0,1.0,0.0,0.10588235294117646,1,100000,1,0,0,0,0,0,1,0
22.406570841889117,0.0,0.0,0.0,0.0,0.0,0.0,0,25000,0,0,1,0,0,0,1,0
32.30116358658453,10.0,744.0,0.0,0.0,0.0,0.0,1,450000,1,0,0,0,0,0,0,0
29.2621492128679,0.0,0.0,0.0,0.0,0.0,0.0,0,25000,1,0,0,0,0,0,0,1
30.02053388090349,0.0,0.0,0.0,0.0,0.0,0.0,0,200000,1,0,0,0,0,0,0,1
32.328542094455855,325.0,25979.0,14.0,8.0,0.04850071211363024,0.027714692636360137,1,2000000,0,0,1,0,0,0,0,1
32.10951403148528,319.0,28653.0,0.0,0.0,0.0,0.0,1,3000000,0,1,0,0,0,0,0,0
29.72210814510609,1.0,28.0,0.0,0.0,0.0,0.0,1,125000,0,0,0,0,0,0,0,1
24.4435318275154,0.0,0.0,0.0,0.0,0.0,0.0,0,25000,0,1,0,0,0,0,0,1
22.95687885010267,4.0,123.0,0.0,0.0,0.0,0.0,1,75000,0,0,0,0,0,0,0,1
32.35044490075291,515.0,43736.0,32.0,33.0,0.06584964331443205,0.06790744466800805,1,5000000,1,0,0,0,0,0,0,1
29.336071184120467,0.0,0.0,0.0,0.0,0.0,0.0,0,175000,1,0,0,0,0,0,0,1
33.738535249828885,417.0,32606.0,17.0,45.0,0.04692387904066736,0.12421026804882537,1,900000,1,0,0,0,0,0,1,0
32.51471594798083,217.0,17816.0,2.0,7.0,0.010103277952402335,0.03536147283340817,1,450000,1,0,0,0,1,0,0,0
31.33196440793977,288.0,23859.0,16.0,7.0,0.060354583176159944,0.026405130139569973,1,2000000,1,0,0,0,0,0,0,1
33.215605749486656,97.0,7120.0,1.0,8.0,0.012640449438202249,0.10112359550561799,1,200000,1,0,0,0,0,0,1,0
25.16084873374401,1.0,23.0,0.0,0.0,0.0,0.0,1,175000,0,0,1,0,0,0,0,1
31.589322381930184,0.0,0.0,0.0,0.0,0.0,0.0,0,500000,1,0,0,0,0,1,0,0
35.233401779603014,431.0,38506.0,0.0,2.0,0.0,0.004674596166831143,1,1500000,0,1,0,0,0,1,0,0
37.14989733059548,33.0,2889.0,0.0,0.0,0.0,0.0,1,100000,0,1,0,0,1,0,0,0
37.1170431211499,11.0,776.0,1.0,0.0,0.11597938144329897,0.0,1,50000,0,0,1,0,0,0,1,0
32.16427104722793,26.0,1233.0,2.0,1.0,0.14598540145985403,0.07299270072992702,1,150000,0,0,1,0,0,0,1,0
31.742642026009584,141.0,9907.0,40.0,31.0,0.3633794286867871,0.28161905723226005,1,2000000,0,0,0,0,0,0,0,1
29.27857631759069,0.0,0.0,0.0,0.0,0.0,0.0,0,250000,0,0,1,0,0,0,0,1
34.30527036276523,99.0,8055.0,0.0,6.0,0.0,0.0670391061452514,1,350000,1,0,0,0,0,0,1,0
26.04243668720055,0.0,0.0,0.0,0.0,0.0,0.0,0,200000,0,1,0,0,0,0,0,1
31.16769336071184,0.0,0.0,0.0,0.0,0.0,0.0,0,200000,0,1,0,0,0,0,1,0
33.58795345653662,0.0,0.0,0.0,0.0,0.0,0.0,0,200000,0,1,0,0,1,0,0,0
31.49075975359343,0.0,0.0,0.0,0.0,0.0,0.0,0,200000,0,0,0,0,0,0,1,0
27.696098562628336,0.0,0.0,0.0,0.0,0.0,0.0,0,50000,1,0,0,0,0,0,1,0
31.017111567419576,109.0,3828.0,19.0,12.0,0.44670846394984326,0.28213166144200624,1,600000,0,0,0,0,0,0,0,1
31.874058863791923,20.0,475.0,2.0,3.0,0.37894736842105264,0.5684210526315789,1,400000,0,0,1,0,0,1,0,0
33.097878165639976,0.0,0.0,0.0,0.0,0.0,0.0,0,150000,0,0,0,0,0,0,1,0
32.95277207392197,205.0,18441.0,0.0,3.0,0.0,0.014641288433382138,1,6000000,0,1,0,0,0,0,0,1
35.20876112251882,635.0,47533.0,253.0,122.0,0.4790356173605706,0.2309974123240696,1,8000000,0,0,0,0,0,0,0,0
30.327173169062284,201.0,12234.0,7.0,7.0,0.051495831289847964,0.051495831289847964,1,1200000,0,0,1,0,1,0,0,0
33.385352498288846,128.0,10524.0,2.0,11.0,0.01710376282782212,0.09407069555302168,1,200000,1,0,0,0,0,0,0,0
27.175906913073238,1.0,83.0,0.0,0.0,0.0,0.0,1,200000,1,0,0,0,0,1,0,0
24.23271731690623,0.0,0.0,0.0,0.0,0.0,0.0,0,50000,1,0,0,0,0,1,0,0
29.475701574264203,90.0,7407.0,0.0,3.0,0.0,0.03645200486026732,1,500000,1,0,0,0,0,0,0,0
30.652977412731005,0.0,0.0,0.0,0.0,0.0,0.0,0,900000,0,1,0,0,0,1,0,0
29.776865160848732,12.0,364.0,1.0,0.0,0.24725274725274726,0.0,1,200000,0,0,1,0,0,0,0,1
31.15400410677618,110.0,8313.0,3.0,5.0,0.032479249368459036,0.05413208228076506,1,450000,1,0,0,0,0,1,0,0
27.991786447638603,88.0,5899.0,5.0,10.0,0.07628411595185625,0.1525682319037125,1,250000,0,0,1,0,0,1,0,0
32.30116358658453,535.0,39852.0,121.0,119.0,0.27326106594399274,0.26874435411020775,1,16000000,0,0,1,0,0,0,1,0
30.368240930869266,143.0,10920.0,2.0,6.0,0.016483516483516484,0.04945054945054945,1,200000,1,0,0,0,1,0,0,0
28.503764544832308,22.0,1069.0,1.0,2.0,0.08419083255378859,0.16838166510757718,1,325000,0,0,1,0,1,0,0,0
32.5886379192334,210.0,17856.0,19.0,7.0,0.09576612903225808,0.03528225806451613,1,300000,1,0,0,0,0,0,0,1
30.55167693360712,307.0,25383.0,7.0,4.0,0.02481976125753457,0.014182720718591182,1,2500000,1,0,0,0,1,0,0,0
21.045859000684462,0.0,0.0,0.0,0.0,0.0,0.0,0,200000,0,0,0,0,1,0,0,0
30.850102669404517,141.0,8347.0,25.0,14.0,0.2695579250029951,0.15095243800167724,1,1500000,0,0,0,0,1,0,0,0
33.516769336071185,195.0,16576.0,2.0,4.0,0.01085907335907336,0.02171814671814672,1,2500000,1,0,0,0,1,0,0,0
23.052703627652292,0.0,0.0,0.0,0.0,0.0,0.0,0,250000,0,1,0,0,1,0,0,0
32.06023271731691,0.0,0.0,0.0,0.0,0.0,0.0,0,250000,0,0,1,0,0,0,1,0
34.38466803559206,315.0,26166.0,42.0,24.0,0.14446227929373998,0.08254987388213712,1,400000,0,0,1,0,0,1,0,0
35.08829568788501,9.0,169.0,0.0,0.0,0.0,0.0,1,100000,0,1,0,0,0,0,1,0
33.86173853524983,61.0,3862.0,3.0,1.0,0.06991196271361988,0.023303987571206625,1,850000,1,0,0,0,0,0,0,1
32.3586584531143,40.0,2946.0,1.0,1.0,0.03054989816700611,0.03054989816700611,1,250000,1,0,0,0,1,0,0,0
31.299110198494184,0.0,0.0,0.0,0.0,0.0,0.0,0,200000,0,0,1,0,1,0,0,0
26.688569472963724,3.0,207.0,0.0,1.0,0.0,0.0,1,200000,1,0,0,0,1,0,0,0
32.87063655030801,448.0,34734.0,14.0,55.0,0.036275695284159616,0.14251166004491275,1,6000000,1,0,0,0,0,1,0,0
36.68446269678302,490.0,38456.0,23.0,23.0,0.053827751196172245,0.053827751196172245,1,500000,0,0,1,0,0,1,0,0
31.964407939767284,190.0,15670.0,4.0,3.0,0.02297383535417996,0.01723037651563497,1,2000000,1,0,0,0,0,0,1,0
32.68446269678302,127.0,7883.0,6.0,11.0,0.06850183940124319,0.12558670556894583,1,300000,0,0,1,0,1,0,0,0
24.8870636550308,42.0,2860.0,0.0,2.0,0.0,0.06293706293706294,1,600000,1,0,0,0,1,0,0,0
29.3305954825462,2.0,27.0,0.0,0.0,0.0,0.0,1,50000,0,0,1,0,1,0,0,0
32.824093086926766,218.0,14633.0,8.0,9.0,0.04920385430192032,0.05535433608966035,1,400000,0,0,1,0,1,0,0,0
26.239561943874058,12.0,311.0,0.0,1.0,0.0,0.28938906752411575,1,300000,0,0,0,0,1,0,0,0
31.21971252566735,0.0,0.0,0.0,0.0,0.0,0.0,0,250000,0,1,0,0,1,0,0,0
30.116358658453116,280.0,15282.0,95.0,35.0,0.5594817432273262,0.2061248527679623,1,7000000,0,0,0,0,0,0,0,0
32.64065708418891,324.0,22365.0,15.0,32.0,0.060362173038229376,0.12877263581488935,1,1500000,1,0,0,0,0,0,0,0
30.42299794661191,15.0,1089.0,0.0,0.0,0.0,0.0,1,250000,1,0,0,0,0,0,0,0
33.11430527036276,242.0,16249.0,6.0,6.0,0.03323281432703551,0.03323281432703551,1,1500000,1,0,0,0,0,0,1,0
27.789185489390828,2.0,180.0,0.0,0.0,0.0,0.0,1,225000,1,0,0,0,0,0,0,0
33.04312114989733,355.0,17559.0,83.0,20.0,0.4254228600717581,0.10251153254741158,1,1000000,0,0,0,0,0,0,0,0
29.872689938398356,4.0,104.0,1.0,0.0,0.0,0.0,1,100000,0,0,0,0,0,0,0,0
30.321697467488022,3.0,270.0,0.0,0.0,0.0,0.0,1,300000,0,1,0,0,0,0,0,0
32.82956878850103,187.0,12178.0,2.0,12.0,0.014780752176055182,0.08868451305633109,1,2000000,0,0,1,0,0,0,0,0
30.376454483230663,1.0,1.0,0.0,0.0,0.0,0.0,1,200000,0,0,0,0,1,0,0,0
34.458590006844624,15.0,760.0,1.0,0.0,0.11842105263157894,0.0,1,150000,0,0,1,0,1,0,0,0
31.433264887063654,300.0,23965.0,20.0,45.0,0.07510953473815982,0.1689964531608596,1,3700000,1,0,0,0,0,1,0,0
35.15126625598905,316.0,17665.0,102.0,23.0,0.5196716671384093,0.11718086611944523,1,1200000,0,0,0,0,0,0,0,0
29.190965092402465,21.0,1013.0,1.0,5.0,0.08884501480750247,0.4442250740375123,1,325000,0,0,1,0,1,0,0,0
28.813141683778234,0.0,0.0,0.0,0.0,0.0,0.0,0,100000,0,0,1,0,1,0,0,0
28.98836413415469,3.0,270.0,0.0,1.0,0.0,0.33333333333333337,1,200000,1,0,0,0,1,0,0,0
32.78850102669404,297.0,21379.0,12.0,23.0,0.05051686234155012,0.09682398615463773,1,600000,1,0,0,0,0,0,0,1
28.13141683778234,15.0,764.0,1.0,0.0,0.11780104712041886,0.0,1,300000,0,0,0,0,1,0,0,0
35.044490075290895,309.0,26853.0,15.0,9.0,0.05027371243436488,0.030164227460618923,1,1800000,1,0,0,0,0,0,0,0
26.031485284052017,0.0,0.0,0.0,0.0,0.0,0.0,0,50000,0,0,0,0,1,0,0,0
28.73100616016427,0.0,0.0,0.0,0.0,0.0,0.0,0,100000,0,0,1,0,1,0,0,0
30.55441478439425,129.0,9585.0,0.0,5.0,0.0,0.046948356807511735,1,300000,1,0,0,0,1,0,0,0
27.430527036276523,0.0,0.0,0.0,0.0,0.0,0.0,0,75000,0,0,1,0,1,0,0,0
28.016427104722794,14.0,1260.0,0.0,0.0,0.0,0.0,1,300000,0,1,0,0,1,0,0,0
35.67419575633128,305.0,18942.0,17.0,15.0,0.08077288565093443,0.07127019322141273,1,300000,0,0,1,0,1,0,0,0
31.474332648870636,0.0,0.0,0.0,0.0,0.0,0.0,0,200000,0,0,1,0,1,0,0,0
26.203969883641342,3.0,173.0,0.0,0.0,0.0,0.0,1,700000,0,0,1,0,1,0,0,0
32.44900752908966,169.0,14334.0,46.0,39.0,0.2888237756383424,0.2448723315194642,1,9000000,0,0,1,0,1,0,0,0
35.800136892539356,363.0,26127.0,9.0,18.0,0.031002411298656565,0.06200482259731313,1,250000,0,0,1,0,1,0,0,0
32.36139630390144,66.0,5635.0,3.0,8.0,0.04791481810115351,0.1277728482697427,1,250000,1,0,0,0,0,0,0,1
35.1047227926078,301.0,26874.0,0.0,2.0,0.0,0.006697923643670461,1,800000,0,1,0,0,0,1,0,0
32.709103353867214,147.0,10548.0,6.0,6.0,0.051194539249146756,0.051194539249146756,1,600000,0,0,1,0,1,0,0,0
33.242984257357975,102.0,9129.0,0.0,0.0,0.0,0.0,1,700000,0,1,0,0,1,0,0,0
33.28952772073922,430.0,29038.0,15.0,21.0,0.046490805151869964,0.06508712721261795,1,3000000,0,0,1,0,1,0,0,0
29.9958932238193,4.0,22.0,1.0,0.0,0.0,0.0,1,200000,0,0,1,0,1,0,0,0
30.401095140314855,100.0,5018.0,14.0,7.0,0.2510960542048625,0.12554802710243124,1,250000,0,0,0,0,1,0,0,0
19.805612594113622,0.0,0.0,0.0,0.0,0.0,0.0,0,75000,1,0,0,0,0,0,1,0
34.26694045174538,400.0,35893.0,0.0,1.0,0.0,0.002507452706655894,1,3500000,0,1,0,0,0,1,0,0
27.4031485284052,0.0,0.0,0.0,0.0,0.0,0.0,0,150000,0,0,0,0,1,0,0,0
29.305954825462013,24.0,1145.0,1.0,1.0,0.07860262008733625,0.07860262008733625,1,325000,0,0,1,0,1,0,0,0
34.417522245037645,2.0,116.0,0.0,0.0,0.0,0.0,1,50000,0,1,0,0,0,0,1,0
30.46132785763176,1.0,14.0,0.0,0.0,0.0,0.0,1,10000,0,0,1,0,0,0,1,0
31.21423682409309,3.0,270.0,0.0,0.0,0.0,0.0,1,200000,1,0,0,0,0,0,1,0
23.616700889801507,0.0,0.0,0.0,0.0,0.0,0.0,0,200000,1,0,0,0,0,0,0,1
23.876796714579054,0.0,0.0,0.0,0.0,0.0,0.0,0,500000,1,0,0,0,1,0,0,0
35.75359342915811,95.0,6056.0,9.0,5.0,0.13375165125495375,0.07430647291941876,1,200000,0,0,1,0,0,0,0,0
34.13278576317591,0.0,0.0,0.0,0.0,0.0,0.0,0,200000,0,0,1,0,0,0,0,0
34.26967830253251,158.0,12721.0,3.0,9.0,0.021224746482194797,0.06367423944658439,1,800000,1,0,0,0,0,0,0,0
32.323066392881586,192.0,14670.0,8.0,19.0,0.049079754601226995,0.11656441717791412,1,1500000,1,0,0,0,0,0,0,1
28.629705681040384,0.0,0.0,0.0,0.0,0.0,0.0,0,25000,0,0,0,0,0,0,1,0
22.647501711156742,0.0,0.0,0.0,0.0,0.0,0.0,0,200000,0,0,0,0,1,0,0,0
33.84531143052703,1.0,1.0,0.0,0.0,0.0,0.0,1,200000,0,0,1,0,0,0,1,0
32.5201916495551,253.0,13609.0,33.0,34.0,0.21823793078110076,0.22485120141083106,1,400000,0,0,0,0,0,0,0,0
31.748117727583846,0.0,0.0,0.0,0.0,0.0,0.0,0,100000,1,0,0,0,0,0,0,0
31.685147159479808,366.0,25324.0,60.0,90.0,0.2132364555362502,0.3198546833043753,1,11000000,0,0,1,0,0,0,1,0
33.596167008898014,566.0,30932.0,184.0,76.0,0.5353679037889565,0.22113022113022113,1,6000000,0,0,0,0,0,0,1,0
30.5927446954141,1.0,25.0,0.0,0.0,0.0,0.0,1,600000,1,0,0,0,0,1,0,0
34.743326488706366,182.0,14682.0,3.0,11.0,0.018389865140988965,0.06742950551695955,1,325000,1,0,0,0,0,0,0,0
34.26420260095825,174.0,13682.0,6.0,2.0,0.03946791404765385,0.01315597134921795,1,100000,1,0,0,0,0,0,0,0
33.02943189596167,0.0,0.0,0.0,0.0,0.0,0.0,0,100000,0,0,0,0,0,0,0,0
29.804243668720055,2.0,180.0,0.0,1.0,0.0,0.0,1,225000,1,0,0,0,0,1,0,0
29.61533196440794,7.0,660.0,0.0,0.0,0.0,0.0,1,350000,0,1,0,0,0,1,0,0
28.468172484599588,77.0,3137.0,2.0,4.0,0.05737966209754542,0.11475932419509084,1,1800000,0,0,1,0,0,1,0,0
32.76933607118412,231.0,20216.0,8.0,1.0,0.03561535417491096,0.00445191927186387,1,1500000,1,0,0,0,0,1,0,0
30.373716632443532,77.0,6878.0,2.0,2.0,0.026170398371619656,0.026170398371619656,1,2000000,1,0,0,0,0,1,0,0
30.729637234770706,13.0,1052.0,0.0,0.0,0.0,0.0,1,700000,1,0,0,0,0,1,0,0
30.73511293634497,60.0,4900.0,1.0,3.0,0.018367346938775512,0.055102040816326525,1,1000000,1,0,0,0,0,1,0,0
27.849418206707735,7.0,410.0,0.0,1.0,0.0,0.21951219512195122,1,500000,0,0,1,0,0,1,0,0
23.742642026009584,1.0,1.0,0.0,0.0,0.0,0.0,1,200000,1,0,0,0,0,1,0,0
29.412731006160165,62.0,4985.0,1.0,2.0,0.018054162487462385,0.03610832497492477,1,300000,1,0,0,0,0,1,0,0
34.157426420260094,360.0,32520.0,0.0,0.0,0.0,0.0,1,1800000,0,1,0,0,0,0,0,0
30.5160848733744,0.0,0.0,0.0,0.0,0.0,0.0,0,200000,1,0,0,0,0,1,0,0
30.2258726899384,329.0,22253.0,39.0,34.0,0.1577315418145868,0.13750954927425516,1,5000000,0,0,0,0,0,1,0,0
26.119096509240247,6.0,191.0,0.0,0.0,0.0,0.0,1,50000,1,0,0,0,1,0,0,0
34.17659137577002,3.0,270.0,0.0,0.0,0.0,0.0,1,300000,0,1,0,0,0,0,0,0
36.65434633812457,361.0,27713.0,22.0,12.0,0.07144661350268827,0.03897088009237542,1,600000,1,0,0,0,0,0,0,0
30.78713210130048,225.0,13056.0,23.0,26.0,0.15854779411764705,0.17922794117647056,1,4000000,0,0,1,0,0,0,0,0
30.23134839151266,269.0,16158.0,49.0,55.0,0.272929818046788,0.3063497957668028,1,1000000,0,0,0,0,0,0,1,0
30.351813826146476,0.0,0.0,0.0,0.0,0.0,0.0,0,100000,1,0,0,0,0,0,0,0
26.168377823408623,7.0,228.0,0.0,0.0,0.0,0.0,1,200000,0,0,0,0,0,0,0,0
22.428473648186174,10.0,726.0,1.0,0.0,0.12396694214876033,0.0,1,200000,0,0,1,0,0,1,0,0
32.427104722792606,23.0,1055.0,1.0,1.0,0.08530805687203792,0.08530805687203792,1,200000,0,0,0,0,0,0,0,0
34.97330595482546,17.0,1374.0,0.0,0.0,0.0,0.0,1,75000,0,1,0,0,1,0,0,0
19.865845311430526,59.0,4510.0,8.0,4.0,0.15964523281596452,0.07982261640798226,1,7000000,0,0,1,0,0,0,0,1
33.96577686516085,119.0,6828.0,36.0,11.0,0.47451669595782076,0.14499121265377857,1,275000,0,0,0,0,0,1,0,0
31.824777549623544,271.0,20249.0,5.0,20.0,0.022223319670107163,0.08889327868042865,1,2000000,1,0,0,0,0,0,0,0
33.79603011635866,156.0,9951.0,10.0,17.0,0.09044317154054869,0.15375339161893278,1,225000,0,0,1,0,0,0,0,0
31.274469541409992,169.0,8646.0,31.0,10.0,0.32269257460097156,0.10409437890353922,1,700000,0,0,0,0,1,0,0,0
31.498973305954827,7.0,482.0,0.0,0.0,0.0,0.0,1,250000,0,1,0,0,1,0,0,0
32.24093086926762,383.0,34453.0,0.0,2.0,0.0,0.005224508751052158,1,13000000,0,1,0,0,0,1,0,0
32.276522929500345,15.0,1299.0,0.0,0.0,0.0,0.0,1,200000,0,0,1,0,0,0,1,0
18.431211498973305,0.0,0.0,0.0,0.0,0.0,0.0,0,50000,1,0,0,0,0,1,0,0
30.338124572210816,0.0,0.0,0.0,0.0,0.0,0.0,0,150000,0,0,1,0,0,0,0,1
25.73305954825462,2.0,7.0,0.0,0.0,0.0,0.0,1,75000,0,0,0,0,0,0,1,0
31.761806981519506,18.0,1559.0,0.0,1.0,0.0,0.05772931366260423,1,125000,1,0,0,0,0,0,1,0
31.293634496919918,0.0,0.0,0.0,0.0,0.0,0.0,0,10000,0,0,0,0,0,0,1,0
33.44832306639288,268.0,14724.0,44.0,36.0,0.26894865525672373,0.2200488997555012,1,500000,0,0,1,0,0,0,1,0
33.23750855578371,400.0,26019.0,33.0,40.0,0.11414735385679695,0.13836042891732964,1,2000000,1,0,0,0,0,0,1,0
31.37303216974675,7.0,345.0,0.0,0.0,0.0,0.0,1,300000,0,0,0,0,0,0,1,0
31.28268309377139,1.0,90.0,0.0,0.0,0.0,0.0,1,50000,0,1,0,0,0,0,1,0
36.32032854209446,171.0,9698.0,43.0,9.0,0.3990513507939782,0.08352237574757682,1,400000,0,0,0,0,0,0,1,0
32.53114305270363,32.0,1764.0,8.0,2.0,0.40816326530612246,0.10204081632653061,1,800000,0,0,0,0,0,0,1,0
31.64955509924709,0.0,0.0,0.0,0.0,0.0,0.0,0,400000,0,0,0,0,0,0,1,0
23.88227241615332,0.0,0.0,0.0,0.0,0.0,0.0,0,25000,1,0,0,0,0,0,1,0
29.691991786447637,0.0,0.0,0.0,0.0,0.0,0.0,0,250000,0,1,0,0,1,0,0,0
25.61806981519507,0.0,0.0,0.0,0.0,0.0,0.0,0,150000,1,0,0,0,0,1,0,0
38.29705681040383,511.0,43598.0,27.0,13.0,0.05573650167438873,0.02683609339877976,1,2000000,1,0,0,0,0,0,1,0
31.50171115674196,253.0,20039.0,7.0,4.0,0.03143869454563601,0.017964968311792007,1,900000,1,0,0,0,0,0,1,0
31.014373716632445,14.0,884.0,3.0,3.0,0.3054298642533937,0.3054298642533937,1,375000,0,0,0,0,0,1,0,0
30.425735797399042,14.0,726.0,0.0,0.0,0.0,0.0,1,75000,0,0,1,0,0,0,1,0
33.74948665297741,289.0,22959.0,25.0,34.0,0.09800078400627205,0.13328106624852998,1,4000000,1,0,0,0,1,0,0,0
32.72826830937714,351.0,22995.0,108.0,52.0,0.4227005870841487,0.20352250489236792,1,5000000,0,0,0,0,0,1,0,0
29.05681040383299,16.0,759.0,0.0,3.0,0.0,0.3557312252964427,1,300000,0,0,0,0,0,0,0,1
29.35523613963039,82.0,5217.0,4.0,5.0,0.06900517538815411,0.08625646923519265,1,400000,0,0,1,0,0,0,0,0
33.204654346338124,95.0,8592.0,0.0,0.0,0.0,0.0,1,500000,0,1,0,0,0,0,1,0
30.193018480492814,0.0,0.0,0.0,0.0,0.0,0.0,0,100000,0,0,1,0,1,0,0,0
32.492813141683776,388.0,23161.0,54.0,47.0,0.20983549933077156,0.18263460126937525,1,4000000,0,0,1,0,0,1,0,0
30.740588637919235,353.0,20989.0,86.0,40.0,0.36876459097622566,0.1715184144075468,1,4000000,0,0,0,0,0,1,0,0
32.68446269678302,7.0,255.0,0.0,0.0,0.0,0.0,1,150000,0,0,1,0,0,0,1,0
23.249828884325805,5.0,100.0,0.0,0.0,0.0,0.0,1,150000,0,0,1,0,1,0,0,0
32.82956878850103,554.0,44728.0,411.0,94.0,0.8269987479878376,0.18914326596315506,1,60000000,0,0,0,0,0,0,0,1
32.70088980150582,1.0,45.0,0.0,0.0,0.0,0.0,1,10000,1,0,0,0,0,0,0,0
27.852156057494867,4.0,230.0,0.0,0.0,0.0,0.0,1,100000,0,0,1,0,0,0,0,1
33.52224503764545,42.0,2490.0,2.0,3.0,0.07228915662650602,0.10843373493975905,1,500000,1,0,0,0,0,0,0,0
32.87063655030801,120.0,8387.0,9.0,9.0,0.09657803743889354,0.09657803743889354,1,500000,0,0,1,0,0,0,0,0
35.167693360711844,577.0,47993.0,35.0,33.0,0.06563457170837414,0.061884024753609906,1,3200000,0,0,1,0,0,0,1,0
23.50171115674196,1.0,17.0,0.0,0.0,0.0,0.0,1,150000,0,0,1,0,0,1,0,0
31.55373032169747,109.0,9794.0,5.0,3.0,0.0459464978558301,0.02756789871349806,1,2500000,1,0,0,0,0,0,0,1
33.48665297741273,169.0,9660.0,21.0,4.0,0.1956521739130435,0.037267080745341616,1,1000000,0,0,0,0,0,0,0,0
31.994524298425734,0.0,0.0,0.0,0.0,0.0,0.0,0,400000,1,0,0,0,0,1,0,0
32.85694729637235,1.0,10.0,0.0,0.0,0.0,0.0,1,50000,0,0,1,0,0,0,1,0
32.21629021218344,432.0,30250.0,122.0,95.0,0.36297520661157023,0.28264462809917357,1,8000000,0,0,0,0,0,0,1,0
34.39835728952772,53.0,3667.0,2.0,2.0,0.04908644668666485,0.04908644668666485,1,100000,0,0,1,0,0,0,0,0
34.06707734428473,273.0,22513.0,10.0,10.0,0.039976902234264644,0.039976902234264644,1,4000000,1,0,0,0,0,1,0,0
33.36344969199179,230.0,12632.0,63.0,22.0,0.44886003799873336,0.15674477517416086,1,3500000,0,0,0,0,0,1,0,0
33.39630390143737,27.0,1631.0,2.0,1.0,0.1103617412630288,0.0551808706315144,1,50000,0,0,1,0,0,0,1,0
25.166324435318277,1.0,90.0,0.0,0.0,0.0,0.0,1,50000,0,1,0,0,0,0,1,0
29.319644079397673,1.0,35.0,0.0,0.0,0.0,0.0,1,150000,0,0,0,0,0,1,0,0
29.190965092402465,11.0,422.0,1.0,0.0,0.2132701421800948,0.0,1,900000,0,0,1,0,0,1,0,0
33.01026694045174,53.0,3417.0,6.0,7.0,0.15803336259877085,0.18437225636523266,1,200000,0,0,0,0,1,0,0,0
33.74948665297741,257.0,15750.0,22.0,20.0,0.1257142857142857,0.11428571428571428,1,250000,0,0,1,0,0,0,1,0
30.297056810403834,196.0,7588.0,29.0,20.0,0.34396415392725355,0.23721665788086452,1,1000000,0,0,0,0,0,0,1,0
32.101300479123886,32.0,1188.0,5.0,2.0,0.3787878787878788,0.15151515151515152,1,800000,0,0,0,0,0,0,1,0
25.924709103353866,0.0,0.0,0.0,0.0,0.0,0.0,0,125000,1,0,0,0,0,0,0,1
34.45311430527036,297.0,24124.0,23.0,10.0,0.08580666556126679,0.037307245896202955,1,4000000,1,0,0,0,0,1,0,0
31.2580424366872,289.0,24677.0,5.0,25.0,0.01823560400372817,0.09117802001864084,1,2500000,1,0,0,0,0,0,0,0
32.45448323066393,2.0,29.0,0.0,0.0,0.0,0.0,1,100000,0,0,0,0,0,0,1,0
31.1813826146475,13.0,927.0,0.0,0.0,0.0,0.0,1,350000,0,1,0,0,0,0,1,0
29.93839835728953,16.0,673.0,0.0,0.0,0.0,0.0,1,175000,0,0,1,0,0,0,1,0
33.275838466803556,133.0,11800.0,0.0,0.0,0.0,0.0,1,1000000,0,1,0,0,0,0,1,0
29.683778234086244,2.0,147.0,2.0,0.0,0.0,0.0,1,200000,0,0,0,0,0,0,1,0
25.908281998631075,2.0,108.0,0.0,0.0,0.0,0.0,1,50000,0,0,1,0,0,0,1,0
30.29158110882957,15.0,630.0,1.0,0.0,0.14285714285714285,0.0,1,300000,0,0,1,0,0,0,1,0
30.258726899383984,2.0,7.0,0.0,0.0,0.0,0.0,1,250000,1,0,0,0,0,0,1,0
30.053388090349078,4.0,350.0,0.0,1.0,0.0,0.2571428571428571,1,175000,0,0,0,0,0,0,1,0
29.95208761122519,53.0,3006.0,4.0,1.0,0.11976047904191617,0.029940119760479042,1,1000000,0,0,0,0,0,0,0,1
30.16290212183436,4.0,20.0,0.0,0.0,0.0,0.0,1,200000,0,0,0,0,0,0,0,1
32.889801505817935,15.0,1282.0,0.0,0.0,0.0,0.0,1,800000,0,1,0,0,0,1,0,0
30.365503080082135,15.0,492.0,2.0,0.0,0.3658536585365854,0.0,1,400000,0,0,0,0,0,1,0,0
32.59958932238193,260.0,17295.0,10.0,18.0,0.052038161318300094,0.09366869037294016,1,1200000,1,0,0,0,0,0,1,0
31.20328542094456,14.0,940.0,0.0,1.0,0.0,0.09574468085106383,1,325000,0,0,1,0,0,1,0,0
31.260780287474333,37.0,2504.0,3.0,4.0,0.10782747603833866,0.1437699680511182,1,300000,0,0,1,0,0,0,1,0
30.31895961670089,7.0,292.0,1.0,1.0,0.3082191780821918,0.3082191780821918,1,50000,0,0,0,0,0,0,1,0
22.888432580424368,0.0,0.0,0.0,0.0,0.0,0.0,0,75000,1,0,0,0,0,1,0,0
30.308008213552363,35.0,1913.0,2.0,2.0,0.09409304756926293,0.09409304756926293,1,200000,0,0,0,0,0,0,0,0
34.390143737166326,151.0,12840.0,7.0,3.0,0.04906542056074766,0.021028037383177572,1,350000,1,0,0,0,0,0,0,0
22.04791238877481,0.0,0.0,0.0,0.0,0.0,0.0,0,150000,0,0,1,0,1,0,0,0
34.16016427104723,125.0,8632.0,1.0,4.0,0.010426320667284522,0.04170528266913809,1,300000,0,0,1,0,1,0,0,0
36.20807665982204,0.0,0.0,0.0,0.0,0.0,0.0,0,200000,1,0,0,0,1,0,0,0
36.865160848733744,201.0,17345.0,1.0,1.0,0.005188815220524647,0.005188815220524647,1,100000,1,0,0,0,1,0,0,0
23.123887748117728,0.0,0.0,0.0,0.0,0.0,0.0,0,150000,1,0,0,0,1,0,0,0
32.33949349760438,182.0,14196.0,2.0,1.0,0.012679628064243447,0.006339814032121724,1,1800000,0,0,1,0,1,0,0,0
31.446954140999317,23.0,1617.0,1.0,1.0,0.05565862708719852,0.05565862708719852,1,650000,1,0,0,0,0,0,1,0
32.6570841889117,72.0,3364.0,5.0,8.0,0.133769322235434,0.2140309155766944,1,700000,0,0,1,0,1,0,0,0
29.880903490759753,11.0,211.0,0.0,2.0,0.0,0.0,1,200000,0,0,0,0,0,0,0,1
30.425735797399042,0.0,0.0,0.0,0.0,0.0,0.0,0,50000,1,0,0,0,0,0,1,0
29.68104038329911,6.0,212.0,0.0,0.0,0.0,0.0,1,150000,0,0,1,0,1,0,0,0
27.60574948665298,0.0,0.0,0.0,0.0,0.0,0.0,0,100000,0,1,0,0,0,0,1,0
28.772073921971252,36.0,2818.0,0.0,0.0,0.0,0.0,1,500000,1,0,0,0,0,0,1,0
34.37371663244353,4.0,222.0,0.0,0.0,0.0,0.0,1,75000,0,0,0,0,0,0,0,0
32.92265571526352,34.0,2788.0,1.0,0.0,0.032281205164992825,0.0,1,200000,1,0,0,0,0,0,0,0
31.54551676933607,2.0,102.0,0.0,0.0,0.0,0.0,1,100000,0,1,0,0,0,0,0,0
33.333333333333336,231.0,12208.0,12.0,22.0,0.08846657929226735,0.16218872870249018,1,1000000,0,0,0,0,0,0,0,0
34.39835728952772,487.0,38358.0,15.0,73.0,0.035194744251525106,0.1712810886907555,1,4000000,1,0,0,0,0,0,0,0
31.38945927446954,134.0,9605.0,4.0,3.0,0.03748047891723061,0.028110359187922956,1,1200000,0,0,1,0,0,0,0,0
34.2943189596167,30.0,2285.0,8.0,3.0,0.3150984682713348,0.11816192560175055,1,200000,0,0,1,0,1,0,0,0
33.44832306639288,27.0,834.0,5.0,3.0,0.539568345323741,0.32374100719424465,1,500000,0,0,0,0,1,0,0,0
37.28952772073922,20.0,1410.0,0.0,1.0,0.0,0.06382978723404256,1,75000,1,0,0,0,0,0,1,0
34.90485968514716,586.0,51862.0,59.0,28.0,0.10238710423817053,0.048590490146928386,1,15000000,1,0,0,0,0,1,0,0
27.88501026694045,2.0,104.0,0.0,0.0,0.0,0.0,1,350000,1,0,0,0,0,0,0,1
38.22861054072553,308.0,26118.0,9.0,8.0,0.031013094417643005,0.027567195037904897,1,300000,1,0,0,0,1,0,0,0
34.31622176591376,18.0,789.0,0.0,0.0,0.0,0.0,1,100000,0,0,0,0,1,0,0,0
33.02943189596167,80.0,6666.0,3.0,0.0,0.0405040504050405,0.0,1,600000,1,0,0,0,0,0,0,1
32.10951403148528,6.0,483.0,0.0,0.0,0.0,0.0,1,300000,1,0,0,0,0,0,1,0
34.16563997262149,103.0,7520.0,1.0,9.0,0.011968085106382979,0.1077127659574468,1,200000,1,0,0,0,0,0,0,0
37.516769336071185,201.0,13915.0,20.0,30.0,0.12935680919870643,0.19403521379805963,1,100000,0,0,1,0,0,0,0,0
29.880903490759753,1.0,25.0,0.0,0.0,0.0,0.0,1,125000,1,0,0,0,0,0,1,0
33.93292265571527,3.0,129.0,0.0,0.0,0.0,0.0,1,1000000,0,0,0,0,0,0,0,0
32.12867898699521,0.0,0.0,0.0,0.0,0.0,0.0,0,400000,0,0,0,0,0,0,1,0
35.03901437371663,55.0,4340.0,1.0,3.0,0.020737327188940093,0.06221198156682028,1,350000,0,0,1,0,0,0,1,0
35.1129363449692,2.0,180.0,0.0,0.0,0.0,0.0,1,100000,0,1,0,0,0,0,1,0
33.842573579739906,0.0,0.0,0.0,0.0,0.0,0.0,0,150000,0,0,1,0,0,0,0,0
35.69883641341547,268.0,18816.0,9.0,5.0,0.0430484693877551,0.023915816326530615,1,250000,0,0,1,0,0,0,0,0
36.60506502395619,45.0,2144.0,8.0,1.0,0.33582089552238803,0.041977611940298504,1,200000,0,0,0,0,1,0,0,0
30.559890485968516,46.0,1728.0,3.0,0.0,0.15625,0.0,1,1000000,0,0,0,0,1,0,0,0
32.91444216290212,1.0,21.0,0.0,0.0,0.0,0.0,1,200000,0,0,1,0,0,0,1,0
34.992470910335385,3.0,300.0,0.0,0.0,0.0,0.0,1,200000,1,0,0,0,0,0,1,0
31.627652292950035,87.0,5440.0,2.0,6.0,0.03308823529411765,0.09926470588235294,1,1000000,1,0,0,0,0,1,0,0
31.600273785078713,92.0,4381.0,13.0,4.0,0.26706231454005935,0.0821730198584798,1,2000000,0,0,0,0,0,0,0,0
31.923340177960302,45.0,2810.0,0.0,0.0,0.0,0.0,1,1000000,0,0,1,0,0,0,1,0
30.82546201232033,156.0,7246.0,34.0,9.0,0.4223019597019045,0.11178581286226884,1,2000000,0,0,0,0,0,1,0,0
34.12457221081451,105.0,8364.0,5.0,11.0,0.05380200860832138,0.11836441893830703,1,250000,1,0,0,0,0,0,1,0
30.740588637919235,111.0,6062.0,5.0,10.0,0.07423292642692181,0.14846585285384362,1,3000000,0,0,1,0,0,0,1,0
29.23750855578371,177.0,11089.0,3.0,22.0,0.0243484534223104,0.1785553250969429,1,275000,1,0,0,0,0,0,1,0
23.701574264202602,0.0,0.0,0.0,0.0,0.0,0.0,0,25000,1,0,0,0,0,1,0,0
29.856262833675565,3.0,15.0,0.0,0.0,0.0,0.0,1,150000,0,0,1,0,0,1,0,0
27.41409993155373,2.0,77.0,0.0,0.0,0.0,0.0,1,400000,0,0,1,0,0,1,0,0
32.94455852156057,2.0,136.0,0.0,0.0,0.0,0.0,1,700000,0,0,1,0,0,1,0,0
29.828884325804243,35.0,2394.0,0.0,1.0,0.0,0.03759398496240601,1,75000,1,0,0,0,0,0,1,0
30.795345653661876,33.0,1826.0,0.0,2.0,0.0,0.09857612267250822,1,100000,1,0,0,0,0,1,0,0
22.469541409993155,0.0,0.0,0.0,0.0,0.0,0.0,0,150000,1,0,0,0,1,0,0,0
33.95208761122519,162.0,14227.0,10.0,7.0,0.06325999859422225,0.04428199901595557,1,150000,1,0,0,0,1,0,0,0
22.06160164271047,1.0,8.0,0.0,0.0,0.0,0.0,1,100000,0,1,0,0,0,0,0,0
32.46269678302532,127.0,6812.0,20.0,6.0,0.26423957721667646,0.07927187316500293,1,250000,0,0,0,0,0,0,0,0
32.4517453798768,457.0,33125.0,34.0,44.0,0.09237735849056604,0.11954716981132076,1,3000000,0,0,1,0,0,0,0,0
30.102669404517453,28.0,1219.0,2.0,0.0,0.14766201804758,0.0,1,500000,0,0,0,0,0,0,0,0
30.368240930869266,84.0,3750.0,2.0,7.0,0.048,0.168,1,500000,0,0,0,0,0,0,0,0
33.33607118412046,310.0,22987.0,6.0,9.0,0.023491538695784575,0.03523730804367686,1,700000,0,0,1,0,0,0,0,0
29.859000684462696,9.0,810.0,0.0,0.0,0.0,0.0,1,200000,0,1,0,0,0,0,0,0
32.70362765229295,141.0,7779.0,34.0,12.0,0.393366756652526,0.13883532587736214,1,750000,0,0,0,0,0,0,0,1
35.32922655715264,198.0,16389.0,10.0,5.0,0.054914881933003847,0.027457440966501923,1,300000,1,0,0,0,0,1,0,0
25.919233401779604,0.0,0.0,0.0,0.0,0.0,0.0,0,25000,0,0,1,0,0,0,0,0
21.522245037645447,0.0,0.0,0.0,0.0,0.0,0.0,0,50000,1,0,0,0,1,0,0,0
33.25119780971937,13.0,448.0,0.0,1.0,0.0,0.20089285714285712,1,100000,1,0,0,0,0,0,1,0
34.18480492813142,56.0,5017.0,0.0,1.0,0.0,0.017939007374925254,1,100000,0,1,0,0,0,1,0,0
35.422313483915126,120.0,10301.0,4.0,2.0,0.03494806329482575,0.017474031647412874,1,200000,1,0,0,0,0,0,0,0
33.2621492128679,0.0,0.0,0.0,0.0,0.0,0.0,0,250000,1,0,0,0,0,0,0,0
29.437371663244353,0.0,0.0,0.0,0.0,0.0,0.0,0,700000,1,0,0,0,0,0,1,0
29.637234770704996,0.0,0.0,0.0,0.0,0.0,0.0,0,150000,0,0,0,0,0,0,1,0
30.379192334017795,21.0,1058.0,3.0,1.0,0.2551984877126654,0.08506616257088848,1,150000,0,0,1,0,0,1,0,0
31.195071868583163,264.0,22213.0,6.0,3.0,0.024310088686805023,0.012155044343402512,1,1500000,1,0,0,0,0,0,0,0
34.78165639972622,395.0,24313.0,36.0,28.0,0.13326204088347798,0.10364825402048287,1,1000000,0,0,1,0,0,0,1,0
32.323066392881586,4.0,250.0,0.0,0.0,0.0,0.0,1,250000,0,0,1,0,0,0,1,0
32.238193018480494,231.0,11381.0,40.0,25.0,0.31631666813109566,0.19769791758193478,1,500000,0,0,0,0,0,0,0,1
31.496235455167692,401.0,25523.0,96.0,64.0,0.33851819927124555,0.2256787995141637,1,18000000,0,0,0,0,0,1,0,0
39.07734428473648,76.0,6870.0,0.0,0.0,0.0,0.0,1,100000,0,1,0,0,0,0,0,0
33.894592744695416,225.0,18300.0,1.0,11.0,0.0049180327868852455,0.054098360655737705,1,400000,1,0,0,0,0,0,1,0
29.270362765229294,1.0,6.0,0.0,0.0,0.0,0.0,1,325000,0,0,1,0,1,0,0,0
31.652292950034223,152.0,10287.0,14.0,8.0,0.12248468941382328,0.06999125109361329,1,400000,0,0,1,0,0,0,1,0
31.926078028747433,0.0,0.0,0.0,0.0,0.0,0.0,0,10000,0,0,0,0,0,0,1,0
27.16769336071184,0.0,0.0,0.0,0.0,0.0,0.0,0,25000,1,0,0,0,0,0,1,0
34.431211498973305,188.0,9547.0,44.0,6.0,0.414789986383157,0.0565622708704305,1,2000000,0,0,0,0,0,0,0,0
31.411362080766597,108.0,5401.0,32.0,12.0,0.533234586187743,0.19996296982040362,1,3000000,0,0,0,0,0,0,0,1
28.640657084188913,22.0,1140.0,3.0,0.0,0.23684210526315788,0.0,1,200000,0,0,1,0,0,0,0,1
18.442162902121833,0.0,0.0,0.0,0.0,0.0,0.0,0,50000,0,1,0,0,0,0,0,1
28.72826830937714,90.0,5592.0,0.0,4.0,0.0,0.06437768240343347,1,600000,1,0,0,0,0,0,0,1
28.399726214921287,0.0,0.0,0.0,0.0,0.0,0.0,0,50000,0,0,1,0,0,0,0,1
33.31143052703628,213.0,14780.0,18.0,13.0,0.10960757780784845,0.07916102841677942,1,4000000,0,0,1,0,0,1,0,0
27.72621492128679,5.0,100.0,1.0,0.0,0.0,0.0,1,500000,0,0,0,0,1,0,0,0
26.23134839151266,0.0,0.0,0.0,0.0,0.0,0.0,0,250000,0,0,1,0,0,1,0,0
32.7501711156742,56.0,4709.0,0.0,5.0,0.0,0.09556169038012316,1,500000,1,0,0,0,0,1,0,0
29.987679671457904,0.0,0.0,0.0,0.0,0.0,0.0,0,75000,1,0,0,0,0,0,0,1
30.3709787816564,13.0,624.0,0.0,0.0,0.0,0.0,1,75000,0,0,1,0,0,0,1,0
33.19644079397673,3.0,107.0,0.0,0.0,0.0,0.0,1,400000,0,0,1,0,0,0,1,0
29.508555783709788,76.0,5674.0,2.0,6.0,0.031723651744800845,0.09517095523440253,1,800000,0,0,1,0,0,0,1,0
28.895277207392198,31.0,2850.0,0.0,0.0,0.0,0.0,1,400000,0,1,0,0,0,0,0,1
30.702258726899384,65.0,5123.0,1.0,2.0,0.017567831348819053,0.035135662697638105,1,75000,1,0,0,0,0,0,1,0
30.850102669404517,267.0,16789.0,53.0,24.0,0.2841145988444815,0.12865566740127463,1,4000000,0,0,0,0,0,0,1,0
31.696098562628336,192.0,11638.0,41.0,20.0,0.31706478776422065,0.1546657501288881,1,500000,0,0,0,0,1,0,0,0
33.80971937029432,466.0,33446.0,237.0,72.0,0.6377444238473958,0.19374514142199367,1,8000000,0,0,0,0,1,0,0,0
27.148528405201915,4.0,214.0,0.0,0.0,0.0,0.0,1,500000,1,0,0,0,0,0,1,0
29.67008898015058,89.0,7423.0,0.0,2.0,0.0,0.02424895594773003,1,1000000,1,0,0,0,0,0,0,1
29.188227241615333,1.0,2.0,0.0,0.0,0.0,0.0,1,300000,0,0,1,0,0,0,0,1
31.98631074606434,157.0,13944.0,0.0,0.0,0.0,0.0,1,2500000,0,1,0,0,1,0,0,0
24.930869267624914,0.0,0.0,0.0,0.0,0.0,0.0,0,25000,0,0,1,0,1,0,0,0
29.984941820670773,0.0,0.0,0.0,0.0,0.0,0.0,0,300000,1,0,0,0,0,0,0,0
32.27926078028747,81.0,5461.0,19.0,5.0,0.31312946346822923,0.08240249038637612,1,500000,0,0,0,0,0,0,0,1
28.459958932238195,7.0,251.0,0.0,0.0,0.0,0.0,1,250000,0,0,0,0,1,0,0,0
29.71663244353183,0.0,0.0,0.0,0.0,0.0,0.0,0,400000,0,1,0,0,0,0,0,1
29.420944558521562,0.0,0.0,0.0,0.0,0.0,0.0,0,75000,0,0,1,0,0,0,0,1
34.53251197809719,323.0,28362.0,20.0,6.0,0.06346519991537974,0.01903955997461392,1,3500000,1,0,0,0,0,1,0,0
28.36413415468857,3.0,225.0,0.0,0.0,0.0,0.0,1,100000,1,0,0,0,0,0,0,1
34.119096509240244,411.0,33438.0,24.0,28.0,0.06459716490220707,0.07536335905257491,1,3000000,0,0,1,0,0,0,1,0
32.31211498973306,165.0,11787.0,13.0,8.0,0.09926189870195978,0.06108424535505218,1,500000,0,0,1,0,0,1,0,0
32.23271731690623,282.0,21398.0,22.0,22.0,0.09253201233760164,0.09253201233760164,1,5000000,0,0,1,0,0,1,0,0
29.1088295687885,332.0,14217.0,54.0,24.0,0.341844270943237,0.1519307870858831,1,5000000,0,0,0,0,0,1,0,0
33.086926762491444,58.0,3494.0,13.0,8.0,0.3348597595878649,0.206067544361763,1,1800000,0,0,1,0,0,0,1,0
33.96577686516085,575.0,45739.0,308.0,155.0,0.6060473556483525,0.30499136404381383,1,22000000,0,0,0,0,0,1,0,0
31.64955509924709,2.0,210.0,0.0,0.0,0.0,0.0,1,450000,1,0,0,0,0,0,1,0
34.38193018480493,34.0,3060.0,0.0,1.0,0.0,0.029411764705882353,1,400000,0,1,0,0,1,0,0,0
33.28678986995209,85.0,5699.0,3.0,0.0,0.04737673276013335,0.0,1,300000,0,0,1,0,1,0,0,0
30.04517453798768,50.0,4168.0,1.0,3.0,0.021593090211132437,0.06477927063339732,1,900000,1,0,0,0,0,1,0,0
30.425735797399042,5.0,57.0,0.0,0.0,0.0,0.0,1,200000,0,0,0,0,1,0,0,0
34.49418206707735,88.0,6268.0,1.0,3.0,0.014358647096362477,0.04307594128908743,1,200000,0,0,1,0,1,0,0,0
28.974674880219027,0.0,0.0,0.0,0.0,0.0,0.0,0,300000,0,0,0,0,0,0,0,1
21.763175906913073,3.0,184.0,0.0,0.0,0.0,0.0,1,50000,0,0,1,0,0,1,0,0
29.894592744695416,140.0,9208.0,8.0,8.0,0.07819287576020852,0.07819287576020852,1,1000000,1,0,0,0,0,0,0,1
33.62628336755647,157.0,10124.0,17.0,14.0,0.15112603713947056,0.12445673646779928,1,1000000,0,0,0,0,0,0,0,0
29.711156741957563,5.0,388.0,0.0,0.0,0.0,0.0,1,250000,0,1,0,0,1,0,0,0
32.23271731690623,78.0,6017.0,4.0,0.0,0.05983048030580023,0.0,1,250000,1,0,0,0,0,0,0,1
26.529774127310063,0.0,0.0,0.0,0.0,0.0,0.0,0,225000,0,0,1,0,0,0,0,1
23.759069130732374,0.0,0.0,0.0,0.0,0.0,0.0,0,250000,0,0,1,0,0,0,0,1
33.530458590006845,33.0,2591.0,0.0,2.0,0.0,0.06947124662292552,1,200000,1,0,0,0,1,0,0,0
32.43805612594114,20.0,1329.0,1.0,1.0,0.06772009029345372,0.06772009029345372,1,400000,0,0,1,0,1,0,0,0
35.912388774811774,69.0,6020.0,4.0,0.0,0.059800664451827246,0.0,1,800000,1,0,0,0,0,0,1,0
33.256673511293634,21.0,1056.0,0.0,2.0,0.0,0.17045454545454547,1,125000,0,0,1,0,0,0,1,0
35.20876112251882,159.0,10397.0,5.0,15.0,0.04328171587958065,0.12984514763874194,1,325000,0,0,1,0,1,0,0,0
31.10198494182067,37.0,2904.0,0.0,0.0,0.0,0.0,1,500000,1,0,0,0,1,0,0,0
27.641341546885695,0.0,0.0,0.0,0.0,0.0,0.0,0,150000,0,0,1,0,0,0,1,0
30.661190965092402,35.0,1719.0,2.0,2.0,0.10471204188481675,0.10471204188481675,1,200000,0,0,1,0,0,0,1,0
32.421629021218344,0.0,0.0,0.0,0.0,0.0,0.0,0,250000,0,0,1,0,0,0,0,1
32.75290896646133,231.0,16195.0,13.0,12.0,0.07224451991355356,0.06668724915097252,1,300000,0,0,1,0,0,0,0,0
31.865845311430526,189.0,12497.0,5.0,11.0,0.036008642074097784,0.07921901256301513,1,600000,0,0,1,0,0,0,0,0
28.700889801505816,11.0,431.0,0.0,1.0,0.0,0.2088167053364269,1,700000,0,0,1,0,0,0,0,1
31.901437371663246,57.0,4940.0,1.0,2.0,0.018218623481781375,0.03643724696356275,1,450000,0,0,1,0,0,0,0,1
30.086242299794662,38.0,3371.0,0.0,0.0,0.0,0.0,1,275000,0,1,0,0,0,0,0,1
23.88227241615332,0.0,0.0,0.0,0.0,0.0,0.0,0,50000,0,1,0,0,0,0,0,1
24.05475701574264,0.0,0.0,0.0,0.0,0.0,0.0,0,75000,0,0,1,0,0,0,0,1
28.462696783025326,35.0,1484.0,2.0,4.0,0.12129380053908356,0.24258760107816713,1,50000,0,0,1,0,1,0,0,0
32.988364134154686,212.0,12679.0,49.0,27.0,0.34781922864579223,0.19165549333543655,1,600000,0,0,0,0,0,0,0,1
33.47022587268994,6.0,197.0,1.0,0.0,0.0,0.0,1,250000,0,0,0,0,1,0,0,0
31.301848049281315,458.0,30188.0,70.0,69.0,0.20869219557440044,0.20571087849476613,1,12000000,0,0,1,0,0,0,0,1
28.21902806297057,0.0,0.0,0.0,0.0,0.0,0.0,0,225000,1,0,0,0,0,0,0,1
30.32991101984942,0.0,0.0,0.0,0.0,0.0,0.0,0,500000,1,0,0,0,0,0,0,1
33.82067077344285,84.0,5894.0,3.0,3.0,0.04580929759077028,0.04580929759077028,1,250000,0,0,1,0,0,0,0,0
34.62833675564682,178.0,12810.0,31.0,37.0,0.21779859484777517,0.25995316159250587,1,1000000,0,0,1,0,0,0,0,0
33.90554414784394,245.0,13008.0,30.0,19.0,0.20756457564575645,0.13145756457564575,1,600000,0,0,0,0,0,0,0,0
28.736481861738536,13.0,138.0,0.0,0.0,0.0,0.0,1,550000,0,0,1,0,0,0,0,1
28.38877481177276,1.0,34.0,0.0,0.0,0.0,0.0,1,125000,0,0,0,0,0,0,0,1
26.116358658453116,2.0,25.0,0.0,0.0,0.0,0.0,1,250000,0,0,0,0,0,0,0,1
39.23613963039014,218.0,13032.0,63.0,14.0,0.43508287292817677,0.09668508287292818,1,200000,0,0,0,0,0,0,0,0
32.114989733059545,69.0,6172.0,3.0,1.0,0.043745949449125084,0.01458198314970836,1,1500000,1,0,0,0,0,0,0,1
30.757015742642025,32.0,1323.0,5.0,1.0,0.3401360544217687,0.06802721088435375,1,500000,0,0,0,0,1,0,0,0
35.20876112251882,160.0,8867.0,16.0,16.0,0.1623999097778279,0.1623999097778279,1,200000,0,0,1,0,1,0,0,0
33.776865160848736,213.0,17066.0,4.0,4.0,0.02109457400679714,0.02109457400679714,1,500000,1,0,0,0,1,0,0,0
32.99931553730322,57.0,4914.0,0.0,2.0,0.0,0.03663003663003663,1,350000,1,0,0,0,1,0,0,0
21.75770020533881,0.0,0.0,0.0,0.0,0.0,0.0,0,25000,0,0,1,0,0,0,1,0
29.724845995893222,47.0,3588.0,1.0,2.0,0.02508361204013378,0.05016722408026756,1,250000,1,0,0,0,0,1,0,0
32.58316221765914,65.0,5268.0,0.0,1.0,0.0,0.017084282460136675,1,700000,1,0,0,0,0,0,0,1
32.12867898699521,243.0,20266.0,15.0,10.0,0.0666140333563604,0.04440935557090694,1,1500000,1,0,0,0,0,0,0,0
32.24640657084189,1.0,45.0,0.0,0.0,0.0,0.0,1,500000,0,0,0,0,0,0,1,0
33.163586584531146,0.0,0.0,0.0,0.0,0.0,0.0,0,75000,0,1,0,0,0,0,1,0
23.783709787816566,5.0,450.0,1.0,0.0,0.2,0.0,1,150000,1,0,0,0,0,1,0,0
22.480492813141684,0.0,0.0,0.0,0.0,0.0,0.0,0,75000,0,0,1,0,0,0,0,1
28.372347707049965,0.0,0.0,0.0,0.0,0.0,0.0,0,50000,0,0,1,0,0,0,0,1
34.49418206707735,0.0,0.0,0.0,0.0,0.0,0.0,0,225000,0,0,1,0,1,0,0,0
34.91854893908282,0.0,0.0,0.0,0.0,0.0,0.0,0,25000,1,0,0,0,1,0,0,0
28.826830937713893,65.0,5238.0,1.0,2.0,0.01718213058419244,0.03436426116838488,1,200000,1,0,0,0,1,0,0,0
22.937713894592743,5.0,450.0,0.0,0.0,0.0,0.0,1,300000,0,1,0,0,1,0,0,0
35.030800821355236,268.0,21791.0,13.0,9.0,0.05369189114772154,0.037171309256114914,1,1500000,1,0,0,0,0,1,0,0
34.54346338124572,79.0,6018.0,1.0,1.0,0.014955134596211365,0.014955134596211365,1,250000,1,0,0,0,1,0,0,0
31.104722792607802,0.0,0.0,0.0,0.0,0.0,0.0,0,400000,1,0,0,0,0,0,0,1
27.789185489390828,0.0,0.0,0.0,0.0,0.0,0.0,0,50000,1,0,0,0,0,0,0,1
21.73305954825462,0.0,0.0,0.0,0.0,0.0,0.0,0,100000,0,0,1,0,0,0,0,1
33.44284736481862,4.0,36.0,0.0,0.0,0.0,0.0,1,100000,1,0,0,0,0,0,0,0
31.72621492128679,111.0,9115.0,2.0,5.0,0.019747668678003292,0.04936917169500823,1,300000,1,0,0,0,0,0,0,0
33.190965092402465,128.0,7712.0,10.0,11.0,0.11670124481327801,0.1283713692946058,1,300000,0,0,1,0,0,0,0,0
31.526351813826146,0.0,0.0,0.0,0.0,0.0,0.0,0,25000,0,1,0,0,0,0,0,0
32.993839835728956,0.0,0.0,0.0,0.0,0.0,0.0,0,250000,1,0,0,0,0,0,0,0
31.444216290212182,1.0,5.0,0.0,0.0,0.0,0.0,1,100000,1,0,0,0,0,0,0,0
25.388090349075977,2.0,96.0,0.0,0.0,0.0,0.0,1,100000,0,0,1,0,0,0,0,0
32.47638603696099,0.0,0.0,0.0,0.0,0.0,0.0,0,250000,0,0,0,0,0,1,0,0
29.71937029431896,47.0,4199.0,1.0,1.0,0.021433674684448678,0.021433674684448678,1,250000,1,0,0,0,0,1,0,0
28.197125256673512,201.0,16719.0,4.0,7.0,0.02153238830073569,0.037681679526287454,1,10000000,1,0,0,0,0,0,0,1
22.99794661190965,3.0,63.0,0.0,0.0,0.0,0.0,1,150000,0,0,1,0,1,0,0,0
30.11088295687885,3.0,132.0,0.0,0.0,0.0,0.0,1,700000,1,0,0,0,0,0,1,0
31.3347022587269,56.0,3640.0,4.0,2.0,0.0989010989010989,0.04945054945054945,1,1500000,0,0,0,0,0,1,0,0
30.888432580424368,61.0,4548.0,3.0,3.0,0.059366754617414245,0.059366754617414245,1,500000,1,0,0,0,0,1,0,0
25.182751540041068,4.0,261.0,0.0,1.0,0.0,0.0,1,150000,1,0,0,0,1,0,0,0
32.31211498973306,280.0,17989.0,7.0,8.0,0.03502140196786925,0.04002445939185058,1,1200000,0,0,1,0,0,0,1,0
29.182751540041068,1.0,22.0,0.0,0.0,0.0,0.0,1,100000,0,0,1,0,0,0,1,0
31.94798083504449,338.0,16685.0,67.0,49.0,0.3614024572969733,0.2643092598142044,1,1000000,0,0,0,0,0,0,0,1
33.76043805612594,204.0,16609.0,1.0,29.0,0.005418748871093985,0.15714371726172557,1,2500000,1,0,0,0,0,0,0,1
28.720054757015742,0.0,0.0,0.0,0.0,0.0,0.0,0,350000,0,0,0,0,0,0,0,1
28.971937029431896,1.0,83.0,0.0,0.0,0.0,0.0,1,50000,1,0,0,0,0,0,0,1
22.965092402464066,1.0,120.0,0.0,0.0,0.0,0.0,1,150000,1,0,0,0,0,0,0,1
29.78507871321013,34.0,1150.0,1.0,1.0,0.0782608695652174,0.0782608695652174,1,1000000,0,0,1,0,0,0,0,0
29.927446954141,1.0,29.0,0.0,0.0,0.0,0.0,1,250000,0,0,0,0,0,0,0,0
21.1854893908282,0.0,0.0,0.0,0.0,0.0,0.0,0,250000,1,0,0,0,0,1,0,0
32.5284052019165,30.0,2383.0,3.0,2.0,0.11330255979857322,0.07553503986571548,1,100000,0,0,1,0,0,0,1,0
21.880903490759753,1.0,12.0,0.0,0.0,0.0,0.0,1,50000,0,0,1,0,0,0,0,1
30.666666666666668,28.0,1945.0,0.0,2.0,0.0,0.09254498714652956,1,1000000,1,0,0,0,0,1,0,0
31.794661190965094,4.0,360.0,0.0,1.0,0.0,0.25,1,400000,1,0,0,0,0,1,0,0
31.21697467488022,5.0,214.0,0.0,0.0,0.0,0.0,1,150000,1,0,0,0,0,1,0,0
33.67556468172484,26.0,1049.0,1.0,0.0,0.08579599618684461,0.0,1,300000,0,0,0,1,0,0,0,0
31.38398357289528,0.0,0.0,0.0,0.0,0.0,0.0,0,175000,1,0,0,0,0,1,0,0
32.16974674880219,73.0,6378.0,9.0,3.0,0.12699905926622768,0.04233301975540922,1,1500000,1,0,0,0,0,1,0,0
34.60643394934976,123.0,9458.0,3.0,2.0,0.028547261577500527,0.019031507718333684,1,500000,1,0,0,0,0,0,0,0
33.1937029431896,2.0,23.0,0.0,0.0,0.0,0.0,1,250000,1,0,0,0,0,0,0,0
33.987679671457904,127.0,7300.0,8.0,5.0,0.09863013698630137,0.06164383561643836,1,600000,0,0,1,0,0,0,0,0
33.054072553045856,0.0,0.0,0.0,0.0,0.0,0.0,0,50000,0,0,0,0,0,0,0,0
33.04859685147159,27.0,1905.0,0.0,0.0,0.0,0.0,1,200000,0,0,1,0,0,0,0,0
28.413415468856947,0.0,0.0,0.0,0.0,0.0,0.0,0,75000,0,0,0,0,0,0,0,0
30.77344284736482,0.0,0.0,0.0,0.0,0.0,0.0,0,200000,1,0,0,0,0,0,0,0
29.741273100616016,9.0,677.0,0.0,0.0,0.0,0.0,1,125000,1,0,0,0,0,0,0,1
31.67693360711841,265.0,20151.0,30.0,20.0,0.13398838767306834,0.08932559178204556,1,6000000,0,0,1,0,0,0,0,1
22.50513347022587,0.0,0.0,0.0,0.0,0.0,0.0,0,25000,0,0,0,0,0,0,1,0
23.225188227241617,1.0,51.0,0.0,0.0,0.0,0.0,1,300000,1,0,0,0,0,0,0,1
29.14715947980835,25.0,1168.0,6.0,2.0,0.46232876712328763,0.1541095890410959,1,800000,0,0,0,0,0,0,0,1
23.652292950034223,0.0,0.0,0.0,0.0,0.0,0.0,0,75000,1,0,0,0,0,0,0,1
31.581108829568787,157.0,9975.0,41.0,13.0,0.3699248120300752,0.11729323308270675,1,750000,0,0,0,0,0,0,1,0
30.869267624914443,391.0,23015.0,125.0,83.0,0.488811644579622,0.324570932000869,1,18000000,0,0,0,0,0,0,0,1
28.569472963723477,1.0,13.0,0.0,0.0,0.0,0.0,1,100000,0,0,0,0,0,0,1,0
32.120465434633815,3.0,174.0,0.0,1.0,0.0,0.0,1,500000,0,0,1,0,0,0,1,0
32.29568788501027,1.0,14.0,0.0,0.0,0.0,0.0,1,250000,0,0,0,0,0,0,1,0
31.23340177960301,119.0,7745.0,1.0,11.0,0.011620400258231118,0.12782440284054228,1,400000,1,0,0,0,0,0,0,1
29.67008898015058,0.0,0.0,0.0,0.0,0.0,0.0,0,300000,0,0,0,0,0,0,1,0
31.28542094455852,32.0,2138.0,8.0,4.0,0.33676333021515437,0.16838166510757718,1,1200000,0,0,0,0,0,0,1,0
29.44558521560575,20.0,1080.0,2.0,0.0,0.16666666666666669,0.0,1,400000,0,0,0,0,0,0,1,0
34.49418206707735,0.0,0.0,0.0,0.0,0.0,0.0,0,350000,0,0,1,0,1,0,0,0
34.23956194387406,14.0,750.0,0.0,0.0,0.0,0.0,1,200000,1,0,0,0,0,0,0,0
31.104722792607802,208.0,14038.0,5.0,6.0,0.032055848411454625,0.038467018093745545,1,1500000,1,0,0,0,0,0,0,1
29.746748802190282,0.0,0.0,0.0,0.0,0.0,0.0,0,250000,0,0,0,0,0,0,1,0
31.044490075290895,2.0,154.0,0.0,1.0,0.0,0.0,1,1600000,0,0,0,0,0,0,1,0
30.067077344284737,1.0,18.0,0.0,0.0,0.0,0.0,1,300000,0,0,1,0,0,1,0,0
30.611909650924023,88.0,5921.0,1.0,3.0,0.01520013511231211,0.04560040533693633,1,750000,1,0,0,0,0,0,1,0
31.45516769336071,0.0,0.0,0.0,0.0,0.0,0.0,0,400000,0,0,0,0,0,0,0,1
28.303901437371664,22.0,1394.0,1.0,0.0,0.06456241032998565,0.0,1,200000,0,0,1,0,1,0,0,0
29.349760438056126,7.0,386.0,0.0,0.0,0.0,0.0,1,250000,0,0,1,0,0,0,1,0
32.95277207392197,94.0,7131.0,5.0,4.0,0.06310475389145982,0.05048380311316785,1,900000,1,0,0,0,0,0,1,0
35.71252566735113,46.0,4033.0,3.0,1.0,0.06694768162658071,0.022315893875526904,1,600000,1,0,0,0,0,0,1,0
30.77618069815195,3.0,66.0,0.0,0.0,0.0,0.0,1,350000,0,0,0,0,0,0,0,1
31.564681724845997,0.0,0.0,0.0,0.0,0.0,0.0,0,600000,0,0,1,0,0,0,0,0
29.229295003422312,16.0,684.0,0.0,0.0,0.0,0.0,1,50000,0,0,0,0,0,0,1,0
23.353867214236825,0.0,0.0,0.0,0.0,0.0,0.0,0,100000,0,1,0,0,0,0,0,1
36.01916495550992,54.0,4335.0,0.0,2.0,0.0,0.04152249134948097,1,75000,1,0,0,0,0,0,1,0
31.917864476386036,17.0,1363.0,1.0,1.0,0.06603081438004402,0.06603081438004402,1,100000,1,0,0,0,1,0,0,0
31.08829568788501,220.0,19936.0,0.0,0.0,0.0,0.0,1,3000000,0,1,0,0,0,0,0,1
31.33196440793977,202.0,16030.0,13.0,4.0,0.0729881472239551,0.022457891453524642,1,3500000,1,0,0,0,0,0,1,0
27.98631074606434,87.0,5220.0,5.0,9.0,0.08620689655172413,0.15517241379310345,1,225000,0,0,1,0,0,0,0,1
32.114989733059545,30.0,2730.0,0.0,0.0,0.0,0.0,1,400000,0,1,0,0,0,0,0,1
31.578370978781656,225.0,20324.0,0.0,0.0,0.0,0.0,1,2500000,0,1,0,0,0,0,0,1
29.530458590006845,143.0,9603.0,2.0,11.0,0.01874414245548266,0.10309278350515465,1,1500000,1,0,0,0,0,0,0,1
32.12867898699521,28.0,2520.0,0.0,0.0,0.0,0.0,1,300000,0,1,0,0,0,0,0,1
33.19917864476386,91.0,7032.0,2.0,2.0,0.025597269624573378,0.025597269624573378,1,800000,1,0,0,0,0,0,1,0
33.57152635181382,487.0,36796.0,67.0,118.0,0.16387650831612133,0.288618328079139,1,2000000,0,0,1,0,0,0,1,0
31.29637234770705,493.0,40093.0,47.0,131.0,0.1055047015688524,0.2940662958621206,1,35000000,0,0,1,0,0,0,0,1
32.3586584531143,4.0,329.0,0.0,0.0,0.0,0.0,1,350000,0,1,0,0,0,0,0,1
29.023956194387406,26.0,1700.0,6.0,2.0,0.31764705882352945,0.10588235294117646,1,250000,0,0,0,0,0,0,0,1
28.465434633812457,3.0,68.0,0.0,0.0,0.0,0.0,1,1000000,0,0,0,0,0,0,0,1
28.747433264887064,5.0,46.0,0.0,0.0,0.0,0.0,1,300000,0,0,1,0,0,0,0,1
28.060232717316907,34.0,1456.0,2.0,0.0,0.12362637362637363,0.0,1,1000000,0,0,1,0,0,0,0,1
31.509924709103355,40.0,2119.0,0.0,4.0,0.0,0.16989145823501653,1,400000,0,0,1,0,0,0,0,0
22.053388090349078,5.0,35.0,0.0,0.0,0.0,0.0,1,250000,0,0,0,0,1,0,0,0
28.191649555099247,0.0,0.0,0.0,0.0,0.0,0.0,0,50000,1,0,0,0,0,0,0,1
24.071184120465436,2.0,83.0,0.0,0.0,0.0,0.0,1,100000,0,0,1,0,1,0,0,0
33.83983572895277,378.0,28136.0,18.0,40.0,0.0575774808075064,0.12794995735001422,1,1000000,1,0,0,0,1,0,0,0
30.403832991101986,23.0,2081.0,0.0,0.0,0.0,0.0,1,700000,0,1,0,0,0,0,0,0
30.091718001368925,207.0,15049.0,2.0,13.0,0.011960927636387802,0.0777460296365207,1,1800000,1,0,0,0,0,0,0,0
31.20328542094456,151.0,10374.0,46.0,6.0,0.3990746096009254,0.05205320994794679,1,500000,0,0,0,0,0,0,0,0
29.806981519507186,2.0,30.0,0.0,1.0,0.0,0.0,1,150000,0,0,1,0,0,0,0,0
29.533196440793976,2.0,16.0,0.0,0.0,0.0,0.0,1,75000,0,0,0,0,0,0,0,0
30.428473648186174,172.0,9959.0,24.0,11.0,0.21688924590822373,0.0994075710412692,1,1800000,0,0,1,0,0,0,0,0
28.12046543463381,6.0,373.0,0.0,0.0,0.0,0.0,1,400000,1,0,0,0,0,0,0,0
29.084188911704313,76.0,3870.0,5.0,7.0,0.11627906976744186,0.1627906976744186,1,400000,0,0,0,0,0,0,0,0
32.26830937713895,24.0,1870.0,3.0,1.0,0.1443850267379679,0.0481283422459893,1,200000,1,0,0,0,0,1,0,0
31.11841204654346,312.0,24209.0,10.0,7.0,0.037176256764013385,0.02602337973480937,1,2500000,1,0,0,0,0,0,0,1
20.531143052703626,2.0,22.0,0.0,0.0,0.0,0.0,1,75000,0,0,0,0,0,0,1,0
29.037645448323065,0.0,0.0,0.0,0.0,0.0,0.0,0,50000,0,0,0,0,0,0,1,0
26.417522245037645,2.0,101.0,0.0,0.0,0.0,0.0,1,50000,0,0,1,0,0,0,1,0
29.333333333333332,0.0,0.0,0.0,0.0,0.0,0.0,0,300000,0,0,1,0,0,0,1,0
29.295003422313485,41.0,1495.0,4.0,1.0,0.24080267558528426,0.060200668896321065,1,125000,0,0,0,0,0,0,1,0
29.201916495550993,0.0,0.0,0.0,0.0,0.0,0.0,0,275000,1,0,0,0,0,0,1,0
27.81656399726215,4.0,92.0,0.0,0.0,0.0,0.0,1,10000,0,0,0,0,0,0,1,0
31.83299110198494,246.0,18048.0,16.0,2.0,0.0797872340425532,0.00997340425531915,1,2000000,1,0,0,0,0,0,1,0
29.746748802190282,162.0,7439.0,12.0,10.0,0.1451808038714881,0.12098400322624009,1,1400000,0,0,1,0,0,0,1,0
33.74674880219028,38.0,3385.0,0.0,0.0,0.0,0.0,1,1200000,0,1,0,0,0,0,1,0
27.148528405201915,0.0,0.0,0.0,0.0,0.0,0.0,0,200000,0,0,0,1,0,0,1,0
29.8507871321013,22.0,842.0,0.0,0.0,0.0,0.0,1,200000,1,0,0,0,0,0,1,0
29.305954825462013,1.0,71.0,0.0,0.0,0.0,0.0,1,400000,0,0,0,0,0,0,1,0
30.193018480492814,0.0,0.0,0.0,0.0,0.0,0.0,0,75000,1,0,0,0,0,0,1,0
29.598904859685145,1.0,5.0,0.0,0.0,0.0,0.0,1,500000,1,0,0,0,0,0,1,0
23.95071868583162,0.0,0.0,0.0,0.0,0.0,0.0,0,25000,0,1,0,0,0,0,1,0
29.215605749486652,26.0,2275.0,1.0,1.0,0.03956043956043956,0.03956043956043956,1,1500000,0,0,1,0,0,0,1,0
25.560574948665298,0.0,0.0,0.0,0.0,0.0,0.0,0,25000,0,0,0,0,0,0,1,0
32.969199178644764,303.0,16576.0,56.0,29.0,0.30405405405405406,0.1574565637065637,1,1000000,0,0,0,0,0,0,1,0
30.368240930869266,39.0,2591.0,0.0,0.0,0.0,0.0,1,175000,0,0,1,0,0,0,1,0
29.14715947980835,2.0,37.0,0.0,0.0,0.0,0.0,1,75000,0,0,1,0,0,0,1,0
28.966461327857633,0.0,0.0,0.0,0.0,0.0,0.0,0,300000,0,0,1,0,0,0,1,0
30.379192334017795,0.0,0.0,0.0,0.0,0.0,0.0,0,100000,1,0,0,0,0,0,1,0
31.37577002053388,0.0,0.0,0.0,0.0,0.0,0.0,0,175000,0,0,1,0,0,0,1,0
28.542094455852155,0.0,0.0,0.0,0.0,0.0,0.0,0,50000,0,0,1,0,0,0,1,0
27.38672142368241,3.0,105.0,0.0,0.0,0.0,0.0,1,50000,0,0,0,0,0,0,1,0
29.478439425051334,40.0,2656.0,1.0,1.0,0.033885542168674704,0.033885542168674704,1,1000000,0,0,0,0,0,0,1,0
30.321697467488022,1.0,90.0,0.0,0.0,0.0,0.0,1,1000000,0,0,1,0,0,1,0,0
30.316221765913756,40.0,3600.0,0.0,1.0,0.0,0.025,1,250000,0,1,0,0,0,1,0,0
30.54072553045859,0.0,0.0,0.0,0.0,0.0,0.0,0,200000,0,1,0,0,0,1,0,0
30.414784394250514,1.0,90.0,0.0,0.0,0.0,0.0,1,200000,1,0,0,0,0,0,1,0
29.582477754962355,0.0,0.0,0.0,0.0,0.0,0.0,0,300000,1,0,0,0,0,0,1,0
23.408624229979466,1.0,90.0,0.0,0.0,0.0,0.0,1,75000,1,0,0,0,0,0,1,0
31.140314852840522,0.0,0.0,0.0,0.0,0.0,0.0,0,225000,0,0,0,0,0,0,1,0
30.743326488706366,130.0,11452.0,0.0,0.0,0.0,0.0,1,1000000,0,1,0,0,1,0,0,0
25.09514031485284,0.0,0.0,0.0,0.0,0.0,0.0,0,325000,0,0,1,0,0,0,1,0
31.813826146475016,42.0,2968.0,2.0,4.0,0.06064690026954178,0.12129380053908356,1,450000,0,0,1,0,0,0,1,0
31.362080766598222,0.0,0.0,0.0,0.0,0.0,0.0,0,400000,1,0,0,0,0,0,1,0
30.559890485968516,11.0,840.0,0.0,0.0,0.0,0.0,1,200000,1,0,0,0,0,0,1,0
25.921971252566735,0.0,0.0,0.0,0.0,0.0,0.0,0,25000,0,0,1,0,0,0,1,0
31.290896646132786,0.0,0.0,0.0,0.0,0.0,0.0,0,50000,0,0,0,0,0,0,1,0
31.04722792607803,0.0,0.0,0.0,0.0,0.0,0.0,0,125000,1,0,0,0,0,0,1,0
34.04791238877481,264.0,19935.0,7.0,3.0,0.03160270880361173,0.013544018058690745,1,400000,1,0,0,0,0,0,1,0
32.388774811772755,23.0,1365.0,0.0,0.0,0.0,0.0,1,250000,1,0,0,0,0,0,1,0
30.299794661190965,1.0,120.0,0.0,0.0,0.0,0.0,1,200000,0,1,0,0,0,0,1,0
24.407939767282684,0.0,0.0,0.0,0.0,0.0,0.0,0,50000,0,0,1,0,0,0,1,0
29.752224503764545,0.0,0.0,0.0,0.0,0.0,0.0,0,150000,0,0,0,0,0,0,1,0
30.60917180013689,0.0,0.0,0.0,0.0,0.0,0.0,0,200000,0,0,1,0,0,0,1,0
32.0082135523614,142.0,9711.0,16.0,8.0,0.14828544949026876,0.07414272474513438,1,150000,0,0,0,0,0,0,1,0
27.600273785078713,0.0,0.0,0.0,0.0,0.0,0.0,0,75000,0,0,0,0,0,0,1,0
32.48459958932238,16.0,752.0,1.0,0.0,0.11968085106382978,0.0,1,50000,0,0,1,0,0,0,1,0
31.849418206707735,176.0,14346.0,6.0,6.0,0.037641154328732745,0.037641154328732745,1,1200000,1,0,0,0,0,1,0,0
28.44079397672827,0.0,0.0,0.0,0.0,0.0,0.0,0,500000,0,0,1,0,0,0,1,0
30.050650239561943,85.0,6383.0,0.0,14.0,0.0,0.1973993420021933,1,300000,1,0,0,0,0,0,0,0
32.41067761806981,0.0,0.0,0.0,0.0,0.0,0.0,0,200000,0,0,1,0,0,0,1,0
31.66050650239562,94.0,7671.0,1.0,1.0,0.011732499022291747,0.011732499022291747,1,250000,1,0,0,0,0,0,1,0
31.512662559890487,0.0,0.0,0.0,0.0,0.0,0.0,0,50000,0,0,1,0,0,0,1,0
30.82546201232033,87.0,6559.0,2.0,4.0,0.027443207806067998,0.054886415612135996,1,500000,1,0,0,0,0,0,1,0
33.347022587268995,0.0,0.0,0.0,0.0,0.0,0.0,0,150000,0,0,0,0,0,0,1,0
32.3066392881588,130.0,7568.0,18.0,13.0,0.21405919661733616,0.1545983086680761,1,350000,0,0,0,0,1,0,0,0
31.2580424366872,1.0,90.0,0.0,0.0,0.0,0.0,1,150000,0,0,0,0,0,1,0,0
26.209445585215605,67.0,3278.0,4.0,1.0,0.10982306284319707,0.027455765710799267,1,100000,0,0,1,0,1,0,0,0
31.479808350444902,8.0,271.0,0.0,0.0,0.0,0.0,1,200000,0,0,0,0,0,0,0,0
32.04106776180698,10.0,640.0,0.0,0.0,0.0,0.0,1,150000,0,0,1,0,0,0,0,0
30.11362080766598,30.0,1738.0,6.0,2.0,0.3107019562715765,0.10356731875719218,1,1300000,0,0,0,0,0,0,1,0
26.899383983572896,0.0,0.0,0.0,0.0,0.0,0.0,0,325000,0,0,0,0,1,0,0,0
31.08829568788501,438.0,35711.0,17.0,8.0,0.042843941642631125,0.02016185489064994,1,20000000,1,0,0,0,0,0,1,0
32.832306639288156,452.0,34458.0,58.0,49.0,0.1514887689360961,0.12798189099773638,1,3500000,0,0,1,0,1,0,0,0
34.362765229295,13.0,374.0,0.0,0.0,0.0,0.0,1,50000,0,0,0,0,0,0,0,0
32.941820670773446,97.0,8685.0,0.0,1.0,0.0,0.010362694300518135,1,900000,0,1,0,0,1,0,0,0
31.83299110198494,4.0,315.0,0.0,0.0,0.0,0.0,1,400000,0,1,0,0,1,0,0,0
30.067077344284737,0.0,0.0,0.0,0.0,0.0,0.0,0,100000,0,1,0,0,1,0,0,0
21.7741273100616,3.0,69.0,0.0,0.0,0.0,0.0,1,200000,0,0,1,0,1,0,0,0
29.65366187542779,0.0,0.0,0.0,0.0,0.0,0.0,0,350000,0,1,0,0,1,0,0,0
24.134154688569474,0.0,0.0,0.0,0.0,0.0,0.0,0,50000,0,1,0,0,0,0,0,0
32.41067761806981,353.0,20198.0,26.0,51.0,0.11585305475789683,0.22725022279433604,1,1000000,0,0,1,0,0,0,0,0
29.39630390143737,5.0,332.0,0.0,0.0,0.0,0.0,1,300000,1,0,0,0,0,0,0,0
31.696098562628336,2.0,133.0,0.0,0.0,0.0,0.0,1,150000,0,0,0,0,1,0,0,0
32.4435318275154,163.0,14676.0,0.0,0.0,0.0,0.0,1,2000000,0,1,0,0,0,0,0,0
29.568788501026695,2.0,27.0,0.0,0.0,0.0,0.0,1,225000,0,0,0,0,0,0,0,1
33.270362765229294,366.0,28880.0,11.0,11.0,0.0342797783933518,0.0342797783933518,1,4000000,1,0,0,0,0,0,1,0
31.353867214236825,5.0,249.0,0.0,0.0,0.0,0.0,1,350000,0,0,1,0,0,0,1,0
33.84531143052703,44.0,2419.0,4.0,4.0,0.14882182720132286,0.14882182720132286,1,175000,0,0,0,0,0,0,1,0
33.75496235455168,23.0,1664.0,2.0,3.0,0.10817307692307693,0.1622596153846154,1,100000,0,0,1,0,0,0,1,0
31.37303216974675,179.0,10225.0,35.0,21.0,0.3080684596577017,0.18484107579462103,1,10000000,0,0,0,0,1,0,0,0
32.2984257357974,120.0,9648.0,3.0,4.0,0.027985074626865673,0.0373134328358209,1,500000,1,0,0,0,0,0,1,0
31.460643394934976,1.0,90.0,0.0,0.0,0.0,0.0,1,200000,1,0,0,0,0,0,1,0
29.949349760438057,0.0,0.0,0.0,0.0,0.0,0.0,0,1100000,0,1,0,0,0,0,1,0
30.239561943874058,7.0,129.0,0.0,0.0,0.0,0.0,1,100000,0,0,0,0,0,0,1,0
32.818617385352496,449.0,26619.0,67.0,59.0,0.22652992223599686,0.1994815733122957,1,5000000,0,0,0,0,0,0,1,0
28.10403832991102,0.0,0.0,0.0,0.0,0.0,0.0,0,50000,0,1,0,0,0,0,1,0
31.21697467488022,74.0,5763.0,8.0,10.0,0.12493492972410203,0.15616866215512754,1,250000,0,0,1,0,0,0,1,0
29.059548254620122,0.0,0.0,0.0,0.0,0.0,0.0,0,275000,0,0,1,0,0,0,1,0
30.729637234770706,396.0,29933.0,18.0,14.0,0.054120869942872414,0.04209400995556743,1,4000000,1,0,0,0,0,0,0,1
24.306639288158795,0.0,0.0,0.0,0.0,0.0,0.0,0,75000,0,0,1,0,0,0,1,0
32.09856262833676,4.0,125.0,0.0,0.0,0.0,0.0,1,250000,0,0,1,0,1,0,0,0
28.18069815195072,3.0,29.0,1.0,0.0,0.0,0.0,1,150000,0,0,0,0,0,0,0,0
29.19917864476386,65.0,5245.0,2.0,9.0,0.034318398474737846,0.1544327931363203,1,6000000,1,0,0,0,0,0,0,0
30.20123203285421,2.0,140.0,0.0,0.0,0.0,0.0,1,100000,0,1,0,0,0,0,0,1
32.37782340862423,44.0,3948.0,0.0,0.0,0.0,0.0,1,400000,0,1,0,0,0,0,0,0
31.085557837097877,37.0,2050.0,0.0,0.0,0.0,0.0,1,1500000,1,0,0,0,0,1,0,0
27.241615331964407,0.0,0.0,0.0,0.0,0.0,0.0,0,25000,0,1,0,0,0,0,1,0
21.440109514031484,0.0,0.0,0.0,0.0,0.0,0.0,0,100000,1,0,0,0,0,0,1,0
29.4072553045859,1.0,59.0,0.0,0.0,0.0,0.0,1,600000,1,0,0,0,0,1,0,0
30.028747433264886,42.0,3041.0,4.0,4.0,0.11838211114764881,0.11838211114764881,1,225000,0,0,0,0,0,0,1,0
33.37166324435318,131.0,9581.0,1.0,7.0,0.009393591483143723,0.06575514038200606,1,1300000,1,0,0,0,0,0,1,0
32.32580424366872,217.0,11294.0,47.0,16.0,0.37453515140782717,0.12750132813883477,1,1200000,0,0,0,0,0,0,0,0
32.43805612594114,423.0,27508.0,139.0,37.0,0.4547767922059037,0.12105569288934129,1,1500000,0,0,0,0,0,0,1,0
32.29568788501027,122.0,5820.0,14.0,4.0,0.21649484536082475,0.061855670103092786,1,600000,0,0,1,0,0,0,1,0
30.327173169062284,109.0,7082.0,5.0,10.0,0.06354137249364587,0.12708274498729175,1,700000,0,0,1,0,0,0,1,0
30.822724161533195,436.0,32248.0,22.0,36.0,0.06139915653683949,0.10047134706028281,1,15000000,0,0,1,0,1,0,0,0
26.784394250513348,1.0,90.0,0.0,0.0,0.0,0.0,1,25000,1,0,0,0,0,0,1,0
30.46406570841889,0.0,0.0,0.0,0.0,0.0,0.0,0,150000,1,0,0,0,0,0,1,0
29.130732375085557,0.0,0.0,0.0,0.0,0.0,0.0,0,50000,1,0,0,0,0,0,1,0
23.04996577686516,1.0,53.0,0.0,0.0,0.0,0.0,1,75000,0,0,0,0,0,0,1,0
31.45242984257358,0.0,0.0,0.0,0.0,0.0,0.0,0,200000,1,0,0,0,0,0,1,0
27.082819986310746,0.0,0.0,0.0,0.0,0.0,0.0,0,300000,0,0,1,0,0,0,1,0
30.792607802874745,0.0,0.0,0.0,0.0,0.0,0.0,0,150000,1,0,0,0,0,0,1,0
31.173169062286107,67.0,3248.0,3.0,3.0,0.08312807881773399,0.08312807881773399,1,50000,0,0,1,0,0,0,1,0
30.28336755646817,2.0,135.0,0.0,0.0,0.0,0.0,1,75000,0,0,1,0,0,0,1,0
28.788501026694046,0.0,0.0,0.0,0.0,0.0,0.0,0,200000,0,0,1,0,0,0,1,0
30.365503080082135,27.0,2341.0,0.0,0.0,0.0,0.0,1,700000,1,0,0,0,1,0,0,0
31.140314852840522,362.0,26363.0,20.0,5.0,0.06827751014679664,0.01706937753669916,1,1800000,0,0,1,0,0,0,0,0
19.3347022587269,0.0,0.0,0.0,0.0,0.0,0.0,0,50000,1,0,0,0,0,0,1,0
27.71526351813826,0.0,0.0,0.0,0.0,0.0,0.0,0,550000,0,0,1,0,0,0,0,1
21.169062286105408,0.0,0.0,0.0,0.0,0.0,0.0,0,25000,1,0,0,0,0,0,1,0
26.351813826146476,0.0,0.0,0.0,0.0,0.0,0.0,0,100000,0,1,0,0,0,0,1,0
21.56331279945243,0.0,0.0,0.0,0.0,0.0,0.0,0,50000,0,0,1,0,0,0,1,0
23.06091718001369,0.0,0.0,0.0,0.0,0.0,0.0,0,25000,0,0,0,0,0,0,1,0
21.423682409308693,0.0,0.0,0.0,0.0,0.0,0.0,0,25000,0,1,0,0,0,0,1,0
23.326488706365502,0.0,0.0,0.0,0.0,0.0,0.0,0,150000,1,0,0,0,1,0,0,0
28.66255989048597,23.0,1199.0,1.0,0.0,0.0750625521267723,0.0,1,75000,0,0,1,0,0,0,1,0
31.808350444900753,0.0,0.0,0.0,0.0,0.0,0.0,0,150000,1,0,0,0,0,0,1,0
27.26899383983573,208.0,11033.0,13.0,28.0,0.10604549986404423,0.22840569201486452,1,1200000,0,0,1,0,0,0,0,1
28.449007529089666,11.0,520.0,0.0,1.0,0.0,0.17307692307692307,1,700000,0,0,1,0,0,0,0,1
27.15400410677618,0.0,0.0,0.0,0.0,0.0,0.0,0,225000,0,0,1,0,0,0,0,1
27.67145790554415,2.0,180.0,0.0,0.0,0.0,0.0,1,175000,0,1,0,0,0,0,0,1
28.40246406570842,0.0,0.0,0.0,0.0,0.0,0.0,0,25000,0,0,1,0,0,0,1,0
33.22655715263518,284.0,19739.0,14.0,30.0,0.06383302092304574,0.13678504483509804,1,800000,1,0,0,0,0,0,0,1
30.236824093086927,10.0,639.0,1.0,0.0,0.14084507042253522,0.0,1,200000,0,0,1,0,1,0,0,0
33.503080082135526,25.0,1395.0,0.0,1.0,0.0,0.06451612903225806,1,275000,1,0,0,0,0,0,0,0
33.85352498288843,164.0,11407.0,0.0,1.0,0.0,0.007889892171473657,1,1000000,1,0,0,0,0,0,0,0
32.16974674880219,132.0,11029.0,7.0,3.0,0.05712213255961556,0.024480913954120952,1,400000,1,0,0,0,1,0,0,0
31.887748117727583,33.0,958.0,7.0,1.0,0.6576200417536534,0.0939457202505219,1,50000,0,0,0,0,0,0,1,0
28.654346338124572,147.0,12004.0,33.0,12.0,0.24741752749083637,0.08997000999666778,1,900000,0,0,0,0,0,1,0,0
17.23750855578371,0.0,0.0,0.0,0.0,0.0,0.0,0,50000,0,0,0,0,0,1,0,0
29.4839151266256,36.0,1087.0,4.0,1.0,0.3311867525298988,0.0827966881324747,1,1000000,0,0,0,0,0,1,0,0
32.81587953456537,342.0,30219.0,25.0,45.0,0.07445646778516828,0.13402164201330288,1,7500000,1,0,0,0,0,0,1,0
30.258726899383984,0.0,0.0,0.0,0.0,0.0,0.0,0,250000,0,0,1,0,0,0,1,0
32.668035592060235,192.0,14867.0,5.0,1.0,0.03026837963274366,0.006053675926548732,1,900000,1,0,0,0,0,1,0,0
29.702943189596166,14.0,324.0,0.0,0.0,0.0,0.0,1,350000,0,0,1,0,0,1,0,0
29.12251882272416,1.0,5.0,0.0,0.0,0.0,0.0,1,300000,1,0,0,0,1,0,0,0
30.083504449007528,58.0,3871.0,3.0,1.0,0.06974941875484371,0.02324980625161457,1,400000,0,0,1,0,1,0,0,0
33.20191649555099,388.0,26590.0,6.0,20.0,0.020308386611508085,0.06769462203836028,1,900000,1,0,0,0,0,0,0,0
23.822039698836413,3.0,270.0,0.0,0.0,0.0,0.0,1,200000,0,0,1,0,1,0,0,0
33.6290212183436,242.0,14301.0,8.0,11.0,0.05034612964128383,0.06922592825676527,1,500000,0,0,1,0,0,0,1,0
30.354551676933607,2.0,20.0,0.0,0.0,0.0,0.0,1,300000,1,0,0,0,1,0,0,0
34.25051334702259,5.0,41.0,0.0,0.0,0.0,0.0,1,150000,0,0,0,0,1,0,0,0
30.781656399726216,0.0,0.0,0.0,0.0,0.0,0.0,0,300000,0,1,0,0,1,0,0,0
24.40246406570842,0.0,0.0,0.0,0.0,0.0,0.0,0,250000,0,0,0,0,1,0,0,0
26.639288158795345,0.0,0.0,0.0,0.0,0.0,0.0,0,75000,0,0,0,0,0,0,0,1
27.45242984257358,4.0,39.0,0.0,0.0,0.0,0.0,1,25000,0,0,1,0,0,0,0,1
27.446954140999317,9.0,840.0,0.0,0.0,0.0,0.0,1,250000,0,1,0,0,0,0,0,1
26.93223819301848,17.0,1394.0,0.0,0.0,0.0,0.0,1,50000,1,0,0,0,0,0,0,1
26.976043805612594,4.0,74.0,0.0,0.0,0.0,0.0,1,150000,0,0,1,0,0,0,0,1
30.239561943874058,441.0,28941.0,150.0,85.0,0.4664662589406033,0.26433088006634187,1,3500000,0,0,0,0,0,0,0,1
27.093771389459274,4.0,51.0,0.0,0.0,0.0,0.0,1,10000,0,0,0,0,0,0,0,1
30.250513347022586,0.0,0.0,0.0,0.0,0.0,0.0,0,200000,0,1,0,0,0,1,0,0
27.734428473648187,0.0,0.0,0.0,0.0,0.0,0.0,0,25000,1,0,0,0,0,0,1,0
30.45311430527036,122.0,9487.0,0.0,2.0,0.0,0.01897333192790134,1,800000,1,0,0,0,1,0,0,0
31.033538672142367,0.0,0.0,0.0,0.0,0.0,0.0,0,300000,0,0,1,0,1,0,0,0
33.57426420260096,65.0,5645.0,0.0,2.0,0.0,0.03188662533215235,1,800000,0,1,0,0,1,0,0,0
33.503080082135526,30.0,1591.0,2.0,0.0,0.11313639220615965,0.0,1,200000,0,0,1,0,1,0,0,0
23.06365503080082,2.0,36.0,0.0,0.0,0.0,0.0,1,100000,0,0,0,0,1,0,0,0
30.535249828884325,54.0,2529.0,2.0,6.0,0.0711743772241993,0.21352313167259787,1,250000,0,0,1,0,1,0,0,0
21.713894592744694,0.0,0.0,0.0,0.0,0.0,0.0,0,100000,0,0,0,0,1,0,0,0
25.39630390143737,4.0,74.0,0.0,0.0,0.0,0.0,1,200000,0,0,1,0,1,0,0,0
33.72758384668035,120.0,8690.0,5.0,7.0,0.05178365937859609,0.07249712313003452,1,500000,1,0,0,0,1,0,0,0
30.636550308008214,12.0,937.0,0.0,1.0,0.0,0.096051227321238,1,300000,1,0,0,0,1,0,0,0
23.236139630390145,1.0,8.0,0.0,0.0,0.0,0.0,1,150000,1,0,0,0,1,0,0,0
31.15400410677618,45.0,1294.0,1.0,2.0,0.0695517774343122,0.1391035548686244,1,600000,0,0,0,0,1,0,0,0
29.927446954141,1.0,41.0,0.0,0.0,0.0,0.0,1,150000,0,1,0,0,1,0,0,0
29.965776865160848,18.0,542.0,0.0,0.0,0.0,0.0,1,450000,0,0,1,0,1,0,0,0
25.38261464750171,3.0,196.0,0.0,0.0,0.0,0.0,1,300000,0,1,0,0,1,0,0,0
29.27857631759069,0.0,0.0,0.0,0.0,0.0,0.0,0,200000,0,0,1,0,1,0,0,0
32.427104722792606,420.0,30257.0,64.0,66.0,0.19036917077040022,0.19631820735697522,1,5000000,1,0,0,0,0,0,0,1
30.38193018480493,12.0,935.0,1.0,0.0,0.0962566844919786,0.0,1,250000,1,0,0,0,0,0,1,0
29.905544147843944,127.0,7514.0,18.0,22.0,0.21559755123768962,0.26350811817939845,1,300000,0,0,0,0,0,0,0,1
30.10814510609172,0.0,0.0,0.0,0.0,0.0,0.0,0,200000,0,1,0,0,0,0,0,0
30.455852156057496,162.0,8157.0,35.0,16.0,0.3861713865391688,0.17653549098933433,1,1300000,0,0,0,0,0,0,0,1
31.592060232717316,3.0,25.0,0.0,0.0,0.0,0.0,1,100000,0,0,1,0,0,1,0,0
29.15811088295688,22.0,1130.0,0.0,0.0,0.0,0.0,1,1200000,0,0,1,0,0,1,0,0
29.760438056125942,86.0,6279.0,1.0,0.0,0.01433349259436216,0.0,1,800000,1,0,0,0,0,0,0,0
28.49555099247091,225.0,16164.0,1.0,12.0,0.005567928730512249,0.06681514476614699,1,1000000,1,0,0,0,0,0,1,0
34.31074606433949,74.0,3755.0,11.0,3.0,0.2636484687083888,0.07190412782956059,1,400000,0,0,0,0,1,0,0,0
28.32306639288159,147.0,12222.0,1.0,1.0,0.007363770250368188,0.007363770250368188,1,350000,1,0,0,0,1,0,0,0
29.149897330595483,80.0,5098.0,0.0,0.0,0.0,0.0,1,300000,0,0,1,0,1,0,0,0
34.379192334017795,244.0,16851.0,23.0,25.0,0.12284137439914546,0.1335232330425494,1,1000000,1,0,0,0,0,1,0,0
29.34154688569473,0.0,0.0,0.0,0.0,0.0,0.0,0,250000,1,0,0,0,0,0,1,0
32.610540725530456,17.0,1209.0,0.0,1.0,0.0,0.07444168734491315,1,200000,1,0,0,0,0,0,0,0
33.95756331279945,54.0,3297.0,1.0,1.0,0.0272975432211101,0.0272975432211101,1,250000,1,0,0,0,1,0,0,0
21.508555783709788,0.0,0.0,0.0,0.0,0.0,0.0,0,150000,1,0,0,0,1,0,0,0
24.197125256673512,1.0,7.0,0.0,0.0,0.0,0.0,1,100000,0,0,1,0,0,0,0,1
30.1492128678987,1.0,82.0,0.0,0.0,0.0,0.0,1,75000,1,0,0,0,0,0,1,0
32.99931553730322,13.0,309.0,2.0,0.0,0.5825242718446603,0.0,1,700000,0,0,0,0,0,1,0,0
28.744695414099933,80.0,3432.0,30.0,1.0,0.7867132867132868,0.026223776223776224,1,3500000,0,0,0,0,0,0,1,0
33.53593429158111,368.0,31674.0,13.0,11.0,0.036938814169350256,0.03125591968175791,1,5000000,1,0,0,0,0,1,0,0
31.397672826830938,1.0,76.0,0.0,0.0,0.0,0.0,1,150000,0,0,1,0,0,0,0,0
25.472963723477072,13.0,1125.0,0.0,0.0,0.0,0.0,1,200000,0,1,0,0,1,0,0,0
22.628336755646817,0.0,0.0,0.0,0.0,0.0,0.0,0,75000,1,0,0,0,0,1,0,0
32.0766598220397,96.0,6018.0,15.0,4.0,0.2243270189431705,0.05982053838484546,1,500000,0,0,0,0,1,0,0,0
24.27104722792608,10.0,345.0,0.0,0.0,0.0,0.0,1,250000,0,0,1,0,0,1,0,0
33.96303901437371,372.0,25659.0,28.0,40.0,0.09821115398105928,0.14030164854437038,1,3500000,0,0,1,0,0,0,1,0
26.45037645448323,0.0,0.0,0.0,0.0,0.0,0.0,0,50000,1,0,0,0,0,0,1,0
30.269678302532512,13.0,463.0,1.0,0.0,0.19438444924406048,0.0,1,150000,0,0,0,0,1,0,0,0
31.786447638603697,359.0,24932.0,44.0,42.0,0.15883202310283973,0.15161238568907429,1,3500000,0,0,1,0,1,0,0,0
34.6611909650924,301.0,25409.0,19.0,27.0,0.06729898854736512,0.09563540477783461,1,1500000,1,0,0,0,1,0,0,0
36.988364134154686,11.0,103.0,0.0,1.0,0.0,0.0,1,100000,0,0,0,0,1,0,0,0
30.677618069815196,47.0,2860.0,4.0,3.0,0.1258741258741259,0.0944055944055944,1,200000,0,0,0,0,0,0,0,0
31.583846680355922,0.0,0.0,0.0,0.0,0.0,0.0,0,25000,1,0,0,0,0,0,1,0
34.02327173169062,208.0,16614.0,11.0,5.0,0.059588299024918745,0.027085590465872153,1,500000,1,0,0,0,0,0,0,0
32.257357973990416,426.0,34353.0,11.0,22.0,0.02881844380403458,0.05763688760806916,1,2200000,1,0,0,0,0,0,0,0
29.48665297741273,1.0,10.0,0.0,0.0,0.0,0.0,1,250000,0,0,0,0,0,0,0,0
31.95071868583162,363.0,22169.0,28.0,39.0,0.11367224502683927,0.15832919843024043,1,1500000,0,0,1,0,0,0,0,0
28.49828884325804,0.0,0.0,0.0,0.0,0.0,0.0,0,100000,1,0,0,0,0,0,0,0
33.68104038329911,224.0,17549.0,19.0,57.0,0.09744144965525102,0.29232434896575304,1,4000000,1,0,0,0,1,0,0,0
32.375085557837096,440.0,35417.0,19.0,18.0,0.04828189852330801,0.04574074596944969,1,4000000,1,0,0,0,1,0,0,0
33.04859685147159,1.0,90.0,0.0,0.0,0.0,0.0,1,100000,1,0,0,0,0,0,0,0
32.63518138261465,19.0,1104.0,0.0,0.0,0.0,0.0,1,375000,0,0,0,0,0,0,0,0
32.134154688569474,5.0,104.0,0.0,0.0,0.0,0.0,1,100000,0,0,1,0,0,0,0,0
27.980835044490075,0.0,0.0,0.0,0.0,0.0,0.0,0,200000,0,0,0,0,0,0,1,0
30.92950034223135,27.0,865.0,5.0,2.0,0.5202312138728323,0.20809248554913296,1,500000,0,0,0,0,0,0,0,0
28.876112251882272,2.0,74.0,0.0,0.0,0.0,0.0,1,75000,0,0,0,0,0,0,1,0
32.70362765229295,44.0,2186.0,3.0,1.0,0.12351326623970722,0.04117108874656908,1,200000,0,0,1,0,0,0,0,0
30.48596851471595,151.0,12308.0,6.0,0.0,0.04387390315242119,0.0,1,2500000,1,0,0,0,0,0,1,0
28.0,0.0,0.0,0.0,0.0,0.0,0.0,0,400000,0,1,0,0,0,0,1,0
29.760438056125942,84.0,5066.0,7.0,6.0,0.12435846821950255,0.10659297275957363,1,700000,0,0,0,0,0,0,0,0
27.345653661875428,0.0,0.0,0.0,0.0,0.0,0.0,0,100000,0,0,0,0,0,0,1,0
32.02464065708419,425.0,36063.0,20.0,12.0,0.04991265285749938,0.029947591714499625,1,8000000,1,0,0,0,0,0,0,0
29.984941820670773,58.0,3032.0,0.0,3.0,0.0,0.08905013192612138,1,1800000,0,0,0,0,0,0,0,0
34.431211498973305,0.0,0.0,0.0,0.0,0.0,0.0,0,150000,0,1,0,0,0,0,0,0
30.17385352498289,142.0,8629.0,33.0,6.0,0.34418820257271987,0.06257967319503997,1,800000,0,0,0,0,0,1,0,0
29.374401095140314,3.0,170.0,0.0,0.0,0.0,0.0,1,75000,0,0,1,0,0,0,1,0
33.492128678986994,163.0,4590.0,26.0,4.0,0.5098039215686274,0.0784313725490196,1,800000,0,0,0,0,0,0,0,0
34.16016427104723,383.0,27441.0,150.0,51.0,0.4919645785503444,0.16726795670711708,1,2500000,0,0,0,0,0,0,0,0
31.288158795345655,330.0,24336.0,21.0,10.0,0.07766272189349112,0.03698224852071006,1,12000000,1,0,0,0,0,1,0,0
23.460643394934976,0.0,0.0,0.0,0.0,0.0,0.0,0,250000,0,0,1,0,0,1,0,0
32.15058179329227,304.0,19245.0,21.0,21.0,0.09820732657833203,0.09820732657833203,1,2000000,0,0,1,0,0,0,0,1
34.639288158795345,4.0,45.0,0.0,0.0,0.0,0.0,1,150000,0,0,1,0,1,0,0,0
31.824777549623544,358.0,28384.0,139.0,94.0,0.4407412626832018,0.2980552423900789,1,7000000,0,0,0,0,0,0,1,0
31.329226557152634,325.0,16201.0,34.0,35.0,0.1888772298006296,0.1944324424418246,1,1000000,0,0,0,0,0,0,0,0
26.954140999315538,41.0,1972.0,1.0,5.0,0.04563894523326572,0.2281947261663286,1,500000,0,0,0,0,0,1,0,0
24.473648186173854,0.0,0.0,0.0,0.0,0.0,0.0,0,50000,0,0,0,0,0,0,1,0
29.749486652977414,0.0,0.0,0.0,0.0,0.0,0.0,0,275000,0,0,0,0,0,1,0,0
33.24572210814511,367.0,29389.0,24.0,16.0,0.07349688659022083,0.04899792439348055,1,8000000,1,0,0,0,0,1,0,0
23.96167008898015,0.0,0.0,0.0,0.0,0.0,0.0,0,150000,0,1,0,0,0,1,0,0
30.61738535249829,55.0,2713.0,5.0,2.0,0.16586804275709546,0.06634721710283818,1,150000,0,0,0,0,0,0,0,0
30.206707734428473,155.0,9763.0,12.0,6.0,0.1106217351224009,0.05531086756120045,1,800000,0,0,1,0,1,0,0,0
28.490075290896645,0.0,0.0,0.0,0.0,0.0,0.0,0,25000,0,0,1,0,1,0,0,0
21.09514031485284,0.0,0.0,0.0,0.0,0.0,0.0,0,150000,0,0,0,0,1,0,0,0
31.561943874058862,40.0,3125.0,0.0,2.0,0.0,0.057600000000000005,1,150000,1,0,0,0,1,0,0,0
27.474332648870636,0.0,0.0,0.0,0.0,0.0,0.0,0,100000,1,0,0,0,0,0,0,1
32.648870636550306,412.0,21045.0,148.0,37.0,0.6329294369208838,0.15823235923022094,1,2000000,0,0,0,0,0,0,0,1
31.33744010951403,17.0,593.0,1.0,0.0,0.15177065767284992,0.0,1,150000,0,0,0,0,1,0,0,0
28.517453798767967,17.0,993.0,0.0,1.0,0.0,0.09063444108761329,1,250000,1,0,0,0,0,1,0,0
30.034223134839152,6.0,540.0,1.0,0.0,0.16666666666666669,0.0,1,550000,1,0,0,0,0,1,0,0
29.31416837782341,89.0,4536.0,8.0,11.0,0.15873015873015872,0.21825396825396826,1,1800000,0,0,1,0,0,0,0,1
26.973305954825463,0.0,0.0,0.0,0.0,0.0,0.0,0,25000,0,1,0,0,0,0,1,0
31.315537303216974,36.0,2319.0,0.0,1.0,0.0,0.0388098318240621,1,1500000,1,0,0,0,0,0,1,0
30.412046543463383,24.0,1979.0,2.0,0.0,0.09095502779181405,0.0,1,1500000,1,0,0,0,1,0,0,0
33.86721423682409,3.0,104.0,0.0,0.0,0.0,0.0,1,400000,0,0,1,0,1,0,0,0
29.420944558521562,10.0,337.0,1.0,1.0,0.26706231454005935,0.26706231454005935,1,350000,0,0,0,0,1,0,0,0
30.88021902806297,46.0,2904.0,2.0,5.0,0.06198347107438017,0.15495867768595042,1,1300000,0,0,1,0,0,0,1,0
32.02464065708419,537.0,33003.0,65.0,63.0,0.17725661303517862,0.17180256340332697,1,10000000,0,0,1,0,0,0,1,0
22.784394250513348,1.0,90.0,0.0,0.0,0.0,0.0,1,50000,0,0,1,0,0,1,0,0
29.32785763175907,50.0,4185.0,0.0,2.0,0.0,0.04301075268817204,1,300000,1,0,0,0,1,0,0,0
29.39082819986311,2.0,82.0,0.0,0.0,0.0,0.0,1,250000,0,0,0,0,1,0,0,0
30.086242299794662,275.0,19605.0,80.0,36.0,0.3672532517214996,0.16526396327467482,1,10000000,0,0,0,0,1,0,0,0
32.563997262149215,322.0,25151.0,7.0,39.0,0.025048705816866128,0.139557075265397,1,2000000,1,0,0,0,0,1,0,0
32.24640657084189,231.0,16283.0,23.0,10.0,0.12712645089971136,0.05527236995639624,1,2500000,0,0,1,0,1,0,0,0
28.465434633812457,4.0,377.0,1.0,1.0,0.23872679045092837,0.23872679045092837,1,350000,0,0,1,0,0,1,0,0
19.468856947296374,0.0,0.0,0.0,0.0,0.0,0.0,0,50000,1,0,0,0,0,1,0,0
31.586584531143053,477.0,34065.0,62.0,60.0,0.16380449141347425,0.15852047556142668,1,5000000,0,0,1,0,0,1,0,0
29.31690622861054,6.0,441.0,0.0,0.0,0.0,0.0,1,250000,1,0,0,0,0,0,0,0
33.18822724161533,15.0,399.0,0.0,0.0,0.0,0.0,1,350000,0,0,1,0,0,1,0,0
30.21492128678987,20.0,1800.0,0.0,0.0,0.0,0.0,1,75000,0,1,0,0,0,0,0,1
32.049281314168375,493.0,40689.0,37.0,12.0,0.081840300818403,0.026542800265428,1,28000000,1,0,0,0,1,0,0,0
31.742642026009584,170.0,9669.0,15.0,13.0,0.13962147067949116,0.12100527458889235,1,1500000,0,0,1,0,0,0,1,0
31.82751540041068,294.0,20664.0,8.0,15.0,0.03484320557491289,0.06533101045296168,1,9000000,1,0,0,0,1,0,0,0
25.93839835728953,30.0,1516.0,1.0,1.0,0.059366754617414245,0.059366754617414245,1,800000,1,0,0,0,0,1,0,0
33.437371663244356,319.0,19105.0,90.0,25.0,0.4239727819942424,0.11777021722062286,1,700000,0,0,0,0,1,0,0,0
29.48665297741273,13.0,332.0,1.0,0.0,0.27108433734939763,0.0,1,300000,0,0,0,0,1,0,0,0
29.593429158110883,296.0,19129.0,40.0,50.0,0.18819593287678396,0.23524491609597992,1,1200000,0,0,1,0,0,0,0,1
28.859685147159478,254.0,20517.0,7.0,8.0,0.030706243602865918,0.03509284983184676,1,4000000,1,0,0,0,0,0,0,0
27.21971252566735,13.0,516.0,0.0,2.0,0.0,0.3488372093023256,1,250000,0,0,1,0,0,0,0,1
28.407939767282684,4.0,42.0,0.0,0.0,0.0,0.0,1,300000,0,0,0,0,1,0,0,0
26.26694045174538,7.0,237.0,0.0,0.0,0.0,0.0,1,200000,0,0,0,0,1,0,0,0
28.262833675564682,0.0,0.0,0.0,0.0,0.0,0.0,0,350000,0,0,1,0,1,0,0,0
30.926762491444215,182.0,15312.0,5.0,1.0,0.02938871473354232,0.005877742946708464,1,3200000,1,0,0,0,1,0,0,0
28.700889801505816,173.0,12200.0,26.0,15.0,0.19180327868852462,0.11065573770491804,1,1100000,0,0,1,0,0,0,1,0
31.058179329226558,302.0,22358.0,36.0,26.0,0.14491457196529206,0.1046605241971554,1,8000000,0,0,1,0,1,0,0,0
30.68309377138946,217.0,15850.0,6.0,9.0,0.03406940063091483,0.05110410094637224,1,2000000,1,0,0,0,1,0,0,0
27.8466803559206,16.0,487.0,0.0,1.0,0.0,0.18480492813141686,1,300000,0,0,1,0,1,0,0,0
24.91170431211499,3.0,23.0,0.0,0.0,0.0,0.0,1,250000,0,0,1,0,1,0,0,0
30.967830253251197,362.0,28617.0,15.0,10.0,0.047174756263759304,0.031449837509172865,1,4000000,1,0,0,0,0,0,0,0
30.90485968514716,367.0,32692.0,0.0,3.0,0.0,0.008258901260247156,1,20000000,0,1,0,0,0,0,1,0
20.35318275154004,0.0,0.0,0.0,0.0,0.0,0.0,0,150000,1,0,0,0,1,0,0,0
26.5160848733744,12.0,743.0,0.0,0.0,0.0,0.0,1,125000,1,0,0,0,1,0,0,0
31.15400410677618,476.0,34890.0,56.0,41.0,0.14445399828030953,0.1057609630266552,1,18000000,0,0,1,0,1,0,0,0
31.11841204654346,247.0,11892.0,52.0,11.0,0.39354187689202824,0.08324924318869828,1,5000000,0,0,0,0,1,0,0,0
20.689938398357288,0.0,0.0,0.0,0.0,0.0,0.0,0,150000,1,0,0,0,1,0,0,0
26.80082135523614,2.0,19.0,0.0,0.0,0.0,0.0,1,10000,0,0,0,0,0,0,1,0
31.512662559890487,227.0,17128.0,3.0,0.0,0.01576366184026156,0.0,1,2500000,1,0,0,0,0,0,1,0
20.629705681040384,0.0,0.0,0.0,0.0,0.0,0.0,0,200000,0,0,1,0,0,0,1,0
17.971252566735114,0.0,0.0,0.0,0.0,0.0,0.0,0,250000,1,0,0,0,0,1,0,0
28.240930869267626,1.0,88.0,0.0,0.0,0.0,0.0,1,350000,0,0,0,0,0,1,0,0
28.01095140314853,19.0,1493.0,0.0,0.0,0.0,0.0,1,300000,1,0,0,0,0,1,0,0
23.04996577686516,10.0,544.0,0.0,1.0,0.0,0.16544117647058823,1,500000,0,0,1,0,0,1,0,0
30.89390828199863,377.0,29864.0,5.0,31.0,0.015068309670506295,0.09342351995713903,1,8000000,1,0,0,0,0,1,0,0
28.73100616016427,53.0,2576.0,10.0,2.0,0.34937888198757766,0.06987577639751552,1,3000000,0,0,0,0,0,1,0,0
27.76728268309377,4.0,360.0,0.0,0.0,0.0,0.0,1,200000,0,1,0,0,0,1,0,0
28.40520191649555,7.0,284.0,0.0,0.0,0.0,0.0,1,2200000,0,0,1,0,0,1,0,0
32.0766598220397,199.0,15588.0,10.0,1.0,0.057736720554272515,0.005773672055427252,1,2000000,1,0,0,0,0,1,0,0
30.140999315537304,112.0,6538.0,28.0,17.0,0.3854389721627409,0.23401651881309268,1,7000000,0,0,0,0,0,1,0,0
34.340862422997944,113.0,9466.0,0.0,7.0,0.0,0.06655398267483625,1,300000,1,0,0,0,1,0,0,0
33.79603011635866,297.0,25906.0,6.0,10.0,0.020844591986412413,0.034740986644020685,1,2200000,1,0,0,0,1,0,0,0
28.906228610540726,251.0,14637.0,53.0,28.0,0.3258864521418323,0.17216642754662842,1,2500000,0,0,0,0,0,0,0,1
28.56125941136208,80.0,4813.0,2.0,8.0,0.03739871182214835,0.1495948472885934,1,1800000,0,0,1,0,0,0,0,1
28.0684462696783,0.0,0.0,0.0,0.0,0.0,0.0,0,25000,0,1,0,0,0,1,0,0
28.21902806297057,0.0,0.0,0.0,0.0,0.0,0.0,0,150000,0,0,0,0,0,0,1,0
17.919233401779604,0.0,0.0,0.0,0.0,0.0,0.0,0,250000,0,0,0,0,0,1,0,0
20.39425051334702,0.0,0.0,0.0,0.0,0.0,0.0,0,50000,0,0,1,0,0,0,1,0
30.677618069815196,26.0,1472.0,3.0,2.0,0.18342391304347824,0.12228260869565218,1,1000000,0,0,1,0,0,1,0,0
28.197125256673512,1.0,23.0,0.0,0.0,0.0,0.0,1,1200000,0,0,1,0,0,0,0,1
30.406570841889117,0.0,0.0,0.0,0.0,0.0,0.0,0,150000,0,0,1,0,1,0,0,0
28.10403832991102,2.0,52.0,0.0,1.0,0.0,0.0,1,500000,0,0,0,0,0,0,0,1
32.39972621492129,12.0,299.0,0.0,0.0,0.0,0.0,1,200000,0,0,1,0,0,0,0,0
29.522245037645447,0.0,0.0,0.0,0.0,0.0,0.0,0,200000,0,0,0,0,0,1,0,0
29.93839835728953,34.0,1282.0,0.0,5.0,0.0,0.3510140405616225,1,400000,0,0,0,0,1,0,0,0
31.835728952772072,176.0,12052.0,3.0,4.0,0.02240292067706605,0.02987056090275473,1,750000,1,0,0,0,0,1,0,0
31.87953456536619,340.0,26934.0,5.0,8.0,0.016707507239919803,0.026732011583871687,1,5000000,1,0,0,0,0,1,0,0
30.313483915126625,19.0,1573.0,1.0,0.0,0.05721551176096631,0.0,1,400000,1,0,0,0,1,0,0,0
34.64202600958248,74.0,5485.0,2.0,2.0,0.032816773017319965,0.032816773017319965,1,700000,1,0,0,0,0,0,0,0
33.34428473648186,412.0,28579.0,119.0,76.0,0.37475069106686726,0.23933657580741105,1,5000000,0,0,0,0,1,0,0,0
31.238877481177276,330.0,20339.0,15.0,29.0,0.0663749446875461,0.1283248930625891,1,4000000,0,0,1,0,0,0,1,0
30.784394250513348,13.0,757.0,0.0,1.0,0.0,0.11889035667107001,1,250000,0,0,0,0,0,0,0,1
31.28268309377139,0.0,0.0,0.0,0.0,0.0,0.0,0,50000,0,0,0,0,0,0,0,1
32.342231348391515,75.0,5391.0,4.0,2.0,0.0667779632721202,0.0333889816360601,1,500000,1,0,0,0,1,0,0,0
32.18343600273785,183.0,9601.0,43.0,13.0,0.40308301218623055,0.12186230600979066,1,600000,0,0,0,0,1,0,0,0
26.012320328542096,1.0,90.0,0.0,0.0,0.0,0.0,1,200000,1,0,0,0,1,0,0,0
33.13620807665982,369.0,25282.0,95.0,90.0,0.3381852701526778,0.3203860454078,1,4000000,0,0,0,0,0,0,0,1
27.479808350444902,15.0,341.0,0.0,0.0,0.0,0.0,1,700000,0,0,1,0,0,0,0,1
29.741273100616016,69.0,2379.0,9.0,2.0,0.34047919293820933,0.07566204287515763,1,3000000,0,0,0,0,0,0,0,0
21.10335386721424,0.0,0.0,0.0,0.0,0.0,0.0,0,50000,0,0,1,0,0,1,0,0
28.191649555099247,7.0,349.0,0.0,1.0,0.0,0.25787965616045844,1,500000,0,0,1,0,1,0,0,0
33.31416837782341,170.0,9446.0,24.0,13.0,0.2286682193521067,0.12386195214905779,1,700000,0,0,1,0,0,1,0,0
32.6652977412731,51.0,1911.0,10.0,5.0,0.47095761381475665,0.23547880690737832,1,900000,0,0,0,0,1,0,0,0
30.17932922655715,278.0,17718.0,9.0,36.0,0.04571622079241449,0.18286488316965796,1,2500000,0,0,1,0,0,0,1,0
27.20602327173169,0.0,0.0,0.0,0.0,0.0,0.0,0,100000,0,0,0,0,0,0,1,0
34.012320328542096,34.0,1227.0,2.0,2.0,0.14669926650366746,0.14669926650366746,1,1100000,0,0,0,0,0,0,0,0
28.40520191649555,18.0,818.0,0.0,0.0,0.0,0.0,1,700000,1,0,0,0,0,0,0,1
32.016427104722794,368.0,27542.0,19.0,9.0,0.06208699440853968,0.029409628930360903,1,12000000,1,0,0,0,0,1,0,0
34.444900752908964,38.0,2859.0,0.0,0.0,0.0,0.0,1,50000,1,0,0,0,0,0,1,0
28.15605749486653,4.0,118.0,1.0,0.0,0.0,0.0,1,350000,0,0,0,0,0,0,0,0
32.88158795345654,32.0,2430.0,1.0,2.0,0.037037037037037035,0.07407407407407407,1,200000,1,0,0,0,0,0,0,0
28.39151266255989,5.0,450.0,0.0,0.0,0.0,0.0,1,200000,0,1,0,0,0,1,0,0
33.87268993839836,98.0,3302.0,17.0,6.0,0.46335554209569957,0.1635372501514234,1,700000,0,0,0,0,0,0,0,1
26.885694729637233,26.0,2043.0,0.0,0.0,0.0,0.0,1,25000,1,0,0,0,0,0,1,0
32.2135523613963,46.0,2772.0,11.0,4.0,0.3571428571428571,0.12987012987012986,1,1200000,0,0,0,0,0,0,0,1
26.82546201232033,0.0,0.0,0.0,0.0,0.0,0.0,0,350000,0,0,0,0,0,0,0,1
30.458590006844627,34.0,1225.0,1.0,2.0,0.07346938775510205,0.1469387755102041,1,800000,0,0,0,0,0,0,1,0
28.309377138945926,66.0,3164.0,5.0,9.0,0.14222503160556257,0.25600505689001263,1,200000,0,0,0,0,1,0,0,0
30.067077344284737,522.0,33112.0,99.0,121.0,0.2690867359265523,0.328883788354675,1,15000000,0,0,1,0,0,0,0,1
26.844626967830255,5.0,91.0,0.0,0.0,0.0,0.0,1,400000,0,0,0,0,0,0,0,1
31.236139630390145,53.0,4726.0,0.0,0.0,0.0,0.0,1,700000,0,1,0,0,0,0,0,1
30.978781656399725,2.0,32.0,0.0,0.0,0.0,0.0,1,300000,0,0,1,0,0,0,0,0
24.40520191649555,1.0,13.0,0.0,0.0,0.0,0.0,1,50000,0,0,1,0,0,0,0,0
33.56331279945243,347.0,27551.0,4.0,24.0,0.013066676345686184,0.0784000580741171,1,2500000,1,0,0,0,1,0,0,0
23.901437371663246,0.0,0.0,0.0,0.0,0.0,0.0,0,150000,1,0,0,0,0,0,0,1
31.277207392197127,389.0,25603.0,69.0,71.0,0.24254970120688982,0.24958012732882867,1,8000000,0,0,1,0,0,1,0,0
25.56331279945243,0.0,0.0,0.0,0.0,0.0,0.0,0,50000,1,0,0,0,0,0,0,1
30.04243668720055,1.0,15.0,0.0,0.0,0.0,0.0,1,600000,0,0,0,0,0,0,1,0
30.272416153319643,47.0,1917.0,5.0,4.0,0.23474178403755872,0.18779342723004694,1,400000,0,0,0,0,0,0,1,0
29.481177275838466,18.0,646.0,2.0,1.0,0.2786377708978328,0.1393188854489164,1,600000,0,0,1,0,1,0,0,0
33.42094455852156,144.0,11654.0,2.0,1.0,0.015445340655568903,0.0077226703277844515,1,300000,1,0,0,0,0,0,0,0
32.64065708418891,386.0,24633.0,31.0,32.0,0.11326269638290098,0.11691633175009135,1,1500000,0,0,1,0,0,0,0,0
31.293634496919918,341.0,21990.0,52.0,59.0,0.21282401091405184,0.24147339699863574,1,1500000,0,0,0,0,0,0,0,0
28.61054072553046,0.0,0.0,0.0,0.0,0.0,0.0,0,4700000,0,0,0,0,0,0,1,0
27.87953456536619,2.0,180.0,0.0,0.0,0.0,0.0,1,150000,0,0,1,0,0,1,0,0
31.419575633127995,3.0,143.0,0.0,0.0,0.0,0.0,1,350000,1,0,0,0,0,0,0,1
31.958932238193018,14.0,1078.0,0.0,0.0,0.0,0.0,1,250000,1,0,0,0,0,0,1,0
29.31690622861054,59.0,4254.0,1.0,2.0,0.021156558533145273,0.04231311706629055,1,1800000,1,0,0,0,0,0,0,0
28.958247775496236,118.0,9128.0,7.0,13.0,0.06901840490797546,0.12817703768624014,1,800000,1,0,0,0,0,0,0,0
29.163586584531142,72.0,5901.0,6.0,4.0,0.09150991357397051,0.061006609049313675,1,1000000,1,0,0,0,0,0,0,0
28.57494866529774,4.0,240.0,0.0,0.0,0.0,0.0,1,100000,1,0,0,0,0,0,0,0
30.105407255304584,0.0,0.0,0.0,0.0,0.0,0.0,0,150000,1,0,0,0,0,0,1,0
29.22108145106092,0.0,0.0,0.0,0.0,0.0,0.0,0,100000,1,0,0,0,0,0,0,1
29.78507871321013,2.0,61.0,0.0,0.0,0.0,0.0,1,325000,0,0,0,0,0,0,0,0
28.80766598220397,2.0,110.0,1.0,0.0,0.0,0.0,1,350000,0,0,1,0,0,0,1,0
34.39561943874059,164.0,14552.0,0.0,0.0,0.0,0.0,1,400000,0,1,0,0,1,0,0,0
29.464750171115675,388.0,32137.0,28.0,33.0,0.07841428882596385,0.0924168404020288,1,10000000,0,0,1,0,0,0,0,1
31.186858316221766,156.0,7659.0,12.0,13.0,0.1410105757931845,0.1527614571092832,1,700000,0,0,0,0,0,0,0,1
31.033538672142367,72.0,5890.0,3.0,2.0,0.04584040747028862,0.030560271646859084,1,400000,1,0,0,0,1,0,0,0
27.123887748117728,0.0,0.0,0.0,0.0,0.0,0.0,0,200000,0,1,0,0,1,0,0,0
31.82751540041068,404.0,27982.0,75.0,48.0,0.241226502751769,0.15438496176113214,1,10000000,0,0,1,0,1,0,0,0
34.332648870636554,237.0,13765.0,8.0,17.0,0.052306574645840896,0.11115147112241192,1,350000,1,0,0,0,1,0,0,0
28.128678986995208,140.0,9951.0,48.0,16.0,0.4341272233946337,0.1447090744648779,1,16000000,0,0,0,0,1,0,0,0
32.99110198494182,173.0,15379.0,0.0,0.0,0.0,0.0,1,450000,0,1,0,0,1,0,0,0
32.101300479123886,187.0,16793.0,0.0,0.0,0.0,0.0,1,7000000,0,1,0,0,1,0,0,0
31.21423682409309,351.0,27501.0,12.0,39.0,0.03927129922548271,0.1276317224828188,1,2400000,1,0,0,0,0,0,0,0
29.084188911704313,0.0,0.0,0.0,0.0,0.0,0.0,0,600000,0,0,0,0,0,1,0,0
28.722792607802873,24.0,428.0,0.0,2.0,0.0,0.4205607476635514,1,700000,0,0,0,0,0,0,0,1
30.401095140314855,292.0,16964.0,17.0,38.0,0.0901909926904032,0.20160339542560718,1,2000000,0,0,1,0,0,0,0,1
30.119096509240247,0.0,0.0,0.0,0.0,0.0,0.0,0,150000,1,0,0,0,0,0,0,0
29.9958932238193,2.0,180.0,0.0,0.0,0.0,0.0,1,200000,1,0,0,0,0,0,0,0
32.24640657084189,348.0,19248.0,134.0,33.0,0.6265586034912718,0.1543017456359102,1,1500000,0,0,0,0,0,0,1,0
30.598220396988363,286.0,14798.0,11.0,16.0,0.06690093255845384,0.09731044735775105,1,2500000,0,0,1,0,0,0,0,0
34.12183436002738,273.0,24373.0,0.0,1.0,0.0,0.003692610675747754,1,5000000,0,1,0,0,0,1,0,0
30.33264887063655,97.0,7435.0,1.0,2.0,0.012104909213180902,0.024209818426361805,1,1000000,1,0,0,0,0,0,0,1
23.652292950034223,0.0,0.0,0.0,0.0,0.0,0.0,0,125000,0,0,1,0,0,0,0,1
28.399726214921287,1.0,17.0,0.0,0.0,0.0,0.0,1,275000,0,0,1,0,0,0,0,1
29.645448323066393,0.0,0.0,0.0,0.0,0.0,0.0,0,100000,0,1,0,0,0,0,0,1
31.665982203969882,274.0,24511.0,0.0,0.0,0.0,0.0,1,5000000,0,1,0,0,0,1,0,0
30.039698836413415,12.0,742.0,0.0,0.0,0.0,0.0,1,100000,0,0,1,0,0,0,0,1
26.754277891854894,59.0,3735.0,0.0,1.0,0.0,0.024096385542168676,1,1200000,0,0,1,0,0,0,0,1
29.10609171800137,0.0,0.0,0.0,0.0,0.0,0.0,0,250000,0,0,0,0,0,1,0,0
32.8104038329911,101.0,8765.0,0.0,5.0,0.0,0.05134055904164289,1,1000000,1,0,0,0,1,0,0,0
27.225188227241617,0.0,0.0,0.0,0.0,0.0,0.0,0,325000,0,1,0,0,1,0,0,0
33.22108145106092,170.0,14153.0,6.0,23.0,0.03815445488588992,0.1462587437292447,1,1000000,0,0,1,0,0,0,0,1
31.312799452429843,3.0,49.0,0.0,0.0,0.0,0.0,1,250000,0,0,0,0,0,0,0,0
30.379192334017795,81.0,4861.0,3.0,6.0,0.05554412672289652,0.11108825344579304,1,3000000,1,0,0,0,1,0,0,0
29.65366187542779,364.0,31141.0,19.0,13.0,0.05491153142159853,0.03757104781477795,1,8000000,1,0,0,0,0,0,0,1
28.35318275154004,57.0,2748.0,2.0,4.0,0.06550218340611354,0.13100436681222707,1,700000,0,0,1,0,0,0,1,0
31.50718685831622,383.0,29538.0,3.0,15.0,0.009140767824497258,0.045703839122486295,1,10000000,0,0,1,0,0,0,1,0
31.482546201232033,93.0,3851.0,8.0,3.0,0.18696442482472084,0.07011165930927032,1,500000,0,0,0,0,0,0,0,0
33.1088295687885,417.0,32378.0,12.0,26.0,0.03335598245722404,0.07227129532398542,1,3000000,1,0,0,0,0,1,0,0
29.730321697467488,1.0,60.0,0.0,0.0,0.0,0.0,1,200000,0,0,1,0,0,0,0,1
29.8507871321013,298.0,25367.0,13.0,12.0,0.04612291559900659,0.04257499901446762,1,18000000,1,0,0,0,0,0,0,1
30.7378507871321,127.0,8393.0,35.0,20.0,0.37531276063386154,0.2144644346479209,1,8000000,0,0,0,0,0,0,0,1
27.71252566735113,10.0,203.0,0.0,1.0,0.0,0.0,1,250000,0,0,0,0,0,0,0,1
27.71252566735113,0.0,0.0,0.0,0.0,0.0,0.0,0,50000,1,0,0,0,0,0,0,1
30.68309377138946,423.0,35977.0,55.0,110.0,0.13758790338271673,0.27517580676543346,1,20000000,1,0,0,0,0,0,0,1
32.99110198494182,264.0,19564.0,10.0,23.0,0.04600286240032713,0.10580658352075241,1,3000000,1,0,0,0,0,0,0,0
31.6249144421629,397.0,31565.0,41.0,46.0,0.11690163155393632,0.13115792808490417,1,13000000,0,0,1,0,0,1,0,0
30.986995208761122,87.0,4082.0,14.0,3.0,0.308672219500245,0.06614404703576678,1,250000,0,0,0,0,1,0,0,0
31.78097193702943,30.0,2667.0,0.0,0.0,0.0,0.0,1,400000,0,1,0,0,1,0,0,0
32.76386036960986,7.0,56.0,0.0,0.0,0.0,0.0,1,300000,0,0,0,0,0,0,0,1
30.584531143052704,15.0,209.0,0.0,2.0,0.0,0.0,1,375000,0,0,0,0,1,0,0,0
26.55715263518138,0.0,0.0,0.0,0.0,0.0,0.0,0,125000,0,1,0,0,0,0,0,1
31.307323750855577,148.0,11669.0,1.0,6.0,0.007712743165652583,0.046276458993915505,1,1500000,1,0,0,0,0,0,0,0
30.902121834360027,38.0,2275.0,1.0,2.0,0.03956043956043956,0.07912087912087912,1,300000,1,0,0,0,0,0,0,1
28.10677618069815,115.0,5447.0,5.0,10.0,0.08261428309161006,0.16522856618322013,1,1400000,0,0,1,0,0,0,1,0
28.125941136208077,13.0,265.0,1.0,2.0,0.0,0.0,1,350000,0,0,0,0,0,0,0,1
31.000684462696782,286.0,17419.0,16.0,31.0,0.08266835065158734,0.1601699293874505,1,2500000,1,0,0,0,0,0,0,1
30.587268993839835,179.0,11519.0,39.0,14.0,0.3047139508637903,0.10938449518187342,1,700000,0,0,0,0,0,0,0,0
31.21697467488022,27.0,2000.0,1.0,2.0,0.045,0.09,1,275000,0,0,1,0,1,0,0,0
33.40999315537303,0.0,0.0,0.0,0.0,0.0,0.0,0,50000,0,1,0,0,0,1,0,0
29.7741273100616,52.0,3400.0,1.0,2.0,0.026470588235294114,0.05294117647058823,1,2200000,1,0,0,0,0,1,0,0
32.07939767282683,154.0,8570.0,44.0,8.0,0.46207701283547253,0.08401400233372229,1,500000,0,0,0,0,0,0,1,0
30.401095140314855,0.0,0.0,0.0,0.0,0.0,0.0,0,100000,1,0,0,0,0,0,1,0
31.15126625598905,5.0,302.0,0.0,0.0,0.0,0.0,1,275000,1,0,0,0,0,0,1,0
26.951403148528406,14.0,649.0,0.0,0.0,0.0,0.0,1,250000,0,0,1,0,0,0,1,0
24.27378507871321,0.0,0.0,0.0,0.0,0.0,0.0,0,450000,1,0,0,0,0,0,1,0
25.793292265571527,0.0,0.0,0.0,0.0,0.0,0.0,0,75000,0,0,1,0,0,0,0,1
29.37987679671458,324.0,17959.0,26.0,34.0,0.13029678712623197,0.17038810624199566,1,600000,0,0,0,0,0,0,1,0
31.915126625598905,8.0,589.0,0.0,0.0,0.0,0.0,1,125000,0,0,1,0,0,0,1,0
30.184804928131417,175.0,10225.0,4.0,14.0,0.035207823960880194,0.12322738386308069,1,1200000,1,0,0,0,0,0,0,1
25.021218343600275,0.0,0.0,0.0,0.0,0.0,0.0,0,75000,1,0,0,0,0,0,1,0
33.464750171115675,33.0,1702.0,0.0,2.0,0.0,0.10575793184488837,1,700000,0,0,1,0,0,0,1,0
34.42299794661191,207.0,18502.0,0.0,0.0,0.0,0.0,1,1800000,0,1,0,0,0,0,0,0
34.22861054072553,2.0,161.0,0.0,0.0,0.0,0.0,1,100000,1,0,0,0,0,0,0,0
20.098562628336754,0.0,0.0,0.0,0.0,0.0,0.0,0,100000,0,0,1,0,0,0,1,0
32.20807665982204,189.0,15387.0,1.0,10.0,0.005849093390524468,0.05849093390524469,1,2000000,1,0,0,0,0,1,0,0
26.50513347022587,135.0,6893.0,5.0,13.0,0.0652836210648484,0.16973741476860582,1,300000,0,0,0,0,0,1,0,0
26.42299794661191,2.0,84.0,0.0,0.0,0.0,0.0,1,175000,0,0,1,0,0,0,0,1
29.897330595482547,2.0,157.0,0.0,0.0,0.0,0.0,1,300000,1,0,0,0,0,1,0,0
29.634496919917865,29.0,2050.0,0.0,0.0,0.0,0.0,1,1800000,0,0,1,0,0,1,0,0
29.65366187542779,281.0,25311.0,0.0,3.0,0.0,0.010667298802892024,1,12000000,0,1,0,0,0,0,0,1
27.83299110198494,2.0,21.0,0.0,0.0,0.0,0.0,1,225000,0,0,1,0,0,0,0,1
27.37577002053388,24.0,749.0,2.0,1.0,0.24032042723631508,0.12016021361815754,1,900000,0,0,0,0,0,0,0,1
33.01848049281314,0.0,0.0,0.0,0.0,0.0,0.0,0,125000,1,0,0,0,0,0,0,1
27.60848733744011,26.0,2280.0,1.0,1.0,0.039473684210526314,0.039473684210526314,1,800000,1,0,0,0,0,0,0,1
30.02053388090349,237.0,10492.0,45.0,22.0,0.3860083873427373,0.1887152115897827,1,2000000,0,0,0,0,0,0,0,1
32.380561259411365,35.0,1153.0,6.0,3.0,0.4683434518647008,0.2341717259323504,1,1500000,0,0,0,0,0,0,0,1
30.45311430527036,186.0,13044.0,8.0,4.0,0.05519779208831647,0.027598896044158234,1,1800000,1,0,0,0,0,0,0,1
30.288843258042437,473.0,39790.0,21.0,17.0,0.04749937170143253,0.03845187232973109,1,28000000,1,0,0,0,0,0,0,1
28.334017796030118,1.0,90.0,0.0,0.0,0.0,0.0,1,500000,0,1,0,0,0,0,0,1
28.355920602327174,0.0,0.0,0.0,0.0,0.0,0.0,0,300000,0,0,0,0,0,0,0,1
26.973305954825463,0.0,0.0,0.0,0.0,0.0,0.0,0,250000,0,1,0,0,0,0,0,1
28.301163586584533,0.0,0.0,0.0,0.0,0.0,0.0,0,50000,0,0,0,0,0,0,0,1
32.309377138945926,54.0,4795.0,0.0,0.0,0.0,0.0,1,200000,0,1,0,0,0,1,0,0
27.720739219712527,4.0,94.0,0.0,0.0,0.0,0.0,1,125000,0,0,1,0,0,0,0,1
30.321697467488022,156.0,12708.0,9.0,20.0,0.06373937677053824,0.141643059490085,1,1000000,1,0,0,0,0,0,0,1
30.874743326488705,130.0,11696.0,0.0,0.0,0.0,0.0,1,4000000,0,1,0,0,0,0,0,1
27.200547570157426,22.0,567.0,3.0,1.0,0.47619047619047616,0.15873015873015872,1,450000,0,0,0,0,0,0,0,1
27.315537303216974,0.0,0.0,0.0,0.0,0.0,0.0,0,100000,1,0,0,0,0,0,0,1
28.45448323066393,0.0,0.0,0.0,0.0,0.0,0.0,0,150000,0,1,0,0,0,0,0,1
27.854893908281998,4.0,244.0,0.0,0.0,0.0,0.0,1,750000,0,0,1,0,0,0,0,1
23.89322381930185,2.0,9.0,0.0,0.0,0.0,0.0,1,100000,0,0,0,0,0,0,0,1
24.292950034223136,0.0,0.0,0.0,0.0,0.0,0.0,0,75000,0,1,0,0,0,0,0,1
30.151950718685832,331.0,25335.0,14.0,6.0,0.0497335701598579,0.021314387211367674,1,8000000,1,0,0,0,0,0,0,0
32.04380561259411,0.0,0.0,0.0,0.0,0.0,0.0,0,200000,0,1,0,0,0,0,0,0
31.679671457905545,3.0,171.0,0.0,0.0,0.0,0.0,1,500000,0,0,0,0,0,0,0,0
31.953456536618756,245.0,18485.0,2.0,13.0,0.009737625101433596,0.06329456315931836,1,900000,1,0,0,0,0,0,0,0
28.459958932238195,0.0,0.0,0.0,0.0,0.0,0.0,0,100000,0,0,1,0,0,0,1,0
32.27926078028747,321.0,16915.0,44.0,36.0,0.23411173514631983,0.19154596511971622,1,3500000,0,0,0,0,0,0,1,0
24.38877481177276,0.0,0.0,0.0,0.0,0.0,0.0,0,75000,1,0,0,0,0,0,1,0
30.026009582477755,0.0,0.0,0.0,0.0,0.0,0.0,0,350000,0,0,1,0,0,0,1,0
30.086242299794662,151.0,11601.0,11.0,5.0,0.08533747090768037,0.038789759503491075,1,800000,1,0,0,0,0,0,1,0
32.14236824093087,280.0,16968.0,18.0,13.0,0.09547383309759547,0.06895332390381895,1,1300000,0,0,1,0,0,0,1,0
31.227926078028748,259.0,16174.0,7.0,6.0,0.038951403487078026,0.03338691727463831,1,1400000,0,0,1,0,0,0,1,0
30.140999315537304,0.0,0.0,0.0,0.0,0.0,0.0,0,175000,1,0,0,0,0,0,1,0
29.412731006160165,0.0,0.0,0.0,0.0,0.0,0.0,0,250000,1,0,0,0,0,0,1,0
29.36892539356605,0.0,0.0,0.0,0.0,0.0,0.0,0,150000,0,0,0,0,0,0,1,0
30.223134839151268,0.0,0.0,0.0,0.0,0.0,0.0,0,250000,0,0,0,0,0,0,1,0
29.478439425051334,2.0,109.0,0.0,0.0,0.0,0.0,1,125000,0,0,1,0,0,0,1,0
28.40246406570842,0.0,0.0,0.0,0.0,0.0,0.0,0,50000,0,0,1,0,0,0,1,0
24.399726214921287,0.0,0.0,0.0,0.0,0.0,0.0,0,50000,0,0,0,0,0,0,1,0
28.955509924709105,140.0,10376.0,2.0,2.0,0.017347725520431765,0.017347725520431765,1,1000000,1,0,0,0,0,0,1,0
19.926078028747433,0.0,0.0,0.0,0.0,0.0,0.0,0,50000,0,1,0,0,0,0,1,0
27.38945927446954,0.0,0.0,0.0,0.0,0.0,0.0,0,10000,0,0,1,0,0,0,1,0
31.342915811088297,256.0,18778.0,10.0,17.0,0.04792842688252211,0.08147832570028757,1,1800000,1,0,0,0,0,0,0,0
32.02737850787132,1.0,12.0,0.0,0.0,0.0,0.0,1,800000,0,0,1,0,0,0,0,0
32.205338809034906,0.0,0.0,0.0,0.0,0.0,0.0,0,150000,0,1,0,0,0,0,0,0
30.151950718685832,195.0,9885.0,54.0,19.0,0.4916540212443095,0.17298937784522003,1,6000000,0,0,0,0,1,0,0,0
27.939767282683093,1.0,1.0,0.0,0.0,0.0,0.0,1,5000000,0,0,1,0,0,1,0,0
28.084873374401095,43.0,2424.0,0.0,2.0,0.0,0.07425742574257425,1,350000,1,0,0,0,0,0,1,0
28.298425735797398,2.0,96.0,0.0,0.0,0.0,0.0,1,150000,0,0,1,0,0,0,1,0
30.088980150581794,26.0,1459.0,0.0,1.0,0.0,0.061686086360520906,1,300000,1,0,0,0,0,0,1,0
22.245037645448324,0.0,0.0,0.0,0.0,0.0,0.0,0,25000,1,0,0,0,0,0,1,0
31.37577002053388,450.0,38203.0,21.0,7.0,0.049472554511425806,0.016490851503808603,1,6000000,1,0,0,0,0,0,1,0
25.357973990417523,0.0,0.0,0.0,0.0,0.0,0.0,0,150000,0,0,0,0,0,0,1,0
29.686516084873375,100.0,3621.0,10.0,2.0,0.24855012427506215,0.04971002485501243,1,600000,0,0,0,0,0,0,1,0
29.596167008898014,2.0,180.0,0.0,0.0,0.0,0.0,1,300000,1,0,0,0,0,1,0,0
39.37850787132101,406.0,31070.0,160.0,58.0,0.463469584808497,0.16800772449308013,1,1000000,0,0,0,0,0,0,1,0
28.583162217659137,1.0,90.0,0.0,0.0,0.0,0.0,1,200000,1,0,0,0,0,1,0,0
21.1854893908282,0.0,0.0,0.0,0.0,0.0,0.0,0,25000,1,0,0,0,0,0,1,0
22.250513347022586,0.0,0.0,0.0,0.0,0.0,0.0,0,25000,0,0,0,0,0,0,1,0
17.596167008898014,0.0,0.0,0.0,0.0,0.0,0.0,0,100000,0,0,0,0,0,0,1,0
32.199863107460644,222.0,19944.0,1.0,0.0,0.004512635379061372,0.0,1,3000000,0,1,0,0,0,0,1,0
30.579055441478438,382.0,23710.0,130.0,52.0,0.49346267397722476,0.19738506959088992,1,3000000,0,0,0,0,0,0,0,0
30.43394934976044,21.0,575.0,1.0,1.0,0.1565217391304348,0.1565217391304348,1,150000,0,0,0,0,1,0,0,0
31.926078028747433,17.0,737.0,0.0,1.0,0.0,0.12211668928086837,1,100000,0,0,1,0,0,0,0,0
22.83915126625599,0.0,0.0,0.0,0.0,0.0,0.0,0,25000,0,0,1,0,0,0,1,0
29.270362765229294,2.0,180.0,0.0,0.0,0.0,0.0,1,100000,0,0,1,0,0,0,1,0
29.04312114989733,61.0,2890.0,3.0,3.0,0.09342560553633218,0.09342560553633218,1,400000,0,0,0,0,0,0,1,0
28.54757015742642,312.0,19680.0,32.0,61.0,0.14634146341463414,0.2789634146341463,1,50000000,1,0,0,0,0,0,1,0
30.882956878850102,1.0,14.0,0.0,0.0,0.0,0.0,1,350000,0,0,1,0,0,0,0,0
30.76249144421629,59.0,2900.0,7.0,4.0,0.21724137931034485,0.12413793103448274,1,100000,0,0,0,0,1,0,0,0
29.812457221081452,7.0,510.0,1.0,0.0,0.1764705882352941,0.0,1,150000,0,0,1,0,0,0,0,0
21.94113620807666,2.0,134.0,0.0,0.0,0.0,0.0,1,100000,1,0,0,0,0,1,0,0
28.50650239561944,118.0,9138.0,22.0,14.0,0.21667760998030203,0.13788575180564674,1,2500000,0,0,1,0,0,1,0,0
28.3750855578371,35.0,2847.0,1.0,0.0,0.03161222339304531,0.0,1,400000,1,0,0,0,0,0,1,0
30.31895961670089,3.0,22.0,0.0,0.0,0.0,0.0,1,200000,0,0,0,0,1,0,0,0
29.43463381245722,77.0,6522.0,2.0,1.0,0.027598896044158234,0.013799448022079117,1,2000000,1,0,0,0,1,0,0,0
30.379192334017795,0.0,0.0,0.0,0.0,0.0,0.0,0,325000,0,0,0,0,0,1,0,0
34.220396988364136,7.0,480.0,0.0,0.0,0.0,0.0,1,350000,1,0,0,0,0,0,1,0
29.196440793976727,0.0,0.0,0.0,0.0,0.0,0.0,0,100000,1,0,0,0,0,0,1,0
29.7056810403833,5.0,221.0,1.0,0.0,0.0,0.0,1,150000,0,0,0,0,0,0,1,0
29.196440793976727,0.0,0.0,0.0,0.0,0.0,0.0,0,175000,0,1,0,0,0,0,1,0
23.71526351813826,0.0,0.0,0.0,0.0,0.0,0.0,0,25000,0,0,1,0,0,0,1,0
20.10130047912389,0.0,0.0,0.0,0.0,0.0,0.0,0,25000,1,0,0,0,0,0,1,0
30.663928815879533,51.0,2619.0,1.0,2.0,0.03436426116838488,0.06872852233676977,1,650000,0,0,1,0,0,0,0,0
29.782340862423,1.0,1.0,0.0,0.0,0.0,0.0,1,50000,0,0,1,0,0,0,0,0
20.0,0.0,0.0,0.0,0.0,0.0,0.0,0,25000,0,0,0,1,0,0,1,0
31.238877481177276,454.0,33229.0,38.0,28.0,0.10292214631797528,0.07583737097113967,1,7000000,0,0,1,0,0,0,1,0
27.463381245722108,0.0,0.0,0.0,0.0,0.0,0.0,0,25000,0,1,0,0,0,0,1,0
30.45037645448323,293.0,17096.0,55.0,35.0,0.2895414131960693,0.1842536265793168,1,500000,0,0,0,0,0,0,1,0
28.016427104722794,0.0,0.0,0.0,0.0,0.0,0.0,0,25000,0,0,1,0,0,0,1,0
29.650924024640656,40.0,1440.0,2.0,0.0,0.125,0.0,1,150000,0,0,0,0,0,0,1,0
30.748802190280628,4.0,144.0,0.0,0.0,0.0,0.0,1,700000,0,0,1,0,0,0,0,1
28.39151266255989,0.0,0.0,0.0,0.0,0.0,0.0,0,100000,0,0,1,0,0,0,0,0
28.427104722792606,1.0,90.0,0.0,0.0,0.0,0.0,1,600000,0,1,0,0,0,0,0,0
27.7782340862423,9.0,455.0,0.0,0.0,0.0,0.0,1,200000,0,0,1,0,0,0,0,0
28.043805612594113,1.0,90.0,0.0,0.0,0.0,0.0,1,300000,1,0,0,0,0,0,0,0
27.93429158110883,0.0,0.0,0.0,0.0,0.0,0.0,0,200000,0,0,1,0,0,0,0,0
28.914442162902123,224.0,12172.0,38.0,16.0,0.28097272428524483,0.11830430496220835,1,1500000,0,0,0,0,0,0,0,0
28.33675564681725,0.0,0.0,0.0,0.0,0.0,0.0,0,300000,0,0,0,0,0,0,0,0
31.27173169062286,253.0,12951.0,24.0,35.0,0.16678248783877692,0.2432244614315497,1,12000000,0,0,0,0,0,1,0,0
28.28747433264887,44.0,2324.0,4.0,3.0,0.1549053356282272,0.1161790017211704,1,700000,0,0,0,0,0,1,0,0
29.084188911704313,0.0,0.0,0.0,0.0,0.0,0.0,0,1500000,1,0,0,0,0,0,1,0
26.376454483230663,0.0,0.0,0.0,0.0,0.0,0.0,0,25000,0,0,0,0,0,0,1,0
28.725530458590008,0.0,0.0,0.0,0.0,0.0,0.0,0,125000,0,0,1,0,0,0,1,0
28.903490759753595,0.0,0.0,0.0,0.0,0.0,0.0,0,125000,0,1,0,0,0,0,1,0
17.916495550992472,0.0,0.0,0.0,0.0,0.0,0.0,0,50000,0,1,0,0,0,0,1,0
29.31416837782341,4.0,131.0,0.0,0.0,0.0,0.0,1,450000,0,0,0,0,0,0,1,0
38.168377823408626,236.0,20360.0,13.0,2.0,0.057465618860510805,0.008840864440078585,1,350000,1,0,0,0,1,0,0,0
19.19233401779603,0.0,0.0,0.0,0.0,0.0,0.0,0,25000,0,0,0,1,0,0,1,0
18.146475017111566,0.0,0.0,0.0,0.0,0.0,0.0,0,50000,0,0,0,1,0,0,1,0
31.811088295687885,324.0,18805.0,17.0,17.0,0.08136134006913055,0.08136134006913055,1,3500000,0,0,1,0,0,0,1,0
31.433264887063654,0.0,0.0,0.0,0.0,0.0,0.0,0,100000,1,0,0,0,0,0,1,0
23.370294318959616,0.0,0.0,0.0,0.0,0.0,0.0,0,25000,1,0,0,0,0,0,1,0
29.43463381245722,0.0,0.0,0.0,0.0,0.0,0.0,0,50000,1,0,0,0,0,0,1,0
21.806981519507186,1.0,25.0,0.0,0.0,0.0,0.0,1,75000,0,0,0,0,0,0,1,0
21.322381930184804,0.0,0.0,0.0,0.0,0.0,0.0,0,75000,0,0,1,0,0,0,1,0
27.7782340862423,2.0,22.0,0.0,0.0,0.0,0.0,1,75000,0,0,1,0,0,0,1,0
21.763175906913073,0.0,0.0,0.0,0.0,0.0,0.0,0,50000,0,0,1,0,0,0,1,0
21.311430527036276,0.0,0.0,0.0,0.0,0.0,0.0,0,75000,0,0,0,0,0,0,1,0
22.543463381245722,0.0,0.0,0.0,0.0,0.0,0.0,0,100000,0,0,0,0,0,0,1,0
18.55715263518138,0.0,0.0,0.0,0.0,0.0,0.0,0,25000,0,1,0,0,0,0,1,0
25.338809034907598,1.0,27.0,0.0,0.0,0.0,0.0,1,100000,1,0,0,0,0,0,1,0
28.487337440109513,0.0,0.0,0.0,0.0,0.0,0.0,0,375000,0,0,1,0,0,0,1,0
28.684462696783026,0.0,0.0,0.0,0.0,0.0,0.0,0,150000,0,0,0,0,0,0,1,0
28.66803559206023,31.0,2379.0,0.0,3.0,0.0,0.11349306431273644,1,300000,1,0,0,0,0,0,1,0
32.18343600273785,203.0,10825.0,36.0,22.0,0.29930715935334873,0.1829099307159353,1,1200000,0,0,0,0,0,0,1,0
28.528405201916495,1.0,30.0,0.0,0.0,0.0,0.0,1,350000,0,0,1,0,0,0,1,0
34.050650239561946,228.0,20073.0,0.0,0.0,0.0,0.0,1,800000,0,1,0,0,0,0,1,0
28.418891170431213,1.0,45.0,0.0,0.0,0.0,0.0,1,125000,0,0,0,0,0,0,0,1
32.31759069130732,390.0,29093.0,3.0,16.0,0.009280582958099887,0.0494964424431994,1,1200000,1,0,0,0,0,0,1,0
29.32785763175907,0.0,0.0,0.0,0.0,0.0,0.0,0,500000,0,0,1,0,0,0,1,0
29.440109514031484,1.0,90.0,0.0,0.0,0.0,0.0,1,50000,1,0,0,0,0,0,1,0
31.20328542094456,2.0,153.0,0.0,0.0,0.0,0.0,1,200000,0,0,1,0,1,0,0,0
28.870636550308006,0.0,0.0,0.0,0.0,0.0,0.0,0,150000,1,0,0,0,0,0,1,0
28.80766598220397,0.0,0.0,0.0,0.0,0.0,0.0,0,50000,0,1,0,0,0,0,1,0
29.418206707734427,36.0,1878.0,4.0,4.0,0.1916932907348243,0.1916932907348243,1,1500000,0,0,0,0,0,0,1,0
29.29226557152635,0.0,0.0,0.0,0.0,0.0,0.0,0,200000,1,0,0,0,0,0,1,0
29.43189596167009,0.0,0.0,0.0,0.0,0.0,0.0,0,50000,0,0,1,0,0,0,1,0
28.186173853524984,0.0,0.0,0.0,0.0,0.0,0.0,0,25000,1,0,0,0,0,0,1,0
25.423682409308693,1.0,22.0,1.0,0.0,0.0,0.0,1,50000,1,0,0,0,0,0,1,0
29.05681040383299,35.0,2215.0,7.0,5.0,0.28442437923250563,0.20316027088036115,1,1300000,0,0,1,0,0,0,1,0
27.520876112251884,4.0,250.0,0.0,0.0,0.0,0.0,1,500000,0,0,0,0,0,0,1,0
28.416153319644078,0.0,0.0,0.0,0.0,0.0,0.0,0,100000,1,0,0,0,0,0,1,0
28.449007529089666,0.0,0.0,0.0,0.0,0.0,0.0,0,300000,1,0,0,0,0,0,1,0
28.238193018480494,0.0,0.0,0.0,0.0,0.0,0.0,0,75000,1,0,0,0,0,0,1,0
20.030116358658454,1.0,90.0,0.0,1.0,0.0,0.0,1,100000,1,0,0,0,1,0,0,0
31.854893908281998,1.0,3.0,0.0,0.0,0.0,0.0,1,250000,0,1,0,0,0,0,0,0
28.487337440109513,0.0,0.0,0.0,0.0,0.0,0.0,0,100000,0,0,0,0,0,0,1,0
27.68788501026694,0.0,0.0,0.0,0.0,0.0,0.0,0,75000,1,0,0,0,0,0,1,0
29.730321697467488,17.0,1152.0,0.0,0.0,0.0,0.0,1,300000,0,0,1,0,0,1,0,0
27.394934976043807,2.0,101.0,0.0,1.0,0.0,0.0,1,150000,0,0,0,0,0,0,1,0
29.127994524298426,267.0,17127.0,32.0,20.0,0.16815554387808723,0.10509721492380451,1,1200000,0,0,1,0,0,0,1,0
21.968514715947983,0.0,0.0,0.0,0.0,0.0,0.0,0,150000,0,0,1,0,0,1,0,0
30.362765229295004,39.0,3525.0,0.0,0.0,0.0,0.0,1,1000000,0,1,0,0,0,1,0,0
21.924709103353866,0.0,0.0,0.0,0.0,0.0,0.0,0,100000,1,0,0,0,0,1,0,0
29.702943189596166,2.0,32.0,0.0,0.0,0.0,0.0,1,300000,0,0,0,0,0,0,1,0
31.200547570157426,208.0,17682.0,16.0,9.0,0.08143875127248049,0.04580929759077028,1,2500000,1,0,0,0,1,0,0,0
32.24914442162902,21.0,547.0,0.0,1.0,0.0,0.16453382084095064,1,1000000,0,0,1,0,0,0,0,0
29.82614647501711,21.0,1249.0,4.0,1.0,0.28823058446757405,0.07205764611689351,1,500000,0,0,0,0,1,0,0,0
21.404517453798768,0.0,0.0,0.0,0.0,0.0,0.0,0,75000,0,0,1,0,0,0,1,0
29.253935660506503,299.0,19153.0,10.0,26.0,0.04699002767190519,0.12217407194695348,1,7000000,1,0,0,0,0,0,0,1
28.648870636550306,0.0,0.0,0.0,0.0,0.0,0.0,0,50000,0,1,0,0,0,0,1,0
25.412731006160165,0.0,0.0,0.0,0.0,0.0,0.0,0,10000,0,0,0,0,0,0,0,1
28.227241615331966,1.0,25.0,0.0,0.0,0.0,0.0,1,300000,1,0,0,0,0,0,0,1
30.872005475701574,0.0,0.0,0.0,0.0,0.0,0.0,0,275000,0,0,0,0,0,0,0,1
30.34633812457221,301.0,16478.0,29.0,24.0,0.15839300886029858,0.13108386940162642,1,8500000,0,0,1,0,0,0,1,0
24.73100616016427,2.0,198.0,0.0,0.0,0.0,0.0,1,50000,0,0,1,0,0,0,1,0
27.60848733744011,0.0,0.0,0.0,0.0,0.0,0.0,0,175000,1,0,0,0,0,0,1,0
27.140314852840522,8.0,425.0,0.0,0.0,0.0,0.0,1,2000000,0,0,0,0,0,0,1,0
30.053388090349078,0.0,0.0,0.0,0.0,0.0,0.0,0,200000,0,0,1,0,0,0,0,0
34.34907597535934,233.0,16285.0,11.0,14.0,0.060792140006140624,0.07737181455326987,1,1800000,0,0,1,0,0,0,0,0
36.05749486652977,237.0,18352.0,13.0,7.0,0.06375326939843069,0.03432868352223191,1,300000,1,0,0,0,0,0,0,0
19.01163586584531,0.0,0.0,0.0,0.0,0.0,0.0,0,50000,0,1,0,0,0,0,1,0
22.647501711156742,1.0,9.0,0.0,0.0,0.0,0.0,1,25000,0,0,1,0,0,0,1,0
22.770704996577688,1.0,6.0,0.0,0.0,0.0,0.0,1,50000,1,0,0,0,0,0,1,0
32.16153319644079,12.0,384.0,1.0,0.0,0.234375,0.0,1,100000,0,0,1,0,0,0,0,0
31.93429158110883,65.0,3795.0,19.0,5.0,0.4505928853754941,0.11857707509881424,1,3500000,0,0,0,0,0,0,0,1
27.707049965776864,0.0,0.0,0.0,0.0,0.0,0.0,0,350000,0,0,1,0,0,1,0,0
27.520876112251884,0.0,0.0,0.0,0.0,0.0,0.0,0,500000,0,0,0,0,0,0,1,0
30.600958247775495,2.0,60.0,0.0,0.0,0.0,0.0,1,600000,0,0,1,0,1,0,0,0
27.474332648870636,0.0,0.0,0.0,0.0,0.0,0.0,0,150000,0,0,1,0,1,0,0,0
31.813826146475016,327.0,27391.0,25.0,6.0,0.08214376985141104,0.019714504764338652,1,2000000,1,0,0,0,1,0,0,0
29.451060917180012,0.0,0.0,0.0,0.0,0.0,0.0,0,350000,0,0,0,0,0,0,1,0
30.729637234770706,279.0,18801.0,34.0,49.0,0.1627573001436094,0.23456199138343703,1,20000000,0,0,0,0,0,1,0,0
21.141683778234086,1.0,32.0,0.0,0.0,0.0,0.0,1,250000,0,0,0,0,0,1,0,0
28.306639288158795,5.0,98.0,0.0,0.0,0.0,0.0,1,200000,0,0,0,0,1,0,0,0
30.888432580424368,339.0,24510.0,93.0,70.0,0.34149326805385555,0.25703794369645044,1,10000000,0,0,1,0,0,0,0,0
32.323066392881586,48.0,1495.0,5.0,2.0,0.3010033444816054,0.12040133779264213,1,300000,0,0,0,0,1,0,0,0
31.89322381930185,172.0,8976.0,33.0,7.0,0.33088235294117646,0.07018716577540107,1,300000,0,0,0,0,1,0,0,0
30.217659137577,50.0,1788.0,0.0,1.0,0.0,0.050335570469798654,1,700000,0,0,1,0,0,0,0,0
30.48870636550308,18.0,1142.0,0.0,1.0,0.0,0.0788091068301226,1,800000,0,0,1,0,1,0,0,0
27.27173169062286,38.0,2950.0,0.0,0.0,0.0,0.0,1,800000,1,0,0,0,0,0,0,0
33.097878165639976,241.0,17193.0,6.0,22.0,0.03140813121619264,0.11516314779270632,1,2500000,1,0,0,0,1,0,0,0
27.129363449691994,0.0,0.0,0.0,0.0,0.0,0.0,0,200000,1,0,0,0,1,0,0,0
29.180013689253936,0.0,0.0,0.0,0.0,0.0,0.0,0,200000,0,0,0,0,1,0,0,0
29.93839835728953,34.0,2791.0,1.0,4.0,0.03224650662844858,0.12898602651379432,1,2000000,1,0,0,0,1,0,0,0
26.915811088295687,44.0,3374.0,0.0,3.0,0.0,0.08002371072910491,1,200000,1,0,0,0,0,0,0,0
28.306639288158795,241.0,12780.0,33.0,17.0,0.2323943661971831,0.11971830985915492,1,1500000,0,0,1,0,0,0,1,0
30.863791923340177,135.0,8552.0,10.0,14.0,0.10523854069223573,0.14733395696913004,1,2500000,0,0,1,0,1,0,0,0
30.73511293634497,257.0,20128.0,36.0,25.0,0.1609697933227345,0.11178457869634341,1,1000000,0,0,1,0,0,0,0,1
21.256673511293634,0.0,0.0,0.0,0.0,0.0,0.0,0,50000,1,0,0,0,0,0,1,0
30.10814510609172,40.0,2378.0,1.0,2.0,0.03784693019343986,0.07569386038687972,1,1000000,1,0,0,0,0,0,0,0
27.76454483230664,0.0,0.0,0.0,0.0,0.0,0.0,0,25000,1,0,0,0,0,0,1,0
25.83983572895277,4.0,113.0,0.0,0.0,0.0,0.0,1,50000,0,0,0,0,0,0,0,0
30.354551676933607,338.0,16596.0,18.0,41.0,0.09761388286334056,0.2223427331887202,1,6000000,0,0,0,0,0,1,0,0
25.801505817932924,0.0,0.0,0.0,0.0,0.0,0.0,0,125000,1,0,0,0,0,1,0,0
31.488021902806295,1.0,21.0,0.0,0.0,0.0,0.0,1,200000,0,0,1,0,1,0,0,0
21.593429158110883,17.0,628.0,2.0,1.0,0.28662420382165604,0.14331210191082802,1,250000,0,0,0,0,0,1,0,0
31.252566735112936,27.0,2038.0,1.0,0.0,0.04416094210009813,0.0,1,450000,0,0,1,0,1,0,0,0
21.141683778234086,0.0,0.0,0.0,0.0,0.0,0.0,0,50000,1,0,0,0,1,0,0,0
26.390143737166323,0.0,0.0,0.0,0.0,0.0,0.0,0,150000,1,0,0,0,1,0,0,0
29.65366187542779,0.0,0.0,0.0,0.0,0.0,0.0,0,200000,0,0,1,0,1,0,0,0
23.967145790554415,0.0,0.0,0.0,0.0,0.0,0.0,0,275000,1,0,0,0,1,0,0,0
20.522929500342233,0.0,0.0,0.0,0.0,0.0,0.0,0,50000,0,0,1,0,1,0,0,0
32.054757015742645,45.0,3791.0,0.0,0.0,0.0,0.0,1,100000,0,1,0,0,1,0,0,0
25.659137577002053,26.0,2251.0,1.0,0.0,0.039982230119946685,0.0,1,400000,1,0,0,0,1,0,0,0
30.220396988364133,185.0,13255.0,3.0,2.0,0.02036967182195398,0.013579781214635987,1,1500000,0,0,1,0,1,0,0,0
29.776865160848732,0.0,0.0,0.0,0.0,0.0,0.0,0,200000,1,0,0,0,1,0,0,0
26.9596167008898,0.0,0.0,0.0,0.0,0.0,0.0,0,400000,0,0,1,0,0,0,0,1
20.427104722792606,0.0,0.0,0.0,0.0,0.0,0.0,0,50000,1,0,0,0,1,0,0,0
30.562628336755647,354.0,19814.0,32.0,56.0,0.14535177147471484,0.254365600080751,1,1800000,0,0,1,0,0,0,0,0
29.297741273100616,146.0,8778.0,15.0,9.0,0.15379357484620643,0.09227614490772386,1,1500000,0,0,0,0,1,0,0,0
25.763175906913073,8.0,426.0,1.0,0.0,0.2112676056338028,0.0,1,25000,0,0,0,0,1,0,0,0
29.420944558521562,0.0,0.0,0.0,0.0,0.0,0.0,0,25000,0,1,0,0,0,0,1,0
30.313483915126625,39.0,1220.0,0.0,1.0,0.0,0.07377049180327869,1,1200000,0,0,1,0,0,0,1,0
31.38398357289528,74.0,6662.0,0.0,1.0,0.0,0.013509456619633743,1,4000000,0,1,0,0,0,0,0,0
31.299110198494184,463.0,26934.0,87.0,49.0,0.29071062597460456,0.1637335709512141,1,6000000,0,0,1,0,0,0,1,0
35.08008213552361,388.0,23524.0,113.0,44.0,0.43232443461996256,0.16833871790511817,1,3000000,0,0,0,0,0,1,0,0
32.53388090349076,496.0,32767.0,176.0,88.0,0.48341319009979555,0.24170659504989778,1,5000000,0,0,0,0,0,0,1,0
31.184120465434635,142.0,10068.0,4.0,6.0,0.03575685339690107,0.05363528009535161,1,400000,0,0,1,0,0,1,0,0
27.67693360711841,0.0,0.0,0.0,0.0,0.0,0.0,0,50000,0,1,0,0,0,0,1,0
28.344969199178646,0.0,0.0,0.0,0.0,0.0,0.0,0,100000,0,0,1,0,0,0,1,0
30.650239561943874,244.0,18124.0,5.0,17.0,0.024828956080335463,0.08441845067314059,1,8000000,1,0,0,0,0,1,0,0
30.127310061601644,111.0,6188.0,10.0,16.0,0.14544279250161601,0.23270846800258566,1,2500000,0,0,1,0,1,0,0,0
31.129363449691994,239.0,14645.0,8.0,18.0,0.049163537043359504,0.11061795834755889,1,5000000,0,0,1,0,0,1,0,0
30.12183436002738,5.0,381.0,0.0,0.0,0.0,0.0,1,900000,1,0,0,0,0,1,0,0
30.754277891854894,230.0,20394.0,0.0,0.0,0.0,0.0,1,1500000,0,1,0,0,1,0,0,0
26.075290896646134,4.0,154.0,0.0,0.0,0.0,0.0,1,1000000,0,0,1,0,0,0,0,1
25.932922655715263,3.0,107.0,0.0,0.0,0.0,0.0,1,25000,0,0,1,0,0,0,0,1
28.61054072553046,154.0,10681.0,6.0,7.0,0.05055706394532347,0.058983241269544046,1,300000,1,0,0,0,0,0,1,0
29.481177275838466,15.0,1217.0,1.0,1.0,0.07395234182415776,0.07395234182415776,1,2500000,1,0,0,0,0,1,0,0
28.470910335386723,2.0,93.0,0.0,0.0,0.0,0.0,1,200000,0,0,1,0,0,1,0,0
33.06776180698152,389.0,23192.0,74.0,66.0,0.2871679889617109,0.2561228009658503,1,2500000,0,0,1,0,0,0,1,0
33.89733059548254,360.0,24896.0,16.0,24.0,0.05784061696658097,0.08676092544987146,1,1000000,1,0,0,0,0,0,1,0
31.107460643394933,19.0,758.0,0.0,0.0,0.0,0.0,1,600000,0,0,1,0,0,0,0,0
32.26830937713895,130.0,7802.0,14.0,12.0,0.161497052037939,0.13842604460394772,1,500000,0,0,1,0,0,0,0,0
29.527720739219713,281.0,19342.0,64.0,59.0,0.297797539034226,0.2745321062971771,1,1500000,0,0,1,0,0,0,1,0
25.779603011635867,1.0,24.0,0.0,0.0,0.0,0.0,1,150000,0,0,1,0,0,0,1,0
27.77549623545517,10.0,570.0,0.0,1.0,0.0,0.15789473684210525,1,1500000,0,0,0,0,0,0,0,0
27.208761122518823,94.0,3434.0,14.0,5.0,0.36691904484566107,0.1310425160163075,1,2000000,0,0,0,0,0,0,0,1
27.227926078028748,23.0,1809.0,0.0,1.0,0.0,0.04975124378109452,1,400000,1,0,0,0,0,1,0,0
27.964407939767284,6.0,540.0,0.0,0.0,0.0,0.0,1,900000,0,1,0,0,0,1,0,0
20.618754277891856,0.0,0.0,0.0,0.0,0.0,0.0,0,25000,1,0,0,0,0,0,1,0
29.678302532511978,0.0,0.0,0.0,0.0,0.0,0.0,0,125000,0,0,0,0,0,0,1,0
28.44079397672827,141.0,7787.0,13.0,14.0,0.15025041736227046,0.1618081417747528,1,800000,0,0,0,0,0,0,0,0
31.770020533880903,1.0,15.0,0.0,0.0,0.0,0.0,1,100000,0,0,0,0,0,0,1,0
22.795345653661876,6.0,235.0,0.0,0.0,0.0,0.0,1,100000,0,0,1,0,0,0,1,0
31.871321013004792,212.0,13633.0,19.0,23.0,0.12543093963177585,0.15183745323846548,1,1000000,0,0,0,0,0,1,0,0
33.14168377823409,145.0,9298.0,43.0,24.0,0.4162185416218542,0.23230802323080232,1,200000,0,0,0,0,0,1,0,0
22.171115674195757,1.0,69.0,0.0,0.0,0.0,0.0,1,25000,0,0,0,0,0,0,1,0
27.718001368925393,2.0,49.0,0.0,0.0,0.0,0.0,1,1400000,0,0,0,0,0,0,1,0
33.42915811088296,6.0,143.0,0.0,0.0,0.0,0.0,1,300000,1,0,0,0,1,0,0,0
27.849418206707735,0.0,0.0,0.0,0.0,0.0,0.0,0,100000,1,0,0,0,0,0,0,0
24.098562628336754,1.0,14.0,0.0,0.0,0.0,0.0,1,50000,1,0,0,0,0,0,0,0
31.236139630390145,25.0,1000.0,4.0,1.0,0.36,0.09,1,700000,0,0,0,0,0,0,0,0
34.247775496235455,17.0,1216.0,0.0,0.0,0.0,0.0,1,100000,0,0,1,0,0,0,0,0
26.8145106091718,1.0,23.0,0.0,0.0,0.0,0.0,1,200000,0,0,1,0,0,0,0,0
28.071184120465436,1.0,13.0,0.0,0.0,0.0,0.0,1,50000,0,0,1,0,0,0,0,0
28.331279945242983,0.0,0.0,0.0,0.0,0.0,0.0,0,150000,1,0,0,0,0,0,1,0
28.476386036960985,12.0,446.0,1.0,0.0,0.20179372197309417,0.0,1,100000,0,0,1,0,0,0,1,0
28.093086926762492,0.0,0.0,0.0,0.0,0.0,0.0,0,50000,0,1,0,0,0,1,0,0
30.7378507871321,13.0,480.0,0.0,1.0,0.0,0.1875,1,250000,0,0,0,0,0,0,0,0
32.446269678302535,62.0,3493.0,9.0,3.0,0.23189235614085313,0.07729745204695104,1,2000000,1,0,0,0,1,0,0,0
25.125256673511295,0.0,0.0,0.0,0.0,0.0,0.0,0,100000,0,1,0,0,0,0,0,1
27.1813826146475,7.0,96.0,0.0,0.0,0.0,0.0,1,25000,0,0,0,0,1,0,0,0
33.426420260095824,242.0,13841.0,56.0,16.0,0.36413553933964304,0.1040387255256123,1,1200000,0,0,0,0,0,0,0,0
31.874058863791923,15.0,1275.0,0.0,0.0,0.0,0.0,1,300000,0,0,1,0,1,0,0,0
26.06160164271047,28.0,804.0,2.0,1.0,0.22388059701492538,0.11194029850746269,1,175000,0,0,0,0,0,0,0,1
29.32511978097194,263.0,18964.0,16.0,20.0,0.07593334739506433,0.0949166842438304,1,7500000,0,0,1,0,0,0,0,0
24.580424366872005,0.0,0.0,0.0,0.0,0.0,0.0,0,125000,0,0,1,0,0,1,0,0
33.637234770705,91.0,6246.0,9.0,6.0,0.12968299711815562,0.08645533141210375,1,500000,0,0,1,0,1,0,0,0
29.17453798767967,37.0,3305.0,0.0,1.0,0.0,0.02723146747352496,1,1200000,1,0,0,0,0,1,0,0
31.411362080766597,154.0,11912.0,7.0,2.0,0.05288784419073204,0.01511081262592344,1,3000000,1,0,0,0,0,1,0,0
28.369609856262834,0.0,0.0,0.0,0.0,0.0,0.0,0,250000,1,0,0,0,0,0,0,0
31.200547570157426,308.0,27786.0,0.0,0.0,0.0,0.0,1,9000000,0,1,0,0,0,0,0,0
28.303901437371664,0.0,0.0,0.0,0.0,0.0,0.0,0,300000,1,0,0,0,0,0,0,0
30.146475017111566,50.0,1489.0,6.0,4.0,0.3626595030221625,0.24177300201477503,1,400000,0,0,0,0,1,0,0,0
31.772758384668034,25.0,2092.0,0.0,0.0,0.0,0.0,1,500000,1,0,0,0,1,0,0,0
27.745379876796715,0.0,0.0,0.0,0.0,0.0,0.0,0,50000,0,0,1,0,0,0,1,0
32.89253935660506,390.0,23649.0,34.0,41.0,0.12939236331345935,0.1560319675250539,1,1600000,0,0,0,0,0,0,0,0
19.64955509924709,0.0,0.0,0.0,0.0,0.0,0.0,0,50000,0,0,0,1,0,0,1,0
27.32101300479124,0.0,0.0,0.0,0.0,0.0,0.0,0,25000,0,0,1,0,0,0,1,0
32.11772758384668,1.0,6.0,0.0,0.0,0.0,0.0,1,200000,0,0,1,0,0,0,1,0
28.334017796030118,19.0,913.0,0.0,1.0,0.0,0.09857612267250822,1,800000,0,0,0,0,0,0,0,0
31.87953456536619,231.0,16803.0,9.0,3.0,0.048205677557579,0.016068559185859668,1,2500000,0,0,1,0,0,0,0,0
26.543463381245722,16.0,553.0,2.0,1.0,0.325497287522604,0.162748643761302,1,800000,0,0,0,0,0,0,1,0
26.836413415468858,3.0,6.0,0.0,0.0,0.0,0.0,1,50000,0,0,0,0,0,0,1,0
28.344969199178646,0.0,0.0,0.0,0.0,0.0,0.0,0,500000,1,0,0,0,0,0,1,0
25.245722108145106,0.0,0.0,0.0,0.0,0.0,0.0,0,50000,0,0,1,0,0,0,1,0
29.04312114989733,0.0,0.0,0.0,0.0,0.0,0.0,0,225000,1,0,0,0,0,1,0,0
20.840520191649556,0.0,0.0,0.0,0.0,0.0,0.0,0,100000,0,1,0,0,0,1,0,0
18.836413415468858,4.0,101.0,0.0,0.0,0.0,0.0,1,500000,1,0,0,0,1,0,0,0
30.8911704312115,0.0,0.0,0.0,0.0,0.0,0.0,0,50000,0,1,0,0,0,0,0,0
39.12936344969199,261.0,14280.0,15.0,16.0,0.09453781512605042,0.10084033613445377,1,150000,0,0,1,0,1,0,0,0
29.426420260095824,2.0,25.0,0.0,0.0,0.0,0.0,1,25000,0,0,0,0,0,0,1,0
28.11772758384668,0.0,0.0,0.0,0.0,0.0,0.0,0,10000,1,0,0,0,0,0,1,0
28.40520191649555,0.0,0.0,0.0,0.0,0.0,0.0,0,200000,0,0,0,0,0,0,1,0
30.694045174537987,55.0,4047.0,1.0,1.0,0.02223869532987398,0.02223869532987398,1,1500000,1,0,0,0,0,1,0,0
23.531827515400412,0.0,0.0,0.0,0.0,0.0,0.0,0,150000,0,0,1,0,0,0,0,0
26.978781656399725,16.0,1131.0,1.0,0.0,0.07957559681697612,0.0,1,500000,1,0,0,0,0,1,0,0
28.134154688569474,37.0,2252.0,0.0,3.0,0.0,0.11989342806394317,1,275000,1,0,0,0,0,0,1,0
29.349760438056126,223.0,15500.0,8.0,9.0,0.04645161290322581,0.05225806451612903,1,4000000,1,0,0,0,0,1,0,0
27.65776865160849,0.0,0.0,0.0,0.0,0.0,0.0,0,150000,0,1,0,0,0,0,1,0
29.97946611909651,287.0,19926.0,13.0,8.0,0.058717253839205064,0.036133694670280034,1,3500000,1,0,0,0,0,0,0,1
30.573579739904176,31.0,964.0,1.0,1.0,0.09336099585062241,0.09336099585062241,1,500000,0,0,0,0,0,0,1,0
27.589322381930184,0.0,0.0,0.0,0.0,0.0,0.0,0,350000,0,0,1,0,1,0,0,0
28.320328542094455,53.0,4496.0,0.0,0.0,0.0,0.0,1,550000,0,1,0,0,1,0,0,0
27.236139630390145,0.0,0.0,0.0,0.0,0.0,0.0,0,25000,0,1,0,0,0,0,0,1
31.236139630390145,1.0,1.0,0.0,0.0,0.0,0.0,1,100000,0,1,0,0,0,1,0,0
32.158795345653665,263.0,20432.0,16.0,31.0,0.07047768206734534,0.1365505090054816,1,3000000,1,0,0,0,0,1,0,0
32.473648186173854,387.0,27783.0,51.0,62.0,0.1652089407191448,0.20084224165856818,1,4000000,0,0,1,0,1,0,0,0
23.923340177960302,0.0,0.0,0.0,0.0,0.0,0.0,0,25000,0,0,0,0,0,0,1,0
28.202600958247775,0.0,0.0,0.0,0.0,0.0,0.0,0,100000,1,0,0,0,0,0,1,0
30.38466803559206,180.0,9313.0,14.0,12.0,0.1352947492752067,0.11596692795017717,1,1200000,0,0,1,0,0,0,1,0
27.49075975359343,148.0,9961.0,8.0,19.0,0.07228189940768999,0.17166951109326373,1,2000000,1,0,0,0,0,0,0,1
34.559890485968516,120.0,9579.0,31.0,12.0,0.29126213592233013,0.11274663326025681,1,500000,0,0,0,0,1,0,0,0
28.043805612594113,119.0,5227.0,21.0,7.0,0.3615840826477903,0.12052802754926344,1,1500000,0,0,0,0,0,0,0,0
36.20260095824778,113.0,9011.0,1.0,7.0,0.009987792697813783,0.06991454888469648,1,50000,1,0,0,0,1,0,0,0
30.33538672142368,26.0,1920.0,2.0,1.0,0.09375,0.046875,1,300000,1,0,0,0,1,0,0,0
29.399041752224505,296.0,16057.0,41.0,28.0,0.22980631500280252,0.15694089805069442,1,8000000,0,0,0,0,0,0,1,0
30.080766598220396,53.0,2417.0,4.0,1.0,0.14894497310715762,0.037236243276789406,1,250000,0,0,1,0,0,0,1,0
30.77344284736482,25.0,1651.0,0.0,0.0,0.0,0.0,1,800000,0,0,1,0,1,0,0,0
29.53867214236824,58.0,5081.0,3.0,0.0,0.05313914583743358,0.0,1,3500000,1,0,0,0,0,0,0,1
31.362080766598222,192.0,13123.0,4.0,2.0,0.02743275165739541,0.013716375828697705,1,1200000,1,0,0,0,0,0,0,0
29.697467488021903,73.0,5995.0,0.0,10.0,0.0,0.1501251042535446,1,800000,0,0,1,0,0,0,1,0
29.806981519507186,252.0,14523.0,48.0,20.0,0.29745920264408177,0.12394133443503409,1,4000000,0,0,0,0,1,0,0,0
30.338124572210816,69.0,5216.0,4.0,5.0,0.06901840490797546,0.08627300613496933,1,5000000,0,0,1,0,0,0,0,0
27.356605065023956,2.0,154.0,0.0,0.0,0.0,0.0,1,200000,0,0,1,0,0,0,0,0
27.033538672142367,6.0,408.0,0.0,0.0,0.0,0.0,1,150000,1,0,0,0,0,0,0,0
26.743326488706366,0.0,0.0,0.0,0.0,0.0,0.0,0,75000,1,0,0,0,0,0,0,1
27.392197125256672,1.0,14.0,0.0,0.0,0.0,0.0,1,125000,1,0,0,0,0,0,0,1
30.321697467488022,8.0,423.0,3.0,1.0,0.6382978723404256,0.2127659574468085,1,1000000,0,0,1,0,0,0,0,1
26.22861054072553,0.0,0.0,0.0,0.0,0.0,0.0,0,175000,0,1,0,0,0,0,0,1
31.45242984257358,0.0,0.0,0.0,0.0,0.0,0.0,0,250000,0,0,0,0,0,0,0,0
34.70225872689939,103.0,7022.0,17.0,14.0,0.21788664198234123,0.1794360581031045,1,50000,0,0,0,0,0,0,0,0
29.010266940451746,27.0,698.0,1.0,0.0,0.12893982808022922,0.0,1,150000,0,0,0,0,0,0,0,1
32.016427104722794,6.0,234.0,0.0,0.0,0.0,0.0,1,600000,0,0,0,0,1,0,0,0
28.32580424366872,55.0,3398.0,0.0,5.0,0.0,0.13243084167157151,1,650000,0,0,1,0,0,0,1,0
26.401095140314855,0.0,0.0,0.0,0.0,0.0,0.0,0,150000,0,0,1,0,0,1,0,0
29.809719370294317,68.0,4107.0,1.0,3.0,0.02191380569758948,0.06574141709276844,1,1000000,0,0,1,0,0,1,0,0
29.13347022587269,8.0,365.0,0.0,0.0,0.0,0.0,1,1000000,0,0,1,0,0,1,0,0
30.524298425735797,13.0,308.0,1.0,0.0,0.29220779220779225,0.0,1,1100000,0,0,1,0,0,0,1,0
28.142368240930868,14.0,1065.0,3.0,2.0,0.2535211267605634,0.16901408450704225,1,200000,0,0,1,0,0,1,0,0
26.99520876112252,0.0,0.0,0.0,0.0,0.0,0.0,0,600000,0,0,1,0,0,0,1,0
28.673511293634498,10.0,699.0,1.0,0.0,0.12875536480686695,0.0,1,500000,1,0,0,0,0,1,0,0
18.94318959616701,0.0,0.0,0.0,0.0,0.0,0.0,0,50000,1,0,0,0,0,0,1,0
30.198494182067076,3.0,119.0,0.0,0.0,0.0,0.0,1,75000,0,0,1,0,0,0,0,0
26.250513347022586,0.0,0.0,0.0,0.0,0.0,0.0,0,75000,1,0,0,0,0,0,1,0
32.84052019164955,349.0,21469.0,20.0,20.0,0.0838418184358843,0.0838418184358843,1,3000000,0,0,1,0,1,0,0,0
28.098562628336754,13.0,500.0,0.0,2.0,0.0,0.36,1,325000,0,0,1,0,0,0,0,0
34.42847364818618,345.0,29012.0,1.0,5.0,0.0031021646215359158,0.015510823107679582,1,1400000,1,0,0,0,0,0,0,0
31.247091033538673,44.0,2271.0,4.0,1.0,0.15852047556142668,0.03963011889035667,1,800000,0,0,0,0,1,0,0,0
26.220396988364133,0.0,0.0,0.0,0.0,0.0,0.0,0,50000,0,0,0,0,0,0,0,0
32.668035592060235,148.0,10483.0,17.0,19.0,0.14595058666412286,0.16312124391872557,1,2500000,0,0,0,0,0,0,0,0
33.20739219712526,64.0,2886.0,4.0,3.0,0.12474012474012475,0.09355509355509356,1,500000,0,0,0,0,0,0,0,0
31.208761122518823,82.0,5461.0,1.0,3.0,0.016480498077275224,0.04944149423182567,1,800000,1,0,0,0,0,0,0,0
34.90485968514716,459.0,26406.0,43.0,82.0,0.1465576005453306,0.2794819359236537,1,1500000,1,0,0,0,0,0,0,1
31.030800821355236,374.0,30476.0,11.0,39.0,0.03248457802861268,0.1151725948287177,1,4000000,1,0,0,0,0,0,0,0
29.010266940451746,77.0,5742.0,1.0,11.0,0.015673981191222573,0.17241379310344826,1,3500000,1,0,0,0,0,0,0,1
24.93634496919918,2.0,28.0,0.0,0.0,0.0,0.0,1,300000,0,0,0,0,0,0,0,0
19.140314852840522,1.0,11.0,0.0,0.0,0.0,0.0,1,100000,0,0,0,0,0,0,0,0
27.362080766598222,0.0,0.0,0.0,0.0,0.0,0.0,0,225000,0,0,0,0,0,1,0,0
20.4435318275154,0.0,0.0,0.0,0.0,0.0,0.0,0,50000,1,0,0,0,0,0,1,0
30.60369609856263,18.0,922.0,0.0,0.0,0.0,0.0,1,10000,1,0,0,0,0,0,1,0
31.78097193702943,270.0,17081.0,52.0,28.0,0.2739886423511504,0.14753234588138867,1,1500000,0,0,0,0,0,0,0,0
32.36413415468857,0.0,0.0,0.0,0.0,0.0,0.0,0,150000,1,0,0,0,0,0,0,0
32.10403832991102,34.0,1663.0,0.0,3.0,0.0,0.16235718580877934,1,200000,1,0,0,0,0,0,0,0
29.49760438056126,0.0,0.0,0.0,0.0,0.0,0.0,0,150000,0,1,0,0,0,1,0,0
24.83778234086242,0.0,0.0,0.0,0.0,0.0,0.0,0,100000,0,0,0,0,0,0,1,0
25.27310061601643,10.0,469.0,0.0,0.0,0.0,0.0,1,100000,0,0,1,0,0,0,0,0
27.364818617385353,1.0,90.0,0.0,0.0,0.0,0.0,1,700000,0,1,0,0,1,0,0,0
30.937713894592743,77.0,6630.0,1.0,3.0,0.013574660633484163,0.04072398190045249,1,4000000,0,0,1,0,0,0,1,0
22.340862422997947,0.0,0.0,0.0,0.0,0.0,0.0,0,50000,0,0,1,0,0,0,1,0
32.65434633812457,89.0,6334.0,10.0,10.0,0.1420903062835491,0.1420903062835491,1,325000,0,0,1,0,0,0,0,0
28.542094455852155,1.0,2.0,0.0,0.0,0.0,0.0,1,50000,0,0,0,0,1,0,0,0
31.11841204654346,33.0,2222.0,2.0,7.0,0.081008100810081,0.28352835283528355,1,800000,0,0,0,0,0,0,0,1
28.76659822039699,312.0,17328.0,69.0,31.0,0.35837950138504154,0.16101108033241,1,2500000,0,0,1,0,0,0,0,0
28.465434633812457,0.0,0.0,0.0,0.0,0.0,0.0,0,125000,0,0,1,0,0,0,0,0
29.010266940451746,1.0,4.0,0.0,0.0,0.0,0.0,1,100000,0,1,0,0,0,0,0,0
28.640657084188913,0.0,0.0,0.0,0.0,0.0,0.0,0,25000,0,1,0,0,0,1,0,0
29.111567419575632,4.0,252.0,0.0,0.0,0.0,0.0,1,900000,1,0,0,0,0,0,1,0
31.06091718001369,39.0,2948.0,0.0,2.0,0.0,0.061058344640434185,1,500000,1,0,0,0,0,0,0,0
28.999315537303218,325.0,21304.0,22.0,40.0,0.09294029290274126,0.16898235073225684,1,32000000,1,0,0,0,0,0,0,1
29.034907597535934,250.0,19107.0,10.0,5.0,0.04710315591144607,0.023551577955723036,1,6000000,1,0,0,0,0,0,1,0
28.659822039698838,189.0,14191.0,8.0,19.0,0.05073638221407934,0.12049890775843844,1,10000000,0,0,1,0,0,0,0,1
27.835728952772072,2.0,180.0,0.0,0.0,0.0,0.0,1,1300000,1,0,0,0,0,0,1,0
32.355920602327174,1.0,17.0,0.0,0.0,0.0,0.0,1,200000,0,0,1,0,0,0,0,0
26.439425051334702,0.0,0.0,0.0,0.0,0.0,0.0,0,150000,0,0,1,0,0,0,0,1
26.428473648186174,0.0,0.0,0.0,0.0,0.0,0.0,0,250000,1,0,0,0,0,0,0,1
28.56399726214921,1.0,7.0,0.0,0.0,0.0,0.0,1,600000,0,0,1,0,0,0,0,0
30.444900752908968,57.0,4267.0,1.0,0.0,0.021092102179517225,0.0,1,1000000,1,0,0,0,0,0,0,0
32.84325804243669,155.0,6311.0,35.0,11.0,0.4991285057835525,0.1568689589605451,1,300000,0,0,0,0,0,0,0,0
31.567419575633128,14.0,920.0,1.0,0.0,0.09782608695652174,0.0,1,450000,1,0,0,0,0,0,0,1
29.51403148528405,379.0,22001.0,65.0,62.0,0.2658970046816054,0.25362483523476204,1,6000000,0,0,0,0,0,0,0,0
21.648186173853524,0.0,0.0,0.0,0.0,0.0,0.0,0,100000,0,0,1,0,0,1,0,0
26.527036276522928,0.0,0.0,0.0,0.0,0.0,0.0,0,800000,0,0,1,0,0,0,0,1
26.316221765913756,97.0,5048.0,18.0,27.0,0.320919175911252,0.48137876386687795,1,3200000,0,0,0,0,0,1,0,0
33.07597535934291,0.0,0.0,0.0,0.0,0.0,0.0,0,200000,1,0,0,0,0,0,0,0
36.50376454483231,110.0,5598.0,2.0,0.0,0.03215434083601286,0.0,1,200000,0,0,1,0,0,0,0,0
27.83299110198494,13.0,711.0,6.0,1.0,0.7594936708860759,0.12658227848101267,1,450000,0,0,0,0,1,0,0,0
33.6974674880219,163.0,8904.0,29.0,8.0,0.2931266846361186,0.08086253369272238,1,1000000,0,0,0,0,0,0,0,0
29.44558521560575,0.0,0.0,0.0,0.0,0.0,0.0,0,300000,1,0,0,0,1,0,0,0
29.87542778918549,258.0,20936.0,15.0,2.0,0.06448223156285823,0.008597630875047765,1,10000000,1,0,0,0,0,0,0,1
28.4435318275154,1.0,12.0,0.0,0.0,0.0,0.0,1,200000,1,0,0,0,0,0,1,0
31.37577002053388,43.0,3122.0,2.0,0.0,0.05765534913516976,0.0,1,300000,1,0,0,0,0,0,0,1
33.16906228610541,337.0,30264.0,0.0,0.0,0.0,0.0,1,2800000,0,1,0,0,0,0,0,0
30.535249828884325,124.0,6673.0,9.0,7.0,0.12138468454967781,0.09441031020530496,1,1200000,0,0,1,0,0,0,1,0
29.248459958932237,39.0,3512.0,0.0,0.0,0.0,0.0,1,3000000,0,1,0,0,0,1,0,0
26.90759753593429,18.0,910.0,1.0,0.0,0.0989010989010989,0.0,1,750000,1,0,0,0,0,0,1,0
29.36892539356605,3.0,211.0,0.0,0.0,0.0,0.0,1,400000,1,0,0,0,0,1,0,0
33.5605749486653,26.0,1809.0,1.0,0.0,0.04975124378109452,0.0,1,250000,0,0,1,0,0,0,0,0
32.20260095824778,0.0,0.0,0.0,0.0,0.0,0.0,0,150000,0,0,0,0,0,0,0,0
23.1813826146475,6.0,164.0,0.0,0.0,0.0,0.0,1,150000,0,0,0,0,1,0,0,0
23.94798083504449,4.0,66.0,0.0,0.0,0.0,0.0,1,200000,0,0,1,0,1,0,0,0
30.064339493497606,341.0,21774.0,27.0,18.0,0.11160099200881786,0.0744006613392119,1,2800000,0,0,1,0,0,0,1,0
28.747433264887064,1.0,1.0,0.0,0.0,0.0,0.0,1,200000,0,0,1,0,0,1,0,0
30.403832991101986,4.0,133.0,0.0,0.0,0.0,0.0,1,100000,0,0,0,0,0,1,0,0
26.87748117727584,26.0,1208.0,0.0,1.0,0.0,0.07450331125827815,1,800000,1,0,0,0,0,1,0,0
31.34839151266256,165.0,9124.0,5.0,10.0,0.04932047347654537,0.09864094695309074,1,2000000,0,0,1,0,0,1,0,0
24.16974674880219,0.0,0.0,0.0,0.0,0.0,0.0,0,50000,0,0,0,0,0,1,0,0
19.838466803559207,0.0,0.0,0.0,0.0,0.0,0.0,0,50000,0,0,0,0,0,1,0,0
26.151950718685832,0.0,0.0,0.0,0.0,0.0,0.0,0,225000,1,0,0,0,0,0,0,1
29.26488706365503,81.0,6439.0,1.0,1.0,0.01397732567168815,0.01397732567168815,1,1500000,1,0,0,0,0,0,0,1
26.360027378507873,1.0,2.0,0.0,0.0,0.0,0.0,1,150000,0,0,1,0,0,0,0,1
26.33264887063655,4.0,135.0,0.0,0.0,0.0,0.0,1,200000,0,0,1,0,0,0,0,1
28.996577686516083,0.0,0.0,0.0,0.0,0.0,0.0,0,100000,0,1,0,0,0,0,0,1
25.88911704312115,17.0,386.0,0.0,0.0,0.0,0.0,1,2800000,0,0,0,0,0,0,0,1
28.802190280629706,201.0,15346.0,10.0,10.0,0.05864720448325297,0.05864720448325297,1,4000000,1,0,0,0,0,0,0,1
28.11498973305955,27.0,767.0,4.0,1.0,0.469361147327249,0.11734028683181225,1,2800000,0,0,0,0,0,1,0,0
27.586584531143053,5.0,363.0,0.0,0.0,0.0,0.0,1,350000,1,0,0,0,0,1,0,0
30.00958247775496,72.0,3676.0,2.0,5.0,0.04896626768226333,0.12241566920565833,1,250000,0,0,1,0,1,0,0,0
22.595482546201232,27.0,1618.0,0.0,0.0,0.0,0.0,1,800000,1,0,0,0,0,0,1,0
21.856262833675565,2.0,14.0,0.0,0.0,0.0,0.0,1,150000,0,0,1,0,1,0,0,0
34.5927446954141,122.0,10954.0,0.0,0.0,0.0,0.0,1,400000,0,1,0,0,0,0,0,0
29.727583846680357,1.0,90.0,0.0,0.0,0.0,0.0,1,200000,1,0,0,0,0,0,0,0
35.619438740588635,196.0,11396.0,46.0,14.0,0.3632853632853633,0.11056511056511056,1,900000,0,0,0,0,0,0,0,0
20.161533196440793,1.0,27.0,0.0,0.0,0.0,0.0,1,200000,0,0,0,0,0,0,0,0
28.095824777549623,1.0,8.0,0.0,0.0,0.0,0.0,1,100000,0,0,1,0,0,0,0,1
26.3709787816564,1.0,10.0,0.0,0.0,0.0,0.0,1,750000,0,0,0,0,0,0,0,1
29.582477754962355,26.0,956.0,0.0,0.0,0.0,0.0,1,250000,0,0,0,0,1,0,0,0
30.981519507186857,259.0,18456.0,14.0,23.0,0.06827048114434331,0.11215864759427828,1,900000,1,0,0,0,0,0,1,0
27.789185489390828,8.0,232.0,1.0,0.0,0.0,0.0,1,300000,0,0,1,0,0,0,1,0
32.26283367556468,162.0,10314.0,11.0,29.0,0.09598603839441536,0.2530541012216405,1,300000,0,0,0,0,0,0,1,0
34.261464750171115,87.0,5567.0,0.0,2.0,0.0,0.032333393209987425,1,250000,0,0,1,0,1,0,0,0
26.661190965092402,1.0,3.0,0.0,0.0,0.0,0.0,1,250000,0,0,1,0,1,0,0,0
34.03148528405202,124.0,9001.0,2.0,8.0,0.019997778024663928,0.07999111209865571,1,1500000,1,0,0,0,0,0,0,0
29.691991786447637,298.0,21563.0,14.0,12.0,0.058433427630663635,0.05008579511199741,1,12000000,1,0,0,0,1,0,0,0
28.862422997946613,18.0,1514.0,0.0,0.0,0.0,0.0,1,500000,0,1,0,0,1,0,0,0
26.414784394250514,0.0,0.0,0.0,0.0,0.0,0.0,0,1000000,1,0,0,0,1,0,0,0
29.790554414784395,223.0,15804.0,37.0,50.0,0.21070615034168566,0.2847380410022779,1,7000000,0,0,0,0,0,0,0,1
27.638603696098563,2.0,180.0,0.0,0.0,0.0,0.0,1,500000,1,0,0,0,1,0,0,0
31.67693360711841,3.0,270.0,2.0,1.0,0.6666666666666667,0.33333333333333337,1,700000,0,0,0,0,0,0,0,1
34.03148528405202,379.0,33954.0,0.0,0.0,0.0,0.0,1,6000000,0,1,0,0,1,0,0,0
27.156741957563312,2.0,210.0,0.0,0.0,0.0,0.0,1,50000,0,1,0,0,0,0,0,0
32.18891170431211,312.0,21655.0,12.0,11.0,0.049873008543061655,0.04571692449780652,1,1500000,1,0,0,0,0,0,0,0
30.04243668720055,4.0,151.0,0.0,0.0,0.0,0.0,1,350000,0,0,0,0,0,0,0,0
30.067077344284737,0.0,0.0,0.0,0.0,0.0,0.0,0,200000,0,0,1,0,0,0,0,0
26.537987679671456,7.0,245.0,1.0,0.0,0.0,0.0,1,600000,0,0,1,0,0,1,0,0
33.56331279945243,104.0,7890.0,3.0,2.0,0.034220532319391636,0.022813688212927754,1,400000,0,0,1,0,1,0,0,0
30.704996577686515,17.0,783.0,0.0,0.0,0.0,0.0,1,100000,0,0,0,0,0,0,1,0
29.533196440793976,30.0,2334.0,0.0,0.0,0.0,0.0,1,300000,1,0,0,0,1,0,0,0
31.38672142368241,0.0,0.0,0.0,0.0,0.0,0.0,0,25000,1,0,0,0,0,0,0,0
31.444216290212182,25.0,961.0,2.0,1.0,0.18730489073881376,0.09365244536940688,1,75000,0,0,0,0,1,0,0,0
31.189596167008897,13.0,975.0,1.0,1.0,0.09230769230769231,0.09230769230769231,1,700000,1,0,0,0,0,0,0,0
23.044490075290895,1.0,15.0,0.0,0.0,0.0,0.0,1,100000,1,0,0,0,0,0,0,0
38.12457221081451,23.0,965.0,3.0,0.0,0.27979274611398963,0.0,1,50000,0,0,0,0,0,0,1,0
32.97741273100616,413.0,26999.0,29.0,19.0,0.09667024704618689,0.0633356790992259,1,2000000,0,0,1,0,0,0,0,0
27.408624229979466,1.0,6.0,0.0,0.0,0.0,0.0,1,350000,0,0,1,0,0,0,0,1
29.204654346338124,17.0,624.0,1.0,2.0,0.14423076923076922,0.28846153846153844,1,650000,0,0,1,0,0,0,1,0
33.20739219712526,5.0,275.0,0.0,0.0,0.0,0.0,1,250000,1,0,0,0,0,0,0,0
22.97056810403833,1.0,19.0,0.0,0.0,0.0,0.0,1,200000,0,0,1,0,1,0,0,0
31.71252566735113,109.0,6765.0,3.0,2.0,0.03991130820399113,0.026607538802660754,1,450000,0,0,1,0,1,0,0,0
20.024640657084188,0.0,0.0,0.0,0.0,0.0,0.0,0,100000,0,1,0,0,1,0,0,0
27.520876112251884,0.0,0.0,0.0,0.0,0.0,0.0,0,200000,0,0,1,0,1,0,0,0
28.944558521560573,10.0,930.0,0.0,0.0,0.0,0.0,1,650000,0,1,0,0,0,0,1,0
31.94524298425736,0.0,0.0,0.0,0.0,0.0,0.0,0,200000,0,0,0,0,1,0,0,0
29.130732375085557,2.0,77.0,0.0,0.0,0.0,0.0,1,200000,0,0,1,0,0,0,0,0
29.61806981519507,204.0,15276.0,5.0,11.0,0.02945797329143755,0.06480754124116261,1,8000000,0,0,1,0,0,0,0,1
27.260780287474333,0.0,0.0,0.0,0.0,0.0,0.0,0,350000,0,0,0,0,0,0,0,1
29.579739904175224,349.0,20921.0,49.0,45.0,0.21079298312700157,0.19358539266765454,1,17000000,0,0,1,0,0,0,0,1
27.772758384668034,64.0,3122.0,5.0,5.0,0.1441383728379244,0.1441383728379244,1,1200000,0,0,0,0,0,0,0,1
29.48665297741273,17.0,1101.0,0.0,0.0,0.0,0.0,1,900000,1,0,0,0,1,0,0,0
30.269678302532512,82.0,6257.0,10.0,17.0,0.1438389004315167,0.24452613073357837,1,2300000,0,0,0,0,1,0,0,0
29.22655715263518,149.0,9296.0,43.0,17.0,0.41630808950086057,0.1645869191049914,1,1500000,0,0,1,0,0,1,0,0
28.824093086926762,0.0,0.0,0.0,0.0,0.0,0.0,0,100000,0,1,0,0,0,0,0,0
30.26694045174538,32.0,2571.0,3.0,0.0,0.10501750291715285,0.0,1,800000,1,0,0,0,0,1,0,0
27.02258726899384,0.0,0.0,0.0,0.0,0.0,0.0,0,325000,1,0,0,0,0,0,0,1
30.677618069815196,12.0,390.0,0.0,1.0,0.0,0.23076923076923078,1,200000,0,0,0,0,0,0,1,0
30.349075975359344,2.0,93.0,0.0,0.0,0.0,0.0,1,650000,0,0,0,0,0,1,0,0
31.378507871321013,165.0,11953.0,26.0,12.0,0.19576675311637248,0.09035388605371036,1,3500000,0,0,1,0,0,0,0,1
29.32511978097194,12.0,285.0,0.0,0.0,0.0,0.0,1,300000,0,0,0,0,1,0,0,0
27.460643394934976,0.0,0.0,0.0,0.0,0.0,0.0,0,75000,0,0,1,0,0,0,0,1
30.234086242299796,325.0,19630.0,73.0,20.0,0.3346917982679572,0.09169638308711156,1,1800000,0,0,0,0,0,0,1,0
29.453798767967147,4.0,184.0,0.0,0.0,0.0,0.0,1,400000,1,0,0,0,0,0,0,1
29.66735112936345,299.0,15003.0,51.0,30.0,0.3059388122375525,0.1799640071985603,1,2000000,0,0,0,0,0,0,1,0
30.62012320328542,154.0,11324.0,29.0,10.0,0.230483927940657,0.07947721653126104,1,2000000,0,0,0,0,1,0,0,0
32.2299794661191,468.0,37644.0,20.0,80.0,0.047816385081287854,0.19126554032515142,1,7000000,1,0,0,0,0,1,0,0
28.44079397672827,6.0,530.0,0.0,0.0,0.0,0.0,1,200000,0,1,0,0,0,0,1,0
23.222450376454482,0.0,0.0,0.0,0.0,0.0,0.0,0,25000,1,0,0,0,0,0,1,0
23.173169062286107,0.0,0.0,0.0,0.0,0.0,0.0,0,150000,0,1,0,0,0,0,1,0
27.29637234770705,2.0,180.0,0.0,0.0,0.0,0.0,1,100000,1,0,0,0,0,0,0,1
29.883641341546884,22.0,1199.0,2.0,0.0,0.1501251042535446,0.0,1,1200000,0,0,1,0,0,0,1,0
28.435318275154003,0.0,0.0,0.0,0.0,0.0,0.0,0,25000,1,0,0,0,0,0,1,0
27.208761122518823,0.0,0.0,0.0,0.0,0.0,0.0,0,25000,0,1,0,0,0,0,1,0
27.20328542094456,0.0,0.0,0.0,0.0,0.0,0.0,0,150000,0,0,1,0,0,0,1,0
26.702258726899384,0.0,0.0,0.0,0.0,0.0,0.0,0,50000,1,0,0,0,0,0,1,0
30.82546201232033,201.0,11264.0,10.0,6.0,0.07990056818181818,0.047940340909090905,1,1500000,0,0,1,0,0,0,1,0
27.718001368925393,201.0,13765.0,3.0,8.0,0.01961496549219034,0.052306574645840896,1,3000000,0,0,1,0,0,0,1,0
29.11978097193703,0.0,0.0,0.0,0.0,0.0,0.0,0,250000,0,1,0,0,0,0,0,1
28.046543463381244,21.0,618.0,3.0,1.0,0.4368932038834951,0.14563106796116507,1,350000,0,0,0,0,1,0,0,0
29.650924024640656,236.0,17325.0,8.0,11.0,0.04155844155844156,0.05714285714285714,1,18000000,1,0,0,0,0,1,0,0
27.315537303216974,0.0,0.0,0.0,0.0,0.0,0.0,0,400000,1,0,0,0,0,1,0,0
27.04722792607803,0.0,0.0,0.0,0.0,0.0,0.0,0,150000,0,0,1,0,1,0,0,0
25.79876796714579,28.0,1164.0,0.0,0.0,0.0,0.0,1,50000,0,0,1,0,1,0,0,0
27.310061601642712,0.0,0.0,0.0,0.0,0.0,0.0,0,125000,1,0,0,0,0,0,0,1
32.71184120465435,76.0,5246.0,0.0,2.0,0.0,0.03431185665268776,1,400000,1,0,0,0,0,1,0,0
30.6694045174538,52.0,3020.0,2.0,2.0,0.059602649006622516,0.059602649006622516,1,800000,1,0,0,0,0,0,0,1
29.8507871321013,102.0,9111.0,5.0,2.0,0.04939084622983207,0.01975633849193283,1,1500000,1,0,0,0,0,0,0,1
26.1492128678987,0.0,0.0,0.0,0.0,0.0,0.0,0,500000,0,0,1,0,0,0,0,1
27.41409993155373,0.0,0.0,0.0,0.0,0.0,0.0,0,350000,1,0,0,0,0,0,0,1
31.43874058863792,68.0,4079.0,20.0,3.0,0.4412846285854376,0.06619269428781564,1,500000,0,0,0,0,0,0,0,0
26.94866529774127,26.0,1828.0,1.0,2.0,0.04923413566739606,0.09846827133479212,1,1800000,1,0,0,0,0,0,0,1
32.09308692676249,222.0,14318.0,47.0,31.0,0.2954323229501327,0.19485961726498113,1,600000,0,0,0,0,0,0,0,1
26.713210130047912,21.0,1584.0,3.0,2.0,0.17045454545454547,0.11363636363636365,1,2500000,0,0,1,0,0,0,0,1
26.39835728952772,1.0,90.0,0.0,0.0,0.0,0.0,1,250000,1,0,0,0,0,0,0,1
27.129363449691994,2.0,9.0,0.0,0.0,0.0,0.0,1,325000,0,0,0,0,1,0,0,0
26.850102669404517,1.0,50.0,0.0,0.0,0.0,0.0,1,10000,1,0,0,0,1,0,0,0
33.987679671457904,49.0,3358.0,3.0,0.0,0.08040500297796307,0.0,1,275000,1,0,0,0,0,0,0,0
33.23750855578371,63.0,2804.0,5.0,3.0,0.16048502139800286,0.09629101283880172,1,300000,0,0,0,0,0,0,0,0
29.39082819986311,149.0,9266.0,3.0,8.0,0.02913878696309087,0.07770343190157565,1,4000000,0,0,1,0,0,0,1,0
29.29226557152635,285.0,16342.0,67.0,44.0,0.36898788397992904,0.24232040141965489,1,15000000,0,0,0,0,1,0,0,0
26.428473648186174,6.0,97.0,0.0,1.0,0.0,0.0,1,225000,0,0,0,0,0,0,0,1
29.700205338809035,12.0,1080.0,0.0,0.0,0.0,0.0,1,200000,0,1,0,0,0,0,0,0
28.889801505817932,16.0,536.0,3.0,0.0,0.503731343283582,0.0,1,2000000,0,0,0,0,1,0,0,0
32.75838466803559,509.0,45236.0,0.0,9.0,0.0,0.017906092492704927,1,10000000,0,1,0,0,0,1,0,0
29.713894592744694,215.0,17426.0,9.0,4.0,0.0464822678755882,0.020658785722483645,1,2800000,1,0,0,0,0,0,0,0
30.49965776865161,409.0,23492.0,150.0,41.0,0.5746637153073387,0.15707474885067257,1,18000000,0,0,0,0,0,0,0,0
31.668720054757017,43.0,2229.0,0.0,1.0,0.0,0.040376850605652756,1,700000,0,0,1,0,0,0,0,0
31.129363449691994,171.0,15375.0,0.0,1.0,0.0,0.005853658536585365,1,3500000,0,1,0,0,0,0,1,0
22.882956878850102,0.0,0.0,0.0,0.0,0.0,0.0,0,125000,0,0,1,0,0,0,0,1
33.34428473648186,14.0,740.0,0.0,0.0,0.0,0.0,1,300000,1,0,0,0,1,0,0,0
33.327857631759066,163.0,13470.0,6.0,5.0,0.0400890868596882,0.03340757238307349,1,1800000,0,0,1,0,1,0,0,0
28.462696783025326,0.0,0.0,0.0,0.0,0.0,0.0,0,250000,0,0,0,0,1,0,0,0
21.377138945927445,0.0,0.0,0.0,0.0,0.0,0.0,0,150000,0,0,1,0,1,0,0,0
29.357973990417523,0.0,0.0,0.0,0.0,0.0,0.0,0,100000,0,1,0,0,1,0,0,0
21.631759069130734,0.0,0.0,0.0,0.0,0.0,0.0,0,100000,0,1,0,0,1,0,0,0
29.114305270362767,18.0,883.0,1.0,1.0,0.10192525481313704,0.10192525481313704,1,900000,0,0,0,0,0,0,1,0
30.480492813141684,0.0,0.0,0.0,0.0,0.0,0.0,0,350000,0,0,1,0,1,0,0,0
31.772758384668034,43.0,2974.0,0.0,1.0,0.0,0.03026227303295225,1,500000,1,0,0,0,1,0,0,0
30.195756331279945,20.0,896.0,0.0,2.0,0.0,0.20089285714285712,1,300000,0,0,1,0,0,0,0,0
26.026009582477755,0.0,0.0,0.0,0.0,0.0,0.0,0,700000,0,1,0,0,0,0,0,1
30.76249144421629,312.0,15957.0,65.0,41.0,0.36661026508742245,0.2312464749012972,1,900000,0,0,0,0,0,0,1,0
30.82546201232033,17.0,864.0,0.0,0.0,0.0,0.0,1,450000,0,0,1,0,0,0,0,0
34.45311430527036,257.0,15469.0,7.0,13.0,0.040726614519361305,0.07563514125024243,1,600000,1,0,0,0,0,0,0,0
27.143052703627653,1.0,25.0,0.0,0.0,0.0,0.0,1,1400000,0,0,0,0,0,0,1,0
26.986995208761122,1.0,1.0,0.0,0.0,0.0,0.0,1,250000,0,0,0,0,0,0,1,0
25.29226557152635,0.0,0.0,0.0,0.0,0.0,0.0,0,25000,0,1,0,0,0,0,1,0
19.860369609856264,0.0,0.0,0.0,0.0,0.0,0.0,0,75000,0,1,0,0,0,0,1,0
27.12662559890486,20.0,638.0,1.0,0.0,0.14106583072100312,0.0,1,900000,0,0,0,0,0,0,1,0
27.315537303216974,1.0,7.0,0.0,0.0,0.0,0.0,1,175000,0,0,1,0,0,0,1,0
27.21423682409309,49.0,1527.0,0.0,0.0,0.0,0.0,1,600000,0,0,0,0,0,0,1,0
26.255989048596852,1.0,90.0,0.0,1.0,0.0,0.0,1,100000,0,0,1,0,0,0,1,0
30.600958247775495,1.0,1.0,0.0,0.0,0.0,0.0,1,75000,0,0,0,0,0,1,0,0
27.24435318275154,2.0,210.0,1.0,0.0,0.0,0.0,1,150000,0,0,1,0,0,0,1,0
27.170431211498972,0.0,0.0,0.0,0.0,0.0,0.0,0,175000,1,0,0,0,0,0,1,0
29.99315537303217,114.0,10185.0,0.0,0.0,0.0,0.0,1,900000,0,1,0,0,0,0,1,0
26.406570841889117,0.0,0.0,0.0,0.0,0.0,0.0,0,50000,0,0,1,0,0,0,1,0
27.482546201232033,38.0,3284.0,2.0,2.0,0.05481120584652862,0.05481120584652862,1,1600000,1,0,0,0,0,0,1,0
23.279945242984258,0.0,0.0,0.0,0.0,0.0,0.0,0,50000,0,0,1,0,0,0,1,0
28.361396303901437,2.0,180.0,0.0,0.0,0.0,0.0,1,650000,1,0,0,0,0,0,1,0
22.951403148528406,0.0,0.0,0.0,0.0,0.0,0.0,0,25000,0,1,0,0,0,0,1,0
26.220396988364133,0.0,0.0,0.0,0.0,0.0,0.0,0,10000,0,0,0,0,0,0,1,0
28.109514031485283,0.0,0.0,0.0,0.0,0.0,0.0,0,250000,0,0,1,0,0,0,1,0
23.742642026009584,0.0,0.0,0.0,0.0,0.0,0.0,0,125000,1,0,0,0,0,0,1,0
27.9315537303217,46.0,1969.0,7.0,1.0,0.31995937023869986,0.0457084814626714,1,1800000,0,0,0,0,1,0,0,0
22.439425051334702,0.0,0.0,0.0,0.0,0.0,0.0,0,25000,1,0,0,0,0,0,1,0
20.815879534565365,0.0,0.0,0.0,0.0,0.0,0.0,0,50000,0,1,0,0,0,0,1,0
31.137577002053387,163.0,11747.0,21.0,17.0,0.16089214267472546,0.13024602026049203,1,6000000,1,0,0,0,1,0,0,0
33.61259411362081,430.0,33799.0,27.0,25.0,0.07189561821355663,0.06657001686440427,1,2500000,1,0,0,0,0,0,1,0
29.842573579739906,2.0,11.0,0.0,0.0,0.0,0.0,1,1500000,0,0,0,0,0,1,0,0
30.127310061601644,205.0,15321.0,11.0,4.0,0.0646171920892892,0.023497160759741533,1,5000000,1,0,0,0,0,0,0,1
23.485284052019164,0.0,0.0,0.0,0.0,0.0,0.0,0,50000,1,0,0,0,0,0,0,0
30.973305954825463,13.0,906.0,0.0,0.0,0.0,0.0,1,150000,1,0,0,0,0,0,0,0
28.31211498973306,1.0,21.0,0.0,0.0,0.0,0.0,1,75000,0,0,1,0,0,0,1,0
27.028062970568104,0.0,0.0,0.0,0.0,0.0,0.0,0,400000,0,0,1,0,0,1,0,0
28.61054072553046,0.0,0.0,0.0,0.0,0.0,0.0,0,600000,0,0,0,0,0,0,1,0
27.89322381930185,0.0,0.0,0.0,0.0,0.0,0.0,0,325000,0,1,0,0,0,0,1,0
28.856947296372347,101.0,8506.0,3.0,2.0,0.031742299553256526,0.021161533035504353,1,2500000,1,0,0,0,0,0,1,0
28.944558521560573,1.0,3.0,0.0,0.0,0.0,0.0,1,300000,0,0,0,0,0,0,1,0
20.933607118412045,0.0,0.0,0.0,0.0,0.0,0.0,0,75000,0,1,0,0,0,0,1,0
20.542094455852155,0.0,0.0,0.0,0.0,0.0,0.0,0,75000,0,0,1,0,0,0,1,0
21.924709103353866,0.0,0.0,0.0,0.0,0.0,0.0,0,50000,1,0,0,0,0,0,1,0
28.18069815195072,5.0,226.0,0.0,0.0,0.0,0.0,1,350000,1,0,0,0,0,0,1,0
20.903490759753595,0.0,0.0,0.0,0.0,0.0,0.0,0,75000,0,0,0,0,0,0,1,0
29.149897330595483,142.0,8755.0,3.0,6.0,0.03083952027412907,0.06167904054825814,1,1200000,1,0,0,0,0,0,1,0
29.333333333333332,62.0,4085.0,1.0,3.0,0.022031823745410038,0.06609547123623011,1,500000,1,0,0,0,0,0,1,0
28.06570841889117,16.0,579.0,0.0,0.0,0.0,0.0,1,450000,0,0,1,0,0,0,1,0
25.976728268309376,37.0,2544.0,1.0,1.0,0.03537735849056604,0.03537735849056604,1,600000,1,0,0,0,0,0,0,1
25.127994524298426,0.0,0.0,0.0,0.0,0.0,0.0,0,100000,1,0,0,0,0,0,1,0
28.0684462696783,0.0,0.0,0.0,0.0,0.0,0.0,0,10000,0,0,1,0,0,0,1,0
31.734428473648187,569.0,45533.0,177.0,165.0,0.34985614828805484,0.32613708738716973,1,35000000,0,0,1,0,0,1,0,0
26.861054072553046,0.0,0.0,0.0,0.0,0.0,0.0,0,275000,1,0,0,0,0,0,1,0
27.915126625598905,0.0,0.0,0.0,0.0,0.0,0.0,0,50000,1,0,0,0,0,0,1,0
28.79671457905544,36.0,1601.0,1.0,2.0,0.056214865708931916,0.11242973141786383,1,100000,0,0,0,0,0,0,1,0
28.48186173853525,0.0,0.0,0.0,0.0,0.0,0.0,0,75000,1,0,0,0,0,0,1,0
27.137577002053387,2.0,165.0,0.0,0.0,0.0,0.0,1,600000,0,0,1,0,0,0,1,0
32.06570841889117,25.0,1845.0,0.0,0.0,0.0,0.0,1,500000,1,0,0,0,0,0,0,0
28.281998631074607,2.0,54.0,0.0,0.0,0.0,0.0,1,125000,1,0,0,0,0,0,1,0
28.087611225188226,0.0,0.0,0.0,0.0,0.0,0.0,0,100000,1,0,0,0,0,0,1,0
28.093086926762492,0.0,0.0,0.0,0.0,0.0,0.0,0,25000,0,0,1,0,0,0,1,0
28.941820670773442,0.0,0.0,0.0,0.0,0.0,0.0,0,150000,1,0,0,0,0,0,1,0
28.26009582477755,0.0,0.0,0.0,0.0,0.0,0.0,0,25000,1,0,0,0,0,0,1,0
29.1854893908282,238.0,21194.0,0.0,1.0,0.0,0.00424648485420402,1,8000000,0,1,0,0,0,0,1,0
27.685147159479808,8.0,186.0,0.0,0.0,0.0,0.0,1,200000,0,0,0,0,0,0,1,0
22.455852156057496,0.0,0.0,0.0,0.0,0.0,0.0,0,25000,1,0,0,0,0,0,1,0
27.876796714579054,0.0,0.0,0.0,0.0,0.0,0.0,0,75000,0,0,1,0,0,0,1,0
24.588637919233403,0.0,0.0,0.0,0.0,0.0,0.0,0,25000,0,0,0,0,0,0,1,0
31.38945927446954,9.0,810.0,0.0,0.0,0.0,0.0,1,400000,0,1,0,0,0,0,1,0
32.36413415468857,230.0,16229.0,4.0,3.0,0.022182512785753897,0.016636884589315424,1,4000000,1,0,0,0,0,1,0,0
33.42094455852156,154.0,12340.0,6.0,6.0,0.04376012965964343,0.04376012965964343,1,500000,1,0,0,0,0,0,1,0
27.89596167008898,0.0,0.0,0.0,0.0,0.0,0.0,0,250000,0,1,0,0,0,0,1,0
29.620807665982205,1.0,90.0,0.0,0.0,0.0,0.0,1,600000,1,0,0,0,0,0,1,0
27.991786447638603,0.0,0.0,0.0,0.0,0.0,0.0,0,25000,0,0,0,0,0,0,1,0
30.198494182067076,74.0,5233.0,2.0,2.0,0.03439709535639213,0.03439709535639213,1,800000,1,0,0,0,0,0,1,0
28.536618754277892,78.0,4706.0,6.0,4.0,0.11474713132171696,0.0764980875478113,1,2500000,0,0,1,0,0,0,1,0
28.344969199178646,1.0,6.0,0.0,0.0,0.0,0.0,1,75000,0,0,1,0,0,0,1,0
28.48186173853525,0.0,0.0,0.0,0.0,0.0,0.0,0,75000,0,1,0,0,0,0,1,0
27.132101300479125,71.0,4474.0,2.0,4.0,0.04023245417970496,0.08046490835940992,1,375000,0,0,1,0,0,0,1,0
26.798083504449007,0.0,0.0,0.0,0.0,0.0,0.0,0,50000,1,0,0,0,0,0,1,0
27.8466803559206,0.0,0.0,0.0,0.0,0.0,0.0,0,900000,0,0,1,0,0,0,1,0
25.620807665982205,0.0,0.0,0.0,0.0,0.0,0.0,0,25000,0,1,0,0,0,0,1,0
27.616700889801507,1.0,24.0,0.0,0.0,0.0,0.0,1,100000,0,0,1,0,0,0,1,0
31.915126625598905,189.0,14333.0,16.0,13.0,0.10046745273145886,0.08162980534431033,1,1000000,0,0,1,0,0,0,1,0
19.17864476386037,0.0,0.0,0.0,0.0,0.0,0.0,0,150000,1,0,0,0,1,0,0,0
22.732375085557837,15.0,398.0,1.0,1.0,0.22613065326633167,0.22613065326633167,1,300000,0,0,0,0,1,0,0,0
29.363449691991786,0.0,0.0,0.0,0.0,0.0,0.0,0,10000,0,0,0,0,0,0,1,0
22.365503080082135,1.0,8.0,0.0,0.0,0.0,0.0,1,100000,0,0,0,0,1,0,0,0
30.236824093086927,198.0,15104.0,7.0,12.0,0.04171080508474576,0.0715042372881356,1,1200000,1,0,0,0,1,0,0,0
28.0684462696783,89.0,7943.0,0.0,0.0,0.0,0.0,1,300000,0,1,0,0,1,0,0,0
26.340862422997947,1.0,1.0,0.0,0.0,0.0,0.0,1,600000,0,0,1,0,0,0,0,1
27.378507871321013,1.0,14.0,0.0,0.0,0.0,0.0,1,200000,0,0,0,0,1,0,0,0
24.45722108145106,0.0,0.0,0.0,0.0,0.0,0.0,0,75000,0,0,1,0,0,0,1,0
19.45242984257358,0.0,0.0,0.0,0.0,0.0,0.0,0,25000,0,0,1,0,0,0,1,0
27.753593429158112,0.0,0.0,0.0,0.0,0.0,0.0,0,25000,1,0,0,0,0,0,1,0
27.50444900752909,0.0,0.0,0.0,0.0,0.0,0.0,0,50000,1,0,0,0,0,0,1,0
29.021218343600275,191.0,8977.0,36.0,8.0,0.36092235713490034,0.08020496825220007,1,2500000,0,0,0,0,0,0,1,0
31.813826146475016,572.0,40724.0,100.0,91.0,0.22099990177782144,0.2011099106178175,1,22000000,0,0,1,0,0,1,0,0
25.645448323066393,0.0,0.0,0.0,0.0,0.0,0.0,0,50000,0,0,1,0,0,0,1,0
28.23545516769336,71.0,5064.0,0.0,5.0,0.0,0.08886255924170615,1,800000,1,0,0,0,0,0,1,0
23.279945242984258,0.0,0.0,0.0,0.0,0.0,0.0,0,100000,1,0,0,0,0,1,0,0
30.269678302532512,220.0,19800.0,0.0,2.0,0.0,0.00909090909090909,1,1200000,0,1,0,0,0,0,1,0
23.19233401779603,0.0,0.0,0.0,0.0,0.0,0.0,0,75000,1,0,0,0,0,0,0,1
26.62012320328542,0.0,0.0,0.0,0.0,0.0,0.0,0,250000,0,1,0,0,0,0,0,1
27.02258726899384,42.0,3518.0,0.0,2.0,0.0,0.0511654349061967,1,900000,1,0,0,0,0,0,1,0
27.857631759069132,0.0,0.0,0.0,0.0,0.0,0.0,0,200000,0,1,0,0,0,0,1,0
30.338124572210816,330.0,19249.0,134.0,26.0,0.6265260533014703,0.12156475661073303,1,18000000,0,0,0,0,0,0,0,1
24.202600958247775,1.0,10.0,0.0,0.0,0.0,0.0,1,25000,0,0,0,0,0,0,1,0
20.993839835728952,0.0,0.0,0.0,0.0,0.0,0.0,0,25000,1,0,0,0,0,0,1,0
24.369609856262834,0.0,0.0,0.0,0.0,0.0,0.0,0,25000,1,0,0,0,0,0,1,0
27.15126625598905,21.0,1272.0,0.0,3.0,0.0,0.2122641509433962,1,400000,0,0,1,0,0,0,0,0
27.071868583162217,1.0,90.0,0.0,0.0,0.0,0.0,1,700000,0,1,0,0,0,0,0,0
32.082135523613964,230.0,20639.0,0.0,0.0,0.0,0.0,1,3000000,0,1,0,0,0,0,0,0
27.655030800821354,1.0,1.0,0.0,0.0,0.0,0.0,1,450000,1,0,0,0,0,1,0,0
21.66461327857632,0.0,0.0,0.0,0.0,0.0,0.0,0,250000,0,0,0,0,0,1,0,0
27.6249144421629,1.0,45.0,0.0,0.0,0.0,0.0,1,100000,0,0,0,0,0,1,0,0
30.272416153319643,149.0,9303.0,6.0,6.0,0.05804579168010319,0.05804579168010319,1,1200000,0,0,1,0,0,0,0,0
19.274469541409992,0.0,0.0,0.0,0.0,0.0,0.0,0,25000,0,0,0,0,0,0,1,0
27.104722792607802,0.0,0.0,0.0,0.0,0.0,0.0,0,200000,0,1,0,0,0,0,1,0
30.72416153319644,136.0,8244.0,16.0,15.0,0.17467248908296942,0.16375545851528384,1,2500000,0,0,0,0,0,0,0,0
27.32101300479124,0.0,0.0,0.0,0.0,0.0,0.0,0,150000,0,0,1,0,0,0,1,0
26.036960985626283,1.0,10.0,0.0,0.0,0.0,0.0,1,25000,0,0,0,0,0,1,0,0
30.154688569472963,114.0,9115.0,4.0,6.0,0.039495337356006584,0.05924300603400987,1,4000000,0,0,1,0,0,1,0,0
30.083504449007528,382.0,25797.0,40.0,50.0,0.13955111059425515,0.17443888824281895,1,20000000,0,0,0,0,0,1,0,0
30.5927446954141,233.0,17058.0,8.0,13.0,0.042208934224410834,0.06858951811466761,1,2000000,0,0,1,0,1,0,0,0
26.269678302532512,0.0,0.0,0.0,0.0,0.0,0.0,0,200000,0,0,1,0,0,1,0,0
27.920602327173167,0.0,0.0,0.0,0.0,0.0,0.0,0,150000,1,0,0,0,0,1,0,0
27.091033538672143,4.0,360.0,0.0,0.0,0.0,0.0,1,125000,1,0,0,0,0,1,0,0
29.702943189596166,142.0,10211.0,7.0,10.0,0.06169816864166095,0.0881402409166585,1,2000000,1,0,0,0,0,0,0,1
27.498973305954827,0.0,0.0,0.0,0.0,0.0,0.0,0,300000,0,1,0,0,0,1,0,0
28.700889801505816,0.0,0.0,0.0,0.0,0.0,0.0,0,800000,0,1,0,0,1,0,0,0
23.140314852840522,2.0,180.0,0.0,0.0,0.0,0.0,1,100000,0,0,1,0,0,0,0,0
32.56947296372348,195.0,15390.0,8.0,4.0,0.04678362573099415,0.023391812865497075,1,2000000,1,0,0,0,0,0,1,0
27.419575633127995,3.0,14.0,0.0,0.0,0.0,0.0,1,250000,0,0,0,0,0,0,1,0
26.313483915126625,26.0,1709.0,2.0,1.0,0.1053247513165594,0.0526623756582797,1,400000,0,0,0,0,0,0,1,0
26.494182067077343,46.0,1319.0,0.0,1.0,0.0,0.06823351023502654,1,1200000,0,0,1,0,0,1,0,0
32.5201916495551,1.0,90.0,0.0,0.0,0.0,0.0,1,450000,0,1,0,0,0,1,0,0
26.017796030116358,0.0,0.0,0.0,0.0,0.0,0.0,0,150000,0,0,1,0,0,1,0,0
22.067077344284737,0.0,0.0,0.0,0.0,0.0,0.0,0,150000,0,1,0,0,1,0,0,0
30.080766598220396,0.0,0.0,0.0,0.0,0.0,0.0,0,50000,0,0,0,0,0,0,0,0
26.51334702258727,24.0,627.0,0.0,0.0,0.0,0.0,1,400000,0,0,1,0,1,0,0,0
31.419575633127995,22.0,1488.0,3.0,0.0,0.1814516129032258,0.0,1,1000000,1,0,0,0,0,0,0,0
25.87816563997262,0.0,0.0,0.0,0.0,0.0,0.0,0,175000,0,0,1,0,0,0,0,1
27.994524298425734,0.0,0.0,0.0,0.0,0.0,0.0,0,125000,0,0,1,0,0,0,1,0
29.426420260095824,63.0,2213.0,10.0,2.0,0.4066877541798463,0.08133755083596927,1,1800000,0,0,0,0,0,0,0,1
21.913757700205338,0.0,0.0,0.0,0.0,0.0,0.0,0,25000,0,0,1,0,0,0,1,0
29.05681040383299,95.0,6300.0,3.0,2.0,0.04285714285714286,0.02857142857142857,1,2500000,0,0,1,0,0,0,0,0
27.67145790554415,0.0,0.0,0.0,0.0,0.0,0.0,0,300000,1,0,0,0,0,1,0,0
33.01026694045174,17.0,854.0,0.0,0.0,0.0,0.0,1,100000,0,0,1,0,0,0,1,0
27.45516769336071,3.0,176.0,0.0,2.0,0.0,0.0,1,250000,0,0,1,0,0,1,0,0
26.874743326488705,0.0,0.0,0.0,0.0,0.0,0.0,0,100000,0,1,0,0,0,0,1,0
31.197809719370294,171.0,15216.0,0.0,0.0,0.0,0.0,1,800000,0,1,0,0,0,0,1,0
25.426420260095824,0.0,0.0,0.0,0.0,0.0,0.0,0,25000,1,0,0,0,0,0,0,1
20.61327857631759,4.0,318.0,1.0,0.0,0.2830188679245283,0.0,1,100000,0,0,1,0,0,1,0,0
28.88432580424367,0.0,0.0,0.0,0.0,0.0,0.0,0,10000,1,0,0,0,0,1,0,0
30.182067077344286,32.0,1415.0,0.0,0.0,0.0,0.0,1,1500000,0,0,1,0,0,1,0,0
28.240930869267626,0.0,0.0,0.0,0.0,0.0,0.0,0,500000,0,1,0,0,0,0,1,0
23.42778918548939,0.0,0.0,0.0,0.0,0.0,0.0,0,25000,1,0,0,0,0,0,1,0
20.043805612594113,0.0,0.0,0.0,0.0,0.0,0.0,0,25000,0,1,0,0,0,0,1,0
26.99794661190965,8.0,181.0,0.0,0.0,0.0,0.0,1,225000,0,0,0,0,0,0,1,0
25.61259411362081,0.0,0.0,0.0,0.0,0.0,0.0,0,200000,0,0,1,0,0,0,0,1
28.372347707049965,218.0,11930.0,3.0,9.0,0.022632020117351215,0.06789606035205364,1,3500000,0,0,1,0,0,0,0,1
25.426420260095824,0.0,0.0,0.0,0.0,0.0,0.0,0,75000,0,1,0,0,0,0,0,1
26.34633812457221,0.0,0.0,0.0,0.0,0.0,0.0,0,50000,0,0,0,0,0,0,1,0
24.98836413415469,0.0,0.0,0.0,0.0,0.0,0.0,0,50000,0,1,0,0,0,0,1,0
27.731690622861056,2.0,91.0,0.0,0.0,0.0,0.0,1,50000,0,0,1,0,0,0,1,0
29.804243668720055,291.0,18540.0,17.0,13.0,0.0825242718446602,0.06310679611650485,1,10000000,0,0,1,0,0,1,0,0
26.182067077344286,22.0,1530.0,2.0,1.0,0.11764705882352941,0.058823529411764705,1,700000,0,0,1,0,1,0,0,0
24.462696783025326,1.0,90.0,0.0,0.0,0.0,0.0,1,25000,0,0,1,0,0,0,1,0
18.82819986310746,0.0,0.0,0.0,0.0,0.0,0.0,0,50000,1,0,0,0,0,0,1,0
22.12457221081451,2.0,180.0,0.0,0.0,0.0,0.0,1,100000,1,0,0,0,0,1,0,0
31.51813826146475,304.0,21390.0,27.0,24.0,0.11360448807854137,0.10098176718092568,1,4500000,0,0,1,0,1,0,0,0
29.585215605749486,1.0,90.0,0.0,0.0,0.0,0.0,1,400000,1,0,0,0,0,1,0,0
26.806297056810404,2.0,180.0,0.0,0.0,0.0,0.0,1,900000,0,1,0,0,0,1,0,0
31.567419575633128,167.0,9523.0,19.0,11.0,0.17956526304735904,0.10395883650110259,1,1500000,0,0,0,0,0,0,0,0
25.746748802190282,41.0,1550.0,1.0,1.0,0.05806451612903226,0.05806451612903226,1,800000,0,0,0,0,0,1,0,0
34.75427789185489,84.0,4354.0,6.0,2.0,0.12402388608176389,0.04134129536058796,1,200000,0,0,0,0,0,0,0,0
30.822724161533195,0.0,0.0,0.0,0.0,0.0,0.0,0,250000,0,0,1,0,0,0,0,0
29.60164271047228,113.0,5337.0,6.0,11.0,0.10118043844856661,0.18549747048903878,1,50000,0,0,0,0,0,0,0,0
32.80219028062971,326.0,25945.0,21.0,4.0,0.07284640585854693,0.013875505877818462,1,2500000,1,0,0,0,0,0,0,0
30.001368925393567,14.0,1184.0,0.0,0.0,0.0,0.0,1,1200000,0,1,0,0,0,0,0,0
28.44626967830253,79.0,5608.0,19.0,7.0,0.3049215406562054,0.11233951497860199,1,13000000,0,0,0,0,0,1,0,0
32.851471594798085,371.0,23213.0,94.0,32.0,0.36445095420669454,0.12406840994270453,1,5000000,0,0,0,0,0,0,0,0
27.887748117727583,0.0,0.0,0.0,0.0,0.0,0.0,0,125000,1,0,0,0,0,0,1,0
33.10335386721424,181.0,13876.0,15.0,5.0,0.09729028538483712,0.03243009512827904,1,1500000,0,0,1,0,0,0,0,0
26.480492813141684,6.0,520.0,0.0,0.0,0.0,0.0,1,325000,1,0,0,0,1,0,0,0
32.427104722792606,24.0,1828.0,2.0,0.0,0.09846827133479212,0.0,1,500000,1,0,0,0,0,0,0,0
24.71457905544148,0.0,0.0,0.0,0.0,0.0,0.0,0,10000,0,0,1,0,0,0,1,0
30.026009582477755,139.0,10347.0,5.0,1.0,0.04349086691794723,0.008698173383589447,1,300000,1,0,0,0,0,0,1,0
21.71663244353183,2.0,19.0,0.0,0.0,0.0,0.0,1,100000,0,0,0,0,0,1,0,0
30.93223819301848,2.0,135.0,0.0,0.0,0.0,0.0,1,150000,1,0,0,0,0,0,0,0
32.375085557837096,110.0,9511.0,0.0,1.0,0.0,0.009462727368310378,1,800000,0,1,0,0,0,0,0,1
29.232032854209447,49.0,2554.0,4.0,4.0,0.14095536413469067,0.14095536413469067,1,1000000,0,0,0,0,0,1,0,0
24.10403832991102,0.0,0.0,0.0,0.0,0.0,0.0,0,25000,1,0,0,0,0,0,1,0
31.279945242984258,65.0,4659.0,3.0,1.0,0.05795235028976175,0.01931745009658725,1,500000,1,0,0,0,0,0,0,0
27.60848733744011,2.0,35.0,0.0,0.0,0.0,0.0,1,100000,0,0,0,0,0,0,1,0
30.483230663928815,93.0,8387.0,0.0,0.0,0.0,0.0,1,4500000,0,1,0,0,0,0,0,1
25.467488021902806,0.0,0.0,0.0,0.0,0.0,0.0,0,50000,0,0,1,0,0,0,1,0
28.229979466119097,0.0,0.0,0.0,0.0,0.0,0.0,0,500000,1,0,0,0,0,0,1,0
32.99931553730322,223.0,20060.0,0.0,0.0,0.0,0.0,1,2800000,0,1,0,0,0,0,0,0
21.256673511293634,0.0,0.0,0.0,0.0,0.0,0.0,0,25000,0,1,0,0,0,0,1,0
30.036960985626283,0.0,0.0,0.0,0.0,0.0,0.0,0,100000,0,1,0,0,0,0,0,0
31.87953456536619,312.0,19437.0,50.0,32.0,0.23151720944590212,0.14817101404537739,1,3000000,0,0,0,0,0,0,0,1
26.781656399726216,0.0,0.0,0.0,0.0,0.0,0.0,0,50000,0,0,1,0,0,0,1,0
28.21902806297057,1.0,19.0,0.0,0.0,0.0,0.0,1,200000,0,0,1,0,0,0,1,0
29.32785763175907,203.0,14136.0,1.0,12.0,0.006366723259762309,0.07640067911714771,1,11000000,0,0,1,0,0,1,0,0
29.83436002737851,231.0,14507.0,6.0,7.0,0.037223409388571035,0.043427310953332875,1,7000000,0,0,1,0,0,1,0,0
20.813141683778234,0.0,0.0,0.0,0.0,0.0,0.0,0,25000,0,1,0,0,0,0,1,0
25.686516084873375,0.0,0.0,0.0,0.0,0.0,0.0,0,50000,1,0,0,0,0,0,0,0
30.316221765913756,0.0,0.0,0.0,0.0,0.0,0.0,0,250000,0,0,1,0,0,0,0,0
27.5564681724846,30.0,1888.0,0.0,2.0,0.0,0.09533898305084745,1,2200000,1,0,0,0,0,1,0,0
29.136208076659823,1.0,63.0,0.0,0.0,0.0,0.0,1,150000,0,0,1,0,0,0,0,0
29.492128678986994,0.0,0.0,0.0,0.0,0.0,0.0,0,150000,0,0,1,0,0,0,0,0
28.594113620807665,7.0,474.0,0.0,1.0,0.0,0.18987341772151897,1,400000,1,0,0,0,0,0,0,0
33.27857631759069,256.0,20229.0,5.0,18.0,0.022245291413317513,0.08008304908794306,1,1000000,1,0,0,0,0,0,0,0
29.073237508555785,495.0,37621.0,63.0,69.0,0.15071369713723717,0.16506738257887882,1,30000000,0,0,1,0,0,1,0,0
30.872005475701574,96.0,8285.0,5.0,2.0,0.05431502715751358,0.02172601086300543,1,3000000,1,0,0,0,1,0,0,0
32.062970568104035,244.0,19519.0,17.0,5.0,0.07838516317434295,0.023054459757159692,1,2000000,1,0,0,0,0,0,1,0
27.969883641341546,1.0,16.0,0.0,0.0,0.0,0.0,1,1500000,0,0,0,0,0,1,0,0
33.374401095140314,323.0,28850.0,0.0,1.0,0.0,0.0031195840554592725,1,3500000,0,1,0,0,0,1,0,0
27.43600273785079,0.0,0.0,0.0,0.0,0.0,0.0,0,300000,1,0,0,0,1,0,0,0
28.79671457905544,2.0,18.0,0.0,0.0,0.0,0.0,1,1100000,0,0,1,0,0,0,0,1
23.184120465434635,0.0,0.0,0.0,0.0,0.0,0.0,0,150000,0,0,0,0,1,0,0,0
27.208761122518823,0.0,0.0,0.0,0.0,0.0,0.0,0,250000,1,0,0,0,1,0,0,0
30.83915126625599,135.0,7790.0,2.0,9.0,0.023106546854942234,0.10397946084724007,1,1500000,1,0,0,0,0,0,1,0
29.308692676249144,116.0,6128.0,9.0,9.0,0.13218015665796345,0.13218015665796345,1,6000000,0,0,0,0,0,1,0,0
27.586584531143053,3.0,216.0,0.0,0.0,0.0,0.0,1,125000,1,0,0,0,0,1,0,0
30.691307323750856,183.0,13571.0,4.0,12.0,0.02652715348905755,0.07958146046717265,1,3000000,1,0,0,0,0,1,0,0
30.02053388090349,4.0,236.0,0.0,0.0,0.0,0.0,1,400000,0,1,0,0,0,0,1,0
31.44147843942505,206.0,17483.0,9.0,6.0,0.04633072127209289,0.030887147514728593,1,4000000,1,0,0,0,1,0,0,0
27.052703627652292,0.0,0.0,0.0,0.0,0.0,0.0,0,225000,1,0,0,0,0,0,1,0
31.37303216974675,354.0,27572.0,12.0,10.0,0.03917017263890903,0.0326418105324242,1,9000000,1,0,0,0,0,0,0,0
26.255989048596852,0.0,0.0,0.0,0.0,0.0,0.0,0,450000,1,0,0,0,0,0,1,0
29.0403832991102,0.0,0.0,0.0,0.0,0.0,0.0,0,400000,1,0,0,0,0,0,0,0
26.84188911704312,1.0,1.0,0.0,0.0,0.0,0.0,1,150000,0,0,1,0,0,1,0,0
29.27583846680356,286.0,21961.0,9.0,24.0,0.03688356632211648,0.09835617685897727,1,14000000,1,0,0,0,0,0,1,0
29.065023956194388,360.0,19277.0,85.0,27.0,0.3968459822586502,0.12605695907039477,1,7000000,0,0,0,0,0,1,0,0
29.02943189596167,0.0,0.0,0.0,0.0,0.0,0.0,0,50000,1,0,0,0,0,0,1,0
27.394934976043807,6.0,249.0,0.0,0.0,0.0,0.0,1,175000,0,0,1,0,0,1,0,0
28.16700889801506,103.0,9300.0,0.0,0.0,0.0,0.0,1,12000000,0,1,0,0,0,0,0,1
28.361396303901437,161.0,11038.0,9.0,9.0,0.07338285921362567,0.07338285921362567,1,2500000,0,0,1,0,0,0,0,1
28.164271047227928,71.0,6299.0,0.0,0.0,0.0,0.0,1,3500000,0,1,0,0,1,0,0,0
28.542094455852155,0.0,0.0,0.0,0.0,0.0,0.0,0,400000,1,0,0,0,1,0,0,0
21.574264202600958,2.0,41.0,0.0,0.0,0.0,0.0,1,100000,0,0,0,0,0,1,0,0
27.342915811088297,77.0,4178.0,9.0,6.0,0.1938726663475347,0.1292484442316898,1,2500000,0,0,0,0,0,0,0,0
26.302532511978097,2.0,160.0,0.0,0.0,0.0,0.0,1,150000,1,0,0,0,0,0,0,0
28.89801505817933,230.0,18293.0,6.0,21.0,0.029519488328868963,0.10331820915104137,1,3000000,1,0,0,0,0,0,0,0
26.354551676933607,0.0,0.0,0.0,0.0,0.0,0.0,0,300000,0,1,0,0,0,0,0,0
29.100616016427104,307.0,24020.0,7.0,27.0,0.026228143213988347,0.10116569525395504,1,5000000,1,0,0,0,0,0,1,0
26.138261464750173,2.0,46.0,0.0,0.0,0.0,0.0,1,250000,1,0,0,0,0,0,0,0
25.472963723477072,1.0,5.0,0.0,0.0,0.0,0.0,1,100000,0,0,0,0,0,0,0,0
26.324435318275153,2.0,91.0,0.0,0.0,0.0,0.0,1,200000,0,0,0,0,0,0,0,0
28.35318275154004,36.0,3255.0,0.0,0.0,0.0,0.0,1,1000000,0,1,0,0,0,0,0,0
27.419575633127995,117.0,8014.0,2.0,1.0,0.02246069378587472,0.01123034689293736,1,1000000,1,0,0,0,0,0,0,0
26.68583162217659,127.0,4351.0,21.0,8.0,0.4343829004826477,0.16547920018386578,1,2500000,0,0,0,0,0,0,0,0
32.54757015742642,34.0,2900.0,3.0,0.0,0.09310344827586207,0.0,1,700000,1,0,0,0,0,1,0,0
24.761122518822724,0.0,0.0,0.0,0.0,0.0,0.0,0,25000,0,0,1,0,0,0,1,0
26.24229979466119,1.0,43.0,0.0,0.0,0.0,0.0,1,10000,0,0,1,0,0,0,0,1
30.819986310746064,121.0,9048.0,0.0,3.0,0.0,0.029840848806366047,1,2000000,1,0,0,0,0,0,0,0
38.86926762491444,366.0,24139.0,88.0,44.0,0.3280997555822528,0.1640498777911264,1,200000,0,0,0,0,0,0,0,0
30.677618069815196,1.0,30.0,0.0,0.0,0.0,0.0,1,100000,0,0,1,0,0,0,0,0
28.37782340862423,1.0,14.0,0.0,0.0,0.0,0.0,1,250000,0,0,1,0,1,0,0,0
23.129363449691994,0.0,0.0,0.0,0.0,0.0,0.0,0,25000,1,0,0,0,0,0,1,0
30.245037645448324,2.0,86.0,0.0,0.0,0.0,0.0,1,150000,0,0,0,0,0,0,0,0
33.223819301848046,201.0,16715.0,7.0,11.0,0.03769069697876159,0.0592282381094825,1,3000000,1,0,0,0,0,1,0,0
27.107460643394933,0.0,0.0,0.0,0.0,0.0,0.0,0,250000,0,0,0,0,0,0,1,0
26.885694729637233,11.0,302.0,0.0,0.0,0.0,0.0,1,200000,0,0,0,0,0,0,1,0
31.28268309377139,2.0,110.0,0.0,0.0,0.0,0.0,1,50000,0,0,1,0,0,0,0,0
30.379192334017795,2.0,26.0,0.0,0.0,0.0,0.0,1,200000,0,0,0,0,0,0,0,0
21.659137577002053,0.0,0.0,0.0,0.0,0.0,0.0,0,100000,0,0,1,0,1,0,0,0
31.123887748117728,123.0,9040.0,0.0,4.0,0.0,0.03982300884955752,1,1500000,1,0,0,0,0,0,0,0
30.310746064339494,9.0,533.0,0.0,0.0,0.0,0.0,1,200000,1,0,0,0,0,0,0,0
29.946611909650922,8.0,469.0,0.0,0.0,0.0,0.0,1,400000,1,0,0,0,1,0,0,0
27.479808350444902,2.0,180.0,0.0,0.0,0.0,0.0,1,150000,1,0,0,0,0,0,0,0
27.000684462696782,0.0,0.0,0.0,0.0,0.0,0.0,0,225000,0,0,0,0,0,0,1,0
23.835728952772072,0.0,0.0,0.0,0.0,0.0,0.0,0,200000,0,1,0,0,0,0,0,0
28.82135523613963,32.0,2767.0,1.0,2.0,0.03252620166245031,0.06505240332490062,1,800000,1,0,0,0,0,0,0,1
35.186858316221766,123.0,6817.0,11.0,9.0,0.14522517236320961,0.11882059556989878,1,300000,0,0,1,0,1,0,0,0
34.822724161533195,72.0,5689.0,3.0,11.0,0.047460010546669006,0.1740200386711197,1,250000,0,0,1,0,0,0,0,0
25.998631074606433,20.0,1830.0,0.0,1.0,0.0,0.04918032786885246,1,1000000,0,1,0,0,0,0,0,1
29.94387405886379,1.0,8.0,0.0,0.0,0.0,0.0,1,700000,1,0,0,0,0,0,1,0
31.362080766598222,264.0,21929.0,5.0,4.0,0.020520771581011447,0.01641661726480916,1,900000,1,0,0,0,0,0,0,0
33.111567419575636,15.0,1203.0,2.0,1.0,0.14962593516209477,0.07481296758104738,1,500000,1,0,0,0,0,0,0,0
29.516769336071185,1.0,45.0,0.0,0.0,0.0,0.0,1,50000,0,0,1,0,0,0,0,0
33.086926762491444,282.0,17752.0,4.0,13.0,0.020279405137449302,0.06590806669671023,1,1000000,1,0,0,0,0,0,0,0
31.972621492128678,510.0,37643.0,115.0,72.0,0.2749515182105571,0.1721435592274792,1,8000000,0,0,0,0,0,0,0,0
29.982203969883642,0.0,0.0,0.0,0.0,0.0,0.0,0,150000,1,0,0,0,0,0,0,0
27.88227241615332,313.0,18425.0,84.0,36.0,0.41031207598371777,0.17584803256445047,1,2000000,0,0,0,0,0,0,0,0
28.145106091718002,1.0,90.0,0.0,0.0,0.0,0.0,1,1200000,0,0,0,0,0,1,0,0
28.093086926762492,188.0,10588.0,29.0,36.0,0.24650547789950888,0.3060068001511145,1,1300000,0,0,0,0,0,0,0,0
28.542094455852155,17.0,654.0,1.0,1.0,0.13761467889908258,0.13761467889908258,1,1200000,0,0,1,0,0,1,0,0
30.600958247775495,27.0,2247.0,2.0,3.0,0.0801068090787717,0.12016021361815754,1,1500000,1,0,0,0,0,1,0,0
30.836413415468858,82.0,5708.0,7.0,9.0,0.11037140854940435,0.14190609670637702,1,1000000,0,0,1,0,0,0,1,0
27.236139630390145,0.0,0.0,0.0,0.0,0.0,0.0,0,200000,1,0,0,0,0,0,0,0
26.543463381245722,2.0,135.0,0.0,0.0,0.0,0.0,1,100000,0,0,0,0,1,0,0,0
29.30321697467488,441.0,34444.0,35.0,74.0,0.09145279293926373,0.19335733364301472,1,50000000,0,0,1,0,0,0,1,0
27.482546201232033,1.0,7.0,0.0,0.0,0.0,0.0,1,150000,0,0,0,0,0,0,0,0
22.105407255304584,8.0,376.0,0.0,0.0,0.0,0.0,1,300000,0,0,1,0,1,0,0,0
26.83915126625599,2.0,99.0,0.0,0.0,0.0,0.0,1,500000,0,0,0,0,0,0,1,0
29.02943189596167,261.0,16774.0,0.0,11.0,0.0,0.0590199117682127,1,13000000,1,0,0,0,0,1,0,0
32.114989733059545,316.0,21795.0,97.0,28.0,0.4005505849965589,0.11562284927735719,1,4500000,0,0,0,0,0,0,0,0
20.12046543463381,0.0,0.0,0.0,0.0,0.0,0.0,0,50000,0,1,0,0,0,0,1,0
22.90485968514716,0.0,0.0,0.0,0.0,0.0,0.0,0,25000,0,0,1,0,0,0,1,0
29.357973990417523,219.0,19669.0,0.0,1.0,0.0,0.004575728303421628,1,2800000,0,1,0,0,0,0,1,0
24.20807665982204,0.0,0.0,0.0,0.0,0.0,0.0,0,75000,0,1,0,0,0,0,1,0
33.02669404517454,183.0,10667.0,26.0,11.0,0.2193681447454767,0.09280959970000939,1,800000,0,0,0,0,0,0,0,0
30.11362080766598,357.0,29656.0,29.0,13.0,0.08800917183706501,0.03945238737523604,1,15000000,1,0,0,0,0,0,1,0
26.354551676933607,1.0,12.0,0.0,0.0,0.0,0.0,1,225000,0,0,1,0,0,1,0,0
29.00752908966461,72.0,5739.0,0.0,0.0,0.0,0.0,1,800000,1,0,0,0,0,0,1,0
26.392881587953458,0.0,0.0,0.0,0.0,0.0,0.0,0,10000,1,0,0,0,0,0,1,0
27.3347022587269,1.0,90.0,0.0,0.0,0.0,0.0,1,50000,0,1,0,0,0,0,1,0
33.60438056125941,226.0,15833.0,37.0,29.0,0.21032021726773195,0.16484557569633046,1,1500000,0,0,0,0,0,0,0,0
27.364818617385353,1.0,29.0,0.0,0.0,0.0,0.0,1,300000,0,0,1,0,0,0,1,0
22.483230663928815,0.0,0.0,0.0,0.0,0.0,0.0,0,25000,0,0,0,0,0,0,1,0
21.919233401779604,0.0,0.0,0.0,0.0,0.0,0.0,0,50000,0,1,0,0,0,1,0,0
31.238877481177276,276.0,23184.0,9.0,4.0,0.03493788819875776,0.015527950310559006,1,800000,1,0,0,0,0,0,0,0
29.867214236824093,152.0,10066.0,4.0,13.0,0.03576395787800517,0.11623286310351678,1,1300000,1,0,0,0,0,0,0,0
30.902121834360027,351.0,25356.0,26.0,8.0,0.0922858495030762,0.02839564600094652,1,15000000,0,0,1,0,0,1,0,0
29.267624914442163,202.0,18285.0,0.0,1.0,0.0,0.004922067268252666,1,20000000,0,1,0,0,0,0,1,0
22.68309377138946,0.0,0.0,0.0,0.0,0.0,0.0,0,50000,1,0,0,0,0,1,0,0
31.033538672142367,6.0,483.0,0.0,0.0,0.0,0.0,1,400000,0,1,0,0,0,0,1,0
32.257357973990416,239.0,20551.0,14.0,7.0,0.06131088511507955,0.030655442557539776,1,10000000,1,0,0,0,0,0,1,0
27.581108829568787,92.0,5969.0,7.0,16.0,0.10554531747361368,0.2412464399396884,1,1500000,0,0,1,0,0,0,1,0
25.932922655715263,0.0,0.0,0.0,0.0,0.0,0.0,0,25000,0,0,0,0,0,0,0,1
37.16632443531827,2.0,180.0,0.0,0.0,0.0,0.0,1,100000,0,1,0,0,0,0,0,0
28.470910335386723,274.0,24501.0,0.0,0.0,0.0,0.0,1,40000000,0,1,0,0,0,0,0,1
27.16769336071184,1.0,15.0,0.0,0.0,0.0,0.0,1,50000,0,0,0,0,0,0,1,0
28.23271731690623,1.0,90.0,0.0,0.0,0.0,0.0,1,250000,1,0,0,0,0,1,0,0
29.05407255304586,376.0,31896.0,18.0,10.0,0.05079006772009029,0.02821670428893905,1,55000000,1,0,0,0,0,1,0,0
29.503080082135522,6.0,341.0,0.0,1.0,0.0,0.26392961876832843,1,900000,0,0,1,0,0,1,0,0
27.416837782340863,26.0,2340.0,0.0,0.0,0.0,0.0,1,200000,0,1,0,0,1,0,0,0
22.48870636550308,0.0,0.0,0.0,0.0,0.0,0.0,0,50000,1,0,0,0,0,1,0,0
29.097878165639973,224.0,16152.0,9.0,15.0,0.05014858841010401,0.08358098068350668,1,2500000,1,0,0,0,1,0,0,0
30.26420260095825,21.0,620.0,2.0,1.0,0.2903225806451613,0.14516129032258066,1,350000,0,0,0,0,0,0,0,0
28.514715947980836,82.0,6782.0,6.0,1.0,0.07962253022707166,0.013270421704511945,1,1200000,1,0,0,0,0,0,0,0
28.027378507871322,20.0,1890.0,0.0,0.0,0.0,0.0,1,1000000,0,1,0,0,0,0,1,0
29.32511978097194,0.0,0.0,0.0,0.0,0.0,0.0,0,500000,0,1,0,0,0,0,0,1
30.286105407255306,37.0,2147.0,1.0,7.0,0.04191895668374476,0.2934326967862133,1,3000000,0,0,1,0,0,0,1,0
28.689938398357288,153.0,11591.0,9.0,1.0,0.06988180484858943,0.007764644983176603,1,16000000,1,0,0,0,0,1,0,0
25.782340862423,1.0,90.0,0.0,0.0,0.0,0.0,1,1500000,0,0,1,0,0,1,0,0
27.044490075290895,55.0,3992.0,3.0,3.0,0.06763527054108216,0.06763527054108216,1,2500000,1,0,0,0,0,1,0,0
25.935660506502394,1.0,28.0,0.0,0.0,0.0,0.0,1,175000,0,0,1,0,0,1,0,0
28.71731690622861,234.0,15454.0,60.0,22.0,0.34942409732108193,0.12812216901773002,1,28000000,0,0,0,0,0,1,0,0
25.809719370294317,1.0,10.0,0.0,0.0,0.0,0.0,1,225000,1,0,0,0,0,0,0,1
29.22655715263518,184.0,16471.0,0.0,0.0,0.0,0.0,1,28000000,0,1,0,0,0,1,0,0
28.594113620807665,468.0,30753.0,140.0,90.0,0.4097161252560726,0.2633889376646181,1,40000000,0,0,0,0,0,0,0,0
31.01163586584531,202.0,17029.0,8.0,3.0,0.04228081508015738,0.015855305655059018,1,4500000,1,0,0,0,0,0,0,0
27.222450376454482,0.0,0.0,0.0,0.0,0.0,0.0,0,300000,0,0,1,0,0,0,0,1
23.84120465434634,0.0,0.0,0.0,0.0,0.0,0.0,0,50000,0,1,0,0,0,0,0,1
29.075975359342916,0.0,0.0,0.0,0.0,0.0,0.0,0,50000,0,0,1,0,1,0,0,0
26.765229295003422,0.0,0.0,0.0,0.0,0.0,0.0,0,225000,0,0,1,0,0,1,0,0
29.155373032169745,8.0,634.0,0.0,1.0,0.0,0.14195583596214512,1,300000,1,0,0,0,0,0,0,0
28.320328542094455,0.0,0.0,0.0,0.0,0.0,0.0,0,150000,0,0,1,0,0,0,1,0
27.496235455167692,0.0,0.0,0.0,0.0,0.0,0.0,0,10000,1,0,0,0,0,0,1,0
30.00684462696783,330.0,28521.0,11.0,11.0,0.034711265383401704,0.034711265383401704,1,20000000,1,0,0,0,0,1,0,0
28.3750855578371,20.0,1755.0,0.0,0.0,0.0,0.0,1,2500000,0,1,0,0,0,1,0,0
22.324435318275153,0.0,0.0,0.0,0.0,0.0,0.0,0,25000,1,0,0,0,0,0,1,0
26.77344284736482,7.0,425.0,0.0,1.0,0.0,0.2117647058823529,1,500000,1,0,0,0,0,0,1,0
27.082819986310746,8.0,389.0,0.0,0.0,0.0,0.0,1,500000,0,0,1,0,0,1,0,0
29.51403148528405,2.0,11.0,0.0,0.0,0.0,0.0,1,325000,0,0,0,0,0,0,0,1
19.89322381930185,0.0,0.0,0.0,0.0,0.0,0.0,0,50000,1,0,0,0,0,0,0,0
26.0041067761807,3.0,73.0,0.0,0.0,0.0,0.0,1,1500000,0,0,0,0,0,0,0,0
28.91170431211499,260.0,17425.0,23.0,35.0,0.1187948350071736,0.1807747489239598,1,20000000,0,0,1,0,0,0,0,1
21.659137577002053,0.0,0.0,0.0,0.0,0.0,0.0,0,250000,1,0,0,0,0,1,0,0
29.130732375085557,273.0,17797.0,26.0,15.0,0.13148283418553688,0.07585548126088668,1,2800000,0,0,1,0,0,0,1,0
21.319644079397673,4.0,33.0,0.0,1.0,0.0,0.0,1,100000,0,0,0,0,0,0,0,1
30.494182067077343,376.0,29234.0,17.0,25.0,0.05233632072244646,0.07696517753300951,1,8000000,1,0,0,0,0,1,0,0
29.95208761122519,32.0,2191.0,0.0,2.0,0.0,0.08215426745778183,1,2800000,1,0,0,0,0,1,0,0
32.29295003422313,155.0,9372.0,19.0,18.0,0.1824583866837388,0.17285531370038412,1,2000000,0,0,0,0,0,0,0,0
26.60643394934976,15.0,1289.0,1.0,1.0,0.06982156710628394,0.06982156710628394,1,600000,1,0,0,0,0,0,0,0
28.982888432580424,264.0,23681.0,0.0,0.0,0.0,0.0,1,22000000,0,1,0,0,0,0,0,0
26.576317590691307,1.0,1.0,0.0,0.0,0.0,0.0,1,900000,0,0,0,0,0,0,1,0
28.37782340862423,1.0,16.0,0.0,0.0,0.0,0.0,1,500000,0,0,1,0,0,0,0,0
30.715947980835043,206.0,18600.0,0.0,0.0,0.0,0.0,1,30000000,0,1,0,0,0,1,0,0
28.205338809034906,13.0,988.0,1.0,1.0,0.09109311740890688,0.09109311740890688,1,350000,0,0,0,0,0,1,0,0
33.78781656399726,241.0,16893.0,5.0,18.0,0.026638252530633993,0.09589770911028236,1,1500000,1,0,0,0,0,0,0,0
27.575633127994525,18.0,1520.0,0.0,0.0,0.0,0.0,1,150000,1,0,0,0,0,0,1,0
31.60574948665298,270.0,20803.0,10.0,14.0,0.04326299091477191,0.06056818728068067,1,6000000,0,0,1,0,0,1,0,0
26.245037645448324,0.0,0.0,0.0,0.0,0.0,0.0,0,10000,0,0,0,0,0,0,1,0
24.908966461327857,1.0,21.0,0.0,0.0,0.0,0.0,1,50000,0,0,1,0,0,0,0,1
29.587953456536617,39.0,1969.0,6.0,6.0,0.27425088877602843,0.27425088877602843,1,400000,0,0,0,0,1,0,0,0
27.67145790554415,1.0,5.0,0.0,0.0,0.0,0.0,1,250000,0,0,1,0,0,0,0,0
27.704312114989733,222.0,17450.0,7.0,9.0,0.03610315186246418,0.046418338108882524,1,20000000,1,0,0,0,0,1,0,0
27.342915811088297,9.0,561.0,0.0,0.0,0.0,0.0,1,200000,0,0,1,0,1,0,0,0
28.306639288158795,99.0,6713.0,3.0,6.0,0.04022046774914345,0.0804409354982869,1,3000000,1,0,0,0,0,0,0,1
29.672826830937716,16.0,582.0,3.0,1.0,0.4639175257731959,0.15463917525773196,1,9000000,0,0,0,0,0,0,0,0
21.256673511293634,1.0,13.0,0.0,0.0,0.0,0.0,1,100000,1,0,0,0,0,1,0,0
28.76659822039699,66.0,4637.0,1.0,3.0,0.019409100711667026,0.05822730213500108,1,200000,1,0,0,0,0,0,0,0
31.915126625598905,272.0,18167.0,21.0,17.0,0.10403478835250729,0.08421863819012494,1,1000000,0,0,1,0,0,0,0,0
29.045859000684462,191.0,12972.0,14.0,11.0,0.0971322849213691,0.07631822386679,1,800000,0,0,1,0,0,0,0,0
28.583162217659137,0.0,0.0,0.0,0.0,0.0,0.0,0,100000,0,0,0,0,0,0,0,0
30.0041067761807,360.0,25060.0,50.0,57.0,0.17956903431763765,0.20470869912210696,1,18000000,0,0,1,0,1,0,0,0
27.052703627652292,27.0,1660.0,1.0,2.0,0.054216867469879526,0.10843373493975905,1,2000000,0,0,1,0,1,0,0,0
30.50239561943874,216.0,10784.0,58.0,24.0,0.4840504451038576,0.20029673590504452,1,250000,0,0,1,0,0,0,1,0
26.639288158795345,1.0,90.0,0.0,0.0,0.0,0.0,1,250000,0,0,1,0,0,1,0,0
20.84873374401095,4.0,142.0,0.0,0.0,0.0,0.0,1,100000,0,0,1,0,0,1,0,0
27.731690622861056,42.0,3246.0,1.0,4.0,0.027726432532347505,0.11090573012939002,1,1800000,1,0,0,0,0,1,0,0
26.392881587953458,0.0,0.0,0.0,0.0,0.0,0.0,0,200000,0,1,0,0,0,0,0,1
28.553045859000683,330.0,24568.0,98.0,78.0,0.35900358189514814,0.28573754477368934,1,15000000,0,0,0,0,0,0,0,0
23.263518138261464,3.0,97.0,0.0,0.0,0.0,0.0,1,100000,0,0,0,0,0,1,0,0
26.409308692676248,0.0,0.0,0.0,0.0,0.0,0.0,0,25000,1,0,0,0,0,0,1,0
26.083504449007528,0.0,0.0,0.0,0.0,0.0,0.0,0,50000,1,0,0,0,0,0,1,0
26.351813826146476,5.0,97.0,1.0,0.0,0.0,0.0,1,700000,0,0,0,0,0,0,1,0
28.344969199178646,36.0,2944.0,3.0,3.0,0.09171195652173912,0.09171195652173912,1,3500000,0,0,1,0,0,0,0,1
24.238193018480494,0.0,0.0,0.0,0.0,0.0,0.0,0,200000,0,0,1,0,1,0,0,0
24.473648186173854,0.0,0.0,0.0,0.0,0.0,0.0,0,225000,1,0,0,0,0,0,1,0
21.22655715263518,0.0,0.0,0.0,0.0,0.0,0.0,0,100000,1,0,0,0,0,0,1,0
25.22381930184805,3.0,270.0,0.0,0.0,0.0,0.0,1,100000,0,1,0,0,0,0,1,0
27.969883641341546,237.0,11263.0,46.0,21.0,0.36757524638195865,0.1678060907395898,1,5000000,0,0,0,0,0,0,1,0
24.142368240930868,0.0,0.0,0.0,0.0,0.0,0.0,0,25000,1,0,0,0,0,0,1,0
28.386036960985628,392.0,28665.0,18.0,29.0,0.0565149136577708,0.09105180533751962,1,25000000,0,0,1,0,0,0,1,0
26.94866529774127,4.0,315.0,0.0,1.0,0.0,0.2857142857142857,1,150000,1,0,0,0,0,1,0,0
26.795345653661876,0.0,0.0,0.0,0.0,0.0,0.0,0,200000,1,0,0,0,0,0,0,1
26.28336755646817,0.0,0.0,0.0,0.0,0.0,0.0,0,1500000,1,0,0,0,0,0,0,1
28.895277207392198,11.0,430.0,0.0,0.0,0.0,0.0,1,750000,1,0,0,0,0,0,0,1
27.025325119780973,0.0,0.0,0.0,0.0,0.0,0.0,0,150000,0,1,0,0,0,0,0,1
27.87953456536619,8.0,478.0,0.0,0.0,0.0,0.0,1,7000000,0,0,1,0,0,1,0,0
28.139630390143736,60.0,3212.0,10.0,4.0,0.28019925280199254,0.11207970112079702,1,250000,0,0,0,0,1,0,0,0
31.958932238193018,298.0,22489.0,58.0,59.0,0.232113477700209,0.23611543421228157,1,5000000,0,0,1,0,1,0,0,0
31.197809719370294,253.0,16331.0,20.0,15.0,0.11021982732227052,0.0826648704917029,1,1500000,0,0,1,0,0,0,0,0
23.444216290212182,0.0,0.0,0.0,0.0,0.0,0.0,0,25000,0,0,1,0,0,0,1,0
26.321697467488022,4.0,234.0,0.0,0.0,0.0,0.0,1,200000,1,0,0,0,0,0,1,0
27.091033538672143,33.0,2017.0,1.0,1.0,0.04462072384729796,0.04462072384729796,1,900000,0,0,0,0,1,0,0,0
28.76933607118412,7.0,121.0,0.0,0.0,0.0,0.0,1,150000,0,0,0,0,1,0,0,0
26.477754962354553,0.0,0.0,0.0,0.0,0.0,0.0,0,1200000,0,0,1,0,0,1,0,0
32.19164955509925,2.0,167.0,0.0,0.0,0.0,0.0,1,25000,1,0,0,0,0,0,1,0
28.8870636550308,0.0,0.0,0.0,0.0,0.0,0.0,0,100000,1,0,0,0,0,0,0,0
25.404517453798768,0.0,0.0,0.0,0.0,0.0,0.0,0,50000,0,0,0,0,0,0,0,0
28.16974674880219,125.0,7829.0,9.0,14.0,0.10346148933452548,0.16094009452037297,1,3500000,0,0,1,0,0,0,1,0
27.353867214236825,0.0,0.0,0.0,0.0,0.0,0.0,0,500000,1,0,0,0,0,0,1,0
32.969199178644764,8.0,572.0,1.0,0.0,0.15734265734265734,0.0,1,1400000,1,0,0,0,0,0,0,0
31.463381245722108,228.0,14260.0,4.0,23.0,0.02524544179523142,0.14516129032258066,1,1200000,0,0,1,0,0,0,0,0
21.308692676249144,0.0,0.0,0.0,0.0,0.0,0.0,0,50000,0,0,0,0,0,0,0,0
29.114305270362767,5.0,387.0,0.0,0.0,0.0,0.0,1,1500000,0,1,0,0,0,0,0,0
27.477070499657767,7.0,375.0,0.0,1.0,0.0,0.24,1,400000,0,0,1,0,0,0,0,0
27.89869952087611,12.0,448.0,2.0,1.0,0.40178571428571425,0.20089285714285712,1,800000,0,0,0,0,0,0,0,0
29.43189596167009,0.0,0.0,0.0,0.0,0.0,0.0,0,450000,0,0,1,0,0,0,1,0
26.87748117727584,6.0,134.0,0.0,0.0,0.0,0.0,1,550000,1,0,0,0,0,0,0,1
24.95003422313484,0.0,0.0,0.0,0.0,0.0,0.0,0,150000,0,0,1,0,0,0,0,1
28.06570841889117,174.0,12194.0,10.0,12.0,0.07380679022470067,0.0885681482696408,1,16000000,0,0,1,0,0,1,0,0
30.017796030116358,271.0,17763.0,57.0,50.0,0.28880256713393004,0.25333558520520183,1,2000000,0,0,1,0,0,0,0,1
27.575633127994525,2.0,55.0,0.0,0.0,0.0,0.0,1,200000,1,0,0,0,1,0,0,0
21.5523613963039,0.0,0.0,0.0,0.0,0.0,0.0,0,200000,0,0,1,0,1,0,0,0
26.472279260780287,0.0,0.0,0.0,0.0,0.0,0.0,0,200000,0,0,1,0,0,0,1,0
30.206707734428473,296.0,19789.0,145.0,24.0,0.6594572742432665,0.1091515488402648,1,32000000,0,0,0,0,0,0,0,1
26.78713210130048,6.0,238.0,1.0,0.0,0.0,0.0,1,200000,0,0,0,0,1,0,0,0
21.51403148528405,0.0,0.0,0.0,0.0,0.0,0.0,0,50000,0,0,0,1,1,0,0,0
30.420260095824776,10.0,615.0,0.0,0.0,0.0,0.0,1,300000,0,0,1,0,1,0,0,0
26.976043805612594,4.0,54.0,0.0,0.0,0.0,0.0,1,100000,0,0,0,1,0,0,0,0
27.852156057494867,9.0,190.0,0.0,1.0,0.0,0.0,1,350000,0,0,0,0,0,0,0,0
30.595482546201232,151.0,8244.0,3.0,13.0,0.03275109170305677,0.14192139737991266,1,800000,1,0,0,0,0,0,0,0
26.327173169062284,0.0,0.0,0.0,0.0,0.0,0.0,0,250000,0,0,0,0,0,0,1,0
29.505817932922657,196.0,13286.0,33.0,16.0,0.22354357970796326,0.1083847659190125,1,4500000,0,0,1,0,0,0,1,0
28.37782340862423,202.0,12593.0,29.0,26.0,0.20725800047645518,0.185817517668546,1,12000000,0,0,0,0,0,0,0,1
29.234770704996578,26.0,482.0,0.0,4.0,0.0,0.7468879668049793,1,1800000,0,0,0,0,1,0,0,0
30.217659137577,18.0,892.0,3.0,1.0,0.3026905829596413,0.10089686098654709,1,100000,0,0,1,0,0,0,0,1
26.099931553730322,0.0,0.0,0.0,0.0,0.0,0.0,0,300000,1,0,0,0,1,0,0,0
26.088980150581794,0.0,0.0,0.0,0.0,0.0,0.0,0,100000,0,1,0,0,1,0,0,0
26.116358658453116,0.0,0.0,0.0,0.0,0.0,0.0,0,200000,1,0,0,0,0,1,0,0
29.39630390143737,291.0,23886.0,16.0,7.0,0.06028636021100226,0.026375282592313486,1,8000000,1,0,0,0,0,1,0,0
26.12183436002738,4.0,37.0,0.0,0.0,0.0,0.0,1,150000,0,0,1,0,1,0,0,0
23.822039698836413,0.0,0.0,0.0,0.0,0.0,0.0,0,100000,1,0,0,0,1,0,0,0
26.015058179329227,11.0,166.0,1.0,0.0,0.0,0.0,1,600000,0,0,0,0,1,0,0,0
28.878850102669404,34.0,1320.0,3.0,2.0,0.20454545454545453,0.13636363636363635,1,700000,0,0,0,0,0,0,0,0
31.01163586584531,326.0,21684.0,14.0,23.0,0.058107360265633644,0.09546209186496955,1,2000000,1,0,0,0,0,0,1,0
28.843258042436688,87.0,4495.0,24.0,4.0,0.48053392658509453,0.08008898776418243,1,700000,0,0,0,0,0,0,0,1
29.686516084873375,0.0,0.0,0.0,0.0,0.0,0.0,0,100000,0,0,1,0,0,0,1,0
31.89869952087611,416.0,28564.0,57.0,41.0,0.1795966951407366,0.12918358773281052,1,4000000,1,0,0,0,0,0,1,0
29.201916495550993,0.0,0.0,0.0,0.0,0.0,0.0,0,50000,0,1,0,0,0,0,0,0
28.9637234770705,90.0,3939.0,8.0,7.0,0.1827875095201828,0.15993907083015993,1,1500000,0,0,1,0,0,0,0,1
27.701574264202602,0.0,0.0,0.0,0.0,0.0,0.0,0,12000000,0,1,0,0,0,1,0,0
28.465434633812457,19.0,284.0,2.0,1.0,0.6338028169014085,0.31690140845070425,1,75000,0,0,0,0,0,1,0,0
25.99315537303217,0.0,0.0,0.0,0.0,0.0,0.0,0,150000,0,0,1,0,0,0,1,0
24.635181382614647,6.0,488.0,1.0,1.0,0.18442622950819673,0.18442622950819673,1,75000,0,0,0,0,0,0,0,1
27.159479808350444,0.0,0.0,0.0,0.0,0.0,0.0,0,250000,0,1,0,0,0,0,0,1
26.21492128678987,41.0,1337.0,6.0,2.0,0.40388930441286464,0.13462976813762154,1,650000,0,0,0,0,0,0,0,0
30.23134839151266,37.0,2331.0,0.0,1.0,0.0,0.03861003861003861,1,250000,1,0,0,0,1,0,0,0
29.579739904175224,1.0,77.0,0.0,0.0,0.0,0.0,1,200000,0,0,0,0,0,0,0,0
31.29637234770705,9.0,423.0,3.0,0.0,0.6382978723404256,0.0,1,50000,0,0,0,0,0,0,0,0
30.888432580424368,343.0,24579.0,56.0,59.0,0.20505309410472355,0.21603808128890517,1,7000000,0,0,0,0,1,0,0,0
29.56331279945243,12.0,1080.0,0.0,0.0,0.0,0.0,1,300000,0,1,0,0,1,0,0,0
24.36413415468857,0.0,0.0,0.0,0.0,0.0,0.0,0,50000,0,1,0,0,0,0,0,1
28.145106091718002,5.0,320.0,0.0,0.0,0.0,0.0,1,250000,1,0,0,0,0,0,0,0
30.09719370294319,85.0,7650.0,0.0,0.0,0.0,0.0,1,6000000,0,1,0,0,0,0,0,0
27.79192334017796,64.0,3119.0,5.0,3.0,0.14427701186277653,0.08656620711766592,1,1500000,0,0,1,0,1,0,0,0
32.39151266255989,362.0,26604.0,13.0,28.0,0.04397834912043301,0.09472259810554803,1,1800000,1,0,0,0,1,0,0,0
33.190965092402465,51.0,3401.0,3.0,1.0,0.07938841517200823,0.026462805057336076,1,200000,1,0,0,0,1,0,0,0
31.195071868583163,74.0,5643.0,1.0,2.0,0.01594896331738437,0.03189792663476874,1,1200000,1,0,0,0,0,0,0,0
25.366187542778917,0.0,0.0,0.0,0.0,0.0,0.0,0,175000,0,0,1,0,0,0,0,1
26.570841889117045,0.0,0.0,0.0,0.0,0.0,0.0,0,75000,0,0,1,0,0,0,0,1
29.308692676249144,27.0,1234.0,1.0,2.0,0.07293354943273905,0.1458670988654781,1,350000,0,0,1,0,1,0,0,0
31.19233401779603,42.0,3294.0,0.0,0.0,0.0,0.0,1,400000,1,0,0,0,1,0,0,0
32.62696783025325,279.0,22909.0,21.0,14.0,0.08250032738225152,0.05500021825483434,1,1200000,1,0,0,0,0,0,1,0
28.903490759753595,130.0,6011.0,15.0,13.0,0.22458825486607886,0.19464315421726833,1,12000000,0,0,0,0,0,1,0,0
26.581793292265573,53.0,2189.0,11.0,1.0,0.45226130653266333,0.04111466423024212,1,150000,0,0,0,0,0,0,0,0
28.150581793292265,48.0,2363.0,8.0,5.0,0.30469741853575966,0.19043588658484978,1,300000,0,0,0,0,1,0,0,0
32.05749486652977,262.0,21834.0,12.0,9.0,0.0494641384995878,0.03709810387469085,1,1400000,1,0,0,0,0,0,1,0
29.39630390143737,323.0,26426.0,22.0,68.0,0.0749262090365549,0.23159010065844246,1,4500000,1,0,0,0,0,0,1,0
25.61806981519507,1.0,3.0,0.0,0.0,0.0,0.0,1,350000,0,0,1,0,1,0,0,0
30.483230663928815,214.0,18713.0,3.0,1.0,0.014428472185111953,0.004809490728370652,1,3000000,1,0,0,0,0,0,0,0
36.50376454483231,120.0,5443.0,7.0,13.0,0.11574499356972259,0.2149549880580562,1,100000,0,0,0,0,0,0,0,0
21.418206707734427,0.0,0.0,0.0,0.0,0.0,0.0,0,25000,0,0,1,0,0,0,1,0
32.936344969199176,0.0,0.0,0.0,0.0,0.0,0.0,0,200000,1,0,0,0,1,0,0,0
28.621492128678987,5.0,495.0,1.0,1.0,0.18181818181818182,0.18181818181818182,1,500000,0,0,1,0,0,1,0,0
34.65845311430527,182.0,15839.0,10.0,9.0,0.05682176905107646,0.05113959214596881,1,1000000,1,0,0,0,0,0,0,0
26.784394250513348,10.0,740.0,1.0,0.0,0.12162162162162163,0.0,1,150000,0,0,1,0,0,0,0,1
29.196440793976727,238.0,15354.0,26.0,30.0,0.15240328253223914,0.17584994138335286,1,2500000,0,0,1,0,0,0,0,1
28.744695414099933,2.0,104.0,0.0,0.0,0.0,0.0,1,800000,1,0,0,0,0,0,0,0
33.379876796714576,328.0,18966.0,104.0,23.0,0.49351471053464097,0.1091426763682379,1,2800000,0,0,0,0,0,0,0,0
25.31690622861054,8.0,170.0,0.0,0.0,0.0,0.0,1,200000,0,0,1,0,0,0,0,0
26.55441478439425,1.0,90.0,0.0,0.0,0.0,0.0,1,600000,1,0,0,0,0,0,0,1
29.724845995893222,226.0,18770.0,5.0,8.0,0.02397442727757059,0.038359083644112946,1,4000000,1,0,0,0,0,0,1,0
28.70362765229295,22.0,1587.0,0.0,2.0,0.0,0.11342155009451796,1,175000,1,0,0,0,1,0,0,0
32.99657768651608,41.0,2461.0,2.0,6.0,0.0731409995936611,0.21942299878098334,1,150000,0,0,0,0,0,0,1,0
29.87816563997262,5.0,281.0,0.0,0.0,0.0,0.0,1,800000,0,0,0,0,0,0,0,0
27.137577002053387,13.0,741.0,0.0,0.0,0.0,0.0,1,1000000,1,0,0,0,1,0,0,0
32.63518138261465,224.0,15474.0,21.0,21.0,0.12214036448235752,0.12214036448235752,1,1800000,0,0,0,0,0,0,0,0
28.060232717316907,186.0,10597.0,28.0,20.0,0.23780315183542514,0.1698593941681608,1,1500000,0,0,1,0,0,0,0,1
26.833675564681723,13.0,338.0,0.0,1.0,0.0,0.2662721893491124,1,300000,0,0,1,0,0,0,0,1
27.5564681724846,1.0,90.0,0.0,0.0,0.0,0.0,1,150000,1,0,0,0,0,0,0,0
29.76865160848734,0.0,0.0,0.0,0.0,0.0,0.0,0,250000,1,0,0,0,0,0,0,0
27.589322381930184,0.0,0.0,0.0,0.0,0.0,0.0,0,250000,0,0,1,0,0,1,0,0
29.19917864476386,181.0,9796.0,33.0,27.0,0.3031849734585545,0.24806043282972642,1,25000000,0,0,0,0,0,1,0,0
27.972621492128678,19.0,1628.0,0.0,0.0,0.0,0.0,1,150000,1,0,0,0,1,0,0,0
25.919233401779604,1.0,5.0,0.0,0.0,0.0,0.0,1,50000,0,0,1,0,0,0,0,1
32.91170431211499,38.0,2388.0,7.0,1.0,0.2638190954773869,0.03768844221105528,1,1200000,0,0,0,0,0,0,1,0
27.419575633127995,0.0,0.0,0.0,0.0,0.0,0.0,0,125000,1,0,0,0,0,0,1,0
25.982203969883642,0.0,0.0,0.0,0.0,0.0,0.0,0,75000,1,0,0,0,0,0,1,0
27.252566735112936,0.0,0.0,0.0,0.0,0.0,0.0,0,75000,0,0,1,0,0,0,1,0
28.566735112936346,231.0,15065.0,15.0,13.0,0.0896116827082642,0.07766345834716229,1,3500000,0,0,1,0,0,0,0,1
26.250513347022586,0.0,0.0,0.0,0.0,0.0,0.0,0,200000,1,0,0,0,0,0,0,1
30.47501711156742,171.0,11701.0,6.0,22.0,0.0461499017178019,0.16921630629860696,1,800000,1,0,0,0,0,0,0,0
27.704312114989733,61.0,4220.0,17.0,7.0,0.36255924170616116,0.14928909952606634,1,2000000,0,0,0,0,1,0,0,0
20.0684462696783,0.0,0.0,0.0,0.0,0.0,0.0,0,50000,0,1,0,0,1,0,0,0
24.147843942505133,0.0,0.0,0.0,0.0,0.0,0.0,0,25000,0,0,1,0,0,0,1,0
32.035592060232716,0.0,0.0,0.0,0.0,0.0,0.0,0,150000,0,0,1,0,1,0,0,0
29.322381930184804,139.0,6666.0,4.0,11.0,0.05400540054005401,0.1485148514851485,1,1500000,0,0,0,0,0,0,0,0
30.94592744695414,288.0,22578.0,19.0,8.0,0.07573744352909913,0.0318894499069891,1,7000000,1,0,0,0,0,0,1,0
28.358658453114305,0.0,0.0,0.0,0.0,0.0,0.0,0,700000,1,0,0,0,0,0,0,0
26.642026009582477,0.0,0.0,0.0,0.0,0.0,0.0,0,50000,0,1,0,0,0,0,1,0
33.804243668720055,6.0,318.0,0.0,1.0,0.0,0.2830188679245283,1,250000,0,0,1,0,0,0,1,0
30.2943189596167,312.0,21673.0,5.0,17.0,0.02076316153739676,0.07059474922714898,1,18000000,1,0,0,0,1,0,0,0
28.383299110198493,3.0,270.0,0.0,0.0,0.0,0.0,1,50000,1,0,0,0,0,0,0,0
31.66050650239562,193.0,15705.0,7.0,26.0,0.04011461318051576,0.1489971346704871,1,3500000,0,0,1,0,0,0,0,0
29.44284736481862,1.0,90.0,0.0,0.0,0.0,0.0,1,300000,1,0,0,0,0,0,0,0
28.829568788501028,1.0,71.0,0.0,0.0,0.0,0.0,1,250000,0,0,1,0,0,0,0,0
26.527036276522928,1.0,64.0,0.0,0.0,0.0,0.0,1,50000,0,0,0,0,0,0,0,0
29.932922655715263,32.0,2880.0,0.0,0.0,0.0,0.0,1,1500000,0,1,0,0,1,0,0,0
30.38193018480493,213.0,17341.0,2.0,2.0,0.010380024220056513,0.010380024220056513,1,4000000,1,0,0,0,1,0,0,0
37.210130047912386,92.0,8020.0,14.0,13.0,0.1571072319201995,0.14588528678304238,1,150000,0,0,1,0,1,0,0,0
28.711841204654345,154.0,11510.0,2.0,0.0,0.015638575152041704,0.0,1,6500000,1,0,0,0,0,0,1,0
25.349760438056126,30.0,1312.0,0.0,0.0,0.0,0.0,1,400000,1,0,0,0,0,0,1,0
25.817932922655714,0.0,0.0,0.0,0.0,0.0,0.0,0,175000,0,0,0,0,0,0,0,1
28.72826830937714,65.0,4838.0,0.0,2.0,0.0,0.037205456800330716,1,1500000,1,0,0,0,0,0,0,1
30.899383983572896,362.0,20611.0,96.0,28.0,0.4191936344670322,0.12226481005288438,1,7000000,0,0,0,0,0,0,1,0
28.528405201916495,19.0,961.0,2.0,1.0,0.18730489073881376,0.09365244536940688,1,700000,0,0,0,0,0,0,0,0
26.822724161533195,0.0,0.0,0.0,0.0,0.0,0.0,0,100000,0,1,0,0,0,0,0,0
27.32101300479124,17.0,482.0,2.0,3.0,0.37344398340248963,0.5601659751037344,1,2500000,0,0,0,0,0,0,0,0
31.345653661875428,377.0,27733.0,38.0,47.0,0.12331878988930155,0.15252587170518875,1,20000000,1,0,0,0,0,0,0,0
31.266255989048595,97.0,6321.0,5.0,6.0,0.07119126720455624,0.0854295206454675,1,1200000,0,0,1,0,0,0,0,0
27.37303216974675,1.0,15.0,0.0,0.0,0.0,0.0,1,250000,1,0,0,0,0,0,0,0
27.23066392881588,0.0,0.0,0.0,0.0,0.0,0.0,0,25000,0,0,0,0,0,0,0,0
26.316221765913756,0.0,0.0,0.0,0.0,0.0,0.0,0,100000,0,1,0,0,0,0,0,0
27.41409993155373,85.0,6185.0,2.0,3.0,0.029102667744543252,0.043654001616814875,1,500000,1,0,0,0,0,0,0,1
22.713210130047912,8.0,632.0,2.0,1.0,0.2848101265822785,0.14240506329113925,1,350000,0,0,1,0,0,0,0,1
29.190965092402465,283.0,19267.0,14.0,42.0,0.06539679244303732,0.19619037732911196,1,18000000,1,0,0,0,0,0,0,1
28.908966461327857,29.0,800.0,1.0,1.0,0.1125,0.1125,1,600000,0,0,0,0,0,0,0,0
26.625598904859686,18.0,825.0,0.0,3.0,0.0,0.32727272727272727,1,1000000,1,0,0,0,0,0,0,0
25.72210814510609,2.0,127.0,0.0,0.0,0.0,0.0,1,2000000,0,0,1,0,0,0,0,0
25.70841889117043,0.0,0.0,0.0,0.0,0.0,0.0,0,350000,0,0,0,0,0,1,0,0
25.650924024640656,1.0,8.0,0.0,0.0,0.0,0.0,1,500000,0,1,0,0,0,1,0,0
34.351813826146476,126.0,10646.0,5.0,6.0,0.04226939695660342,0.050723276347924104,1,250000,1,0,0,0,1,0,0,0
31.531827515400412,15.0,864.0,0.0,1.0,0.0,0.10416666666666666,1,700000,1,0,0,0,0,1,0,0
27.159479808350444,47.0,1338.0,2.0,4.0,0.13452914798206278,0.26905829596412556,1,500000,0,0,0,0,0,0,0,1
26.713210130047912,7.0,262.0,0.0,1.0,0.0,0.0,1,1000000,1,0,0,0,0,0,1,0
27.43874058863792,0.0,0.0,0.0,0.0,0.0,0.0,0,50000,1,0,0,0,0,0,1,0
33.28678986995209,69.0,4206.0,2.0,3.0,0.042796005706134094,0.06419400855920114,1,800000,1,0,0,0,1,0,0,0
34.00958247775496,26.0,2144.0,1.0,0.0,0.041977611940298504,0.0,1,400000,1,0,0,0,1,0,0,0
26.770704996577688,3.0,14.0,0.0,0.0,0.0,0.0,1,250000,0,0,0,0,0,0,0,1
27.260780287474333,69.0,6058.0,0.0,0.0,0.0,0.0,1,4000000,0,1,0,0,0,0,0,0
29.21013004791239,151.0,12441.0,9.0,6.0,0.06510730648661683,0.04340487099107789,1,5000000,1,0,0,0,1,0,0,0
27.772758384668034,14.0,884.0,0.0,0.0,0.0,0.0,1,800000,1,0,0,0,0,0,0,1
21.492128678986994,0.0,0.0,0.0,0.0,0.0,0.0,0,150000,0,1,0,0,1,0,0,0
26.844626967830255,1.0,91.0,0.0,0.0,0.0,0.0,1,300000,1,0,0,0,0,0,1,0
25.94387405886379,0.0,0.0,0.0,0.0,0.0,0.0,0,75000,0,1,0,0,0,0,0,1
28.06297056810404,16.0,1396.0,0.0,0.0,0.0,0.0,1,1000000,0,1,0,0,0,0,0,0
29.43189596167009,79.0,3720.0,10.0,4.0,0.24193548387096775,0.0967741935483871,1,1700000,0,0,0,0,0,0,0,1
31.263518138261464,280.0,22036.0,49.0,12.0,0.20012706480304956,0.04901070974768561,1,10000000,0,0,1,0,0,1,0,0
28.50924024640657,1.0,78.0,0.0,0.0,0.0,0.0,1,275000,0,0,1,0,0,1,0,0
30.951403148528406,275.0,19405.0,45.0,44.0,0.2087090955939191,0.204071115691832,1,7500000,0,0,0,0,0,0,1,0
32.26283367556468,258.0,19224.0,78.0,35.0,0.36516853932584276,0.16385767790262173,1,3000000,0,0,0,0,1,0,0,0
27.748117727583846,113.0,5777.0,21.0,15.0,0.3271594253072529,0.23368530379089492,1,7000000,0,0,0,0,0,0,0,1
25.21013004791239,1.0,34.0,0.0,0.0,0.0,0.0,1,200000,0,0,0,0,0,0,0,1
27.794661190965094,7.0,413.0,0.0,0.0,0.0,0.0,1,50000,1,0,0,0,1,0,0,0
25.423682409308693,9.0,616.0,0.0,0.0,0.0,0.0,1,600000,0,0,1,0,0,0,0,1
27.4031485284052,61.0,4655.0,1.0,0.0,0.01933404940923738,0.0,1,1000000,1,0,0,0,0,0,0,1
28.5968514715948,89.0,7970.0,0.0,0.0,0.0,0.0,1,8000000,0,1,0,0,0,0,0,1
30.595482546201232,4.0,261.0,0.0,0.0,0.0,0.0,1,500000,0,0,0,0,0,1,0,0
24.815879534565365,0.0,0.0,0.0,0.0,0.0,0.0,0,700000,0,1,0,0,0,0,0,1
30.688569472963724,66.0,5985.0,0.0,1.0,0.0,0.015037593984962407,1,3000000,0,1,0,0,0,0,0,0
27.16495550992471,1.0,19.0,0.0,0.0,0.0,0.0,1,200000,1,0,0,0,0,0,0,0
31.28268309377139,208.0,15851.0,5.0,22.0,0.028389376064601603,0.12491325468424705,1,1200000,1,0,0,0,0,0,1,0
30.45311430527036,3.0,258.0,1.0,1.0,0.0,0.0,1,250000,0,0,0,0,0,0,1,0
26.751540041067763,0.0,0.0,0.0,0.0,0.0,0.0,0,75000,0,0,1,0,0,0,1,0
30.861054072553046,342.0,28268.0,11.0,6.0,0.03502193292769209,0.019102872506013866,1,17000000,1,0,0,0,0,1,0,0
31.1129363449692,353.0,26630.0,39.0,21.0,0.13180623357116034,0.07097258730754788,1,7000000,1,0,0,0,0,0,0,1
22.45037645448323,2.0,180.0,0.0,0.0,0.0,0.0,1,100000,0,0,1,0,0,1,0,0
28.53388090349076,142.0,12692.0,0.0,0.0,0.0,0.0,1,1200000,0,1,0,0,0,0,0,1
28.413415468856947,248.0,13718.0,9.0,19.0,0.059046508237352385,0.12465373961218837,1,3000000,0,0,1,0,0,0,0,0
27.865845311430526,308.0,24703.0,14.0,22.0,0.05100595069424767,0.08015220823381776,1,50000000,1,0,0,0,0,1,0,0
25.399041752224505,1.0,14.0,0.0,0.0,0.0,0.0,1,150000,0,0,1,0,0,0,0,0
27.474332648870636,223.0,11967.0,24.0,18.0,0.18049636500376032,0.13537227375282027,1,1800000,0,0,1,0,0,0,0,0
20.28747433264887,0.0,0.0,0.0,0.0,0.0,0.0,0,100000,1,0,0,0,0,0,0,0
29.82340862422998,6.0,481.0,0.0,0.0,0.0,0.0,1,350000,0,1,0,0,0,1,0,0
26.83915126625599,0.0,0.0,0.0,0.0,0.0,0.0,0,50000,1,0,0,0,0,0,1,0
27.058179329226558,0.0,0.0,0.0,0.0,0.0,0.0,0,75000,0,0,1,0,0,0,1,0
31.241615331964407,316.0,23409.0,8.0,10.0,0.03075740099961553,0.03844675124951941,1,2500000,0,0,1,0,0,0,0,0
27.701574264202602,3.0,270.0,0.0,0.0,0.0,0.0,1,250000,0,1,0,0,0,1,0,0
26.444900752908968,0.0,0.0,0.0,0.0,0.0,0.0,0,150000,0,1,0,0,0,1,0,0
29.032169746748803,0.0,0.0,0.0,0.0,0.0,0.0,0,350000,0,0,1,0,0,0,1,0
27.381245722108144,2.0,180.0,0.0,0.0,0.0,0.0,1,275000,0,0,0,0,0,0,1,0
26.806297056810404,0.0,0.0,0.0,0.0,0.0,0.0,0,75000,0,0,1,0,0,0,1,0
28.75564681724846,269.0,17859.0,6.0,23.0,0.030236855367041827,0.11590794557366034,1,10000000,1,0,0,0,1,0,0,0
20.407939767282684,1.0,13.0,0.0,0.0,0.0,0.0,1,50000,1,0,0,0,0,1,0,0
21.464750171115675,0.0,0.0,0.0,0.0,0.0,0.0,0,50000,1,0,0,0,0,0,1,0
26.24229979466119,2.0,5.0,0.0,0.0,0.0,0.0,1,25000,0,0,0,0,0,0,1,0
18.95687885010267,0.0,0.0,0.0,0.0,0.0,0.0,0,50000,0,0,1,0,0,0,1,0
21.590691307323752,0.0,0.0,0.0,0.0,0.0,0.0,0,50000,1,0,0,0,0,0,1,0
30.236824093086927,13.0,353.0,0.0,0.0,0.0,0.0,1,100000,0,0,1,0,0,0,0,0
29.65366187542779,194.0,17467.0,0.0,1.0,0.0,0.005152573424171294,1,18000000,0,1,0,0,0,1,0,0
22.275154004106778,0.0,0.0,0.0,0.0,0.0,0.0,0,50000,0,0,1,0,0,0,1,0
21.37987679671458,0.0,0.0,0.0,0.0,0.0,0.0,0,50000,1,0,0,0,0,0,1,0
27.195071868583163,3.0,199.0,0.0,0.0,0.0,0.0,1,200000,1,0,0,0,0,0,1,0
26.902121834360027,1.0,29.0,0.0,0.0,0.0,0.0,1,125000,1,0,0,0,0,0,1,0
26.417522245037645,0.0,0.0,0.0,0.0,0.0,0.0,0,200000,0,0,0,0,0,0,1,0
27.17864476386037,0.0,0.0,0.0,0.0,0.0,0.0,0,200000,0,0,1,0,0,0,1,0
26.926762491444215,0.0,0.0,0.0,0.0,0.0,0.0,0,300000,1,0,0,0,0,0,1,0
29.94113620807666,393.0,27252.0,70.0,68.0,0.2311756935270806,0.22457067371202116,1,8000000,0,0,1,0,0,0,1,0
23.247091033538673,0.0,0.0,0.0,0.0,0.0,0.0,0,150000,0,0,0,0,0,0,1,0
20.369609856262834,1.0,22.0,0.0,0.0,0.0,0.0,1,150000,0,1,0,0,1,0,0,0
32.14784394250513,227.0,16576.0,3.0,2.0,0.016288610038610037,0.01085907335907336,1,1200000,1,0,0,0,0,0,0,0
31.477070499657767,329.0,29254.0,0.0,3.0,0.0,0.009229507075955424,1,2500000,0,1,0,0,0,0,0,0
27.140314852840522,138.0,11150.0,2.0,1.0,0.016143497757847534,0.008071748878923767,1,1000000,1,0,0,0,0,0,0,0
33.73579739904175,2.0,53.0,0.0,0.0,0.0,0.0,1,100000,0,0,1,0,0,0,0,0
28.229979466119097,2.0,9.0,0.0,0.0,0.0,0.0,1,300000,1,0,0,0,0,0,0,0
27.041752224503764,1.0,19.0,0.0,0.0,0.0,0.0,1,50000,0,0,0,0,0,0,1,0
19.342915811088297,0.0,0.0,0.0,0.0,0.0,0.0,0,25000,0,1,0,0,0,0,1,0
32.26557152635181,239.0,17305.0,7.0,13.0,0.036405663103149376,0.06761051719156314,1,1000000,1,0,0,0,0,0,1,0
29.023956194387406,3.0,64.0,1.0,0.0,0.0,0.0,1,400000,0,0,0,0,0,0,0,0
25.809719370294317,0.0,0.0,0.0,0.0,0.0,0.0,0,2500000,0,0,1,0,0,1,0,0
23.42778918548939,0.0,0.0,0.0,0.0,0.0,0.0,0,25000,0,0,1,0,0,0,1,0
25.05133470225873,0.0,0.0,0.0,0.0,0.0,0.0,0,100000,0,0,1,0,0,0,0,0
27.364818617385353,1.0,15.0,0.0,0.0,0.0,0.0,1,200000,0,0,1,0,0,0,1,0
27.515400410677618,0.0,0.0,0.0,0.0,0.0,0.0,0,10000,0,0,1,0,0,0,1,0
31.003422313483917,0.0,0.0,0.0,0.0,0.0,0.0,0,250000,1,0,0,0,0,0,0,0
27.249828884325805,1.0,90.0,0.0,0.0,0.0,0.0,1,250000,1,0,0,0,0,0,1,0
27.416837782340863,25.0,1913.0,0.0,0.0,0.0,0.0,1,1000000,1,0,0,0,0,0,1,0
28.31211498973306,85.0,7381.0,6.0,1.0,0.07316081831730117,0.012193469719550197,1,2500000,1,0,0,0,0,1,0,0
26.297056810403834,3.0,182.0,0.0,0.0,0.0,0.0,1,300000,0,0,0,0,0,1,0,0
27.04722792607803,1.0,6.0,0.0,0.0,0.0,0.0,1,50000,0,0,0,0,0,0,1,0
26.340862422997947,0.0,0.0,0.0,0.0,0.0,0.0,0,75000,0,0,1,0,0,0,1,0
28.695414099931554,186.0,9690.0,3.0,1.0,0.027863777089783284,0.009287925696594427,1,500000,0,0,1,0,1,0,0,0
27.65776865160849,1.0,1.0,0.0,0.0,0.0,0.0,1,200000,1,0,0,0,0,0,1,0
24.358658453114305,4.0,368.0,0.0,0.0,0.0,0.0,1,100000,1,0,0,0,0,0,1,0
27.345653661875428,0.0,0.0,0.0,0.0,0.0,0.0,0,275000,1,0,0,0,0,0,1,0
20.684462696783026,0.0,0.0,0.0,0.0,0.0,0.0,0,25000,0,0,1,0,0,0,1,0
26.11088295687885,2.0,16.0,0.0,0.0,0.0,0.0,1,300000,0,0,0,0,0,0,1,0
21.44558521560575,0.0,0.0,0.0,0.0,0.0,0.0,0,50000,0,1,0,0,0,0,1,0
26.90485968514716,0.0,0.0,0.0,0.0,0.0,0.0,0,150000,0,0,0,0,0,0,1,0
27.26899383983573,20.0,1199.0,2.0,1.0,0.1501251042535446,0.0750625521267723,1,500000,0,0,1,0,0,0,1,0
28.303901437371664,1.0,90.0,0.0,0.0,0.0,0.0,1,275000,0,0,1,0,0,0,1,0
27.994524298425734,0.0,0.0,0.0,0.0,0.0,0.0,0,10000,1,0,0,0,0,0,1,0
28.292950034223136,0.0,0.0,0.0,0.0,0.0,0.0,0,75000,0,0,1,0,0,0,1,0
27.159479808350444,0.0,0.0,0.0,0.0,0.0,0.0,0,250000,0,0,1,0,0,0,1,0
26.836413415468858,0.0,0.0,0.0,0.0,0.0,0.0,0,300000,0,0,1,0,0,0,1,0
26.55715263518138,18.0,549.0,0.0,1.0,0.0,0.16393442622950818,1,600000,0,0,1,0,0,0,1,0
23.5564681724846,0.0,0.0,0.0,0.0,0.0,0.0,0,25000,1,0,0,0,0,0,1,0
25.911019849418206,0.0,0.0,0.0,0.0,0.0,0.0,0,75000,0,0,0,0,0,0,1,0
27.34839151266256,0.0,0.0,0.0,0.0,0.0,0.0,0,25000,0,0,1,0,0,0,1,0
23.225188227241617,0.0,0.0,0.0,0.0,0.0,0.0,0,50000,0,0,0,0,0,0,1,0
23.745379876796715,0.0,0.0,0.0,0.0,0.0,0.0,0,50000,0,0,1,0,0,0,1,0
27.17864476386037,3.0,186.0,0.0,0.0,0.0,0.0,1,1600000,0,0,1,0,0,0,1,0
25.71937029431896,3.0,234.0,0.0,0.0,0.0,0.0,1,75000,0,1,0,0,0,0,1,0
26.88021902806297,18.0,861.0,0.0,0.0,0.0,0.0,1,1000000,0,0,1,0,0,0,1,0
27.266255989048595,45.0,2066.0,3.0,3.0,0.13068731848983545,0.13068731848983545,1,1100000,0,0,0,0,0,0,1,0
25.065023956194388,1.0,66.0,0.0,1.0,0.0,0.0,1,50000,0,0,0,0,0,0,1,0
29.71663244353183,105.0,4859.0,10.0,6.0,0.18522329697468615,0.11113397818481169,1,1500000,0,0,0,0,0,0,0,1
26.93223819301848,1.0,16.0,0.0,0.0,0.0,0.0,1,25000,1,0,0,0,0,0,1,0
28.416153319644078,342.0,22944.0,59.0,44.0,0.23143305439330547,0.17259414225941422,1,10000000,0,0,1,0,1,0,0,0
29.045859000684462,384.0,24067.0,117.0,106.0,0.43752856608634233,0.3963934017534383,1,100000000,0,0,0,0,1,0,0,0
29.130732375085557,283.0,16973.0,47.0,37.0,0.2492193483768338,0.19619395510516704,1,1800000,0,0,1,0,0,0,0,0
33.648186173853524,256.0,15111.0,22.0,26.0,0.13103037522334723,0.15485407980941035,1,1000000,0,0,0,0,0,0,0,0
29.754962354551676,4.0,208.0,0.0,1.0,0.0,0.0,1,750000,0,0,1,0,0,1,0,0
28.88158795345654,104.0,6431.0,22.0,11.0,0.3078836883843881,0.15394184419219406,1,4000000,0,0,0,0,0,0,0,1
28.33949349760438,1.0,10.0,0.0,0.0,0.0,0.0,1,100000,1,0,0,0,0,0,0,0
23.42778918548939,1.0,45.0,0.0,0.0,0.0,0.0,1,200000,0,1,0,0,0,0,0,0
24.83230663928816,0.0,0.0,0.0,0.0,0.0,0.0,0,150000,0,1,0,0,0,0,0,0
29.73305954825462,190.0,12190.0,5.0,11.0,0.036915504511895,0.081214109926169,1,800000,1,0,0,0,0,0,0,1
30.198494182067076,0.0,0.0,0.0,0.0,0.0,0.0,0,200000,0,0,1,0,0,0,0,0
30.11088295687885,5.0,187.0,0.0,0.0,0.0,0.0,1,250000,1,0,0,0,0,0,0,0
27.145790554414784,8.0,375.0,0.0,0.0,0.0,0.0,1,400000,1,0,0,0,0,0,1,0
27.38672142368241,65.0,2519.0,11.0,7.0,0.3930131004366812,0.25009924573243353,1,1700000,0,0,1,0,1,0,0,0
27.50171115674196,21.0,1025.0,1.0,3.0,0.08780487804878048,0.2634146341463415,1,650000,0,0,0,0,0,0,1,0
26.87748117727584,0.0,0.0,0.0,0.0,0.0,0.0,0,100000,1,0,0,0,0,0,1,0
27.15400410677618,4.0,367.0,1.0,0.0,0.24523160762942778,0.0,1,300000,0,0,0,0,0,0,1,0
27.43600273785079,0.0,0.0,0.0,0.0,0.0,0.0,0,50000,0,0,1,0,0,0,1,0
27.279945242984258,4.0,41.0,0.0,0.0,0.0,0.0,1,250000,0,0,1,0,0,0,1,0
30.305270362765228,121.0,7391.0,8.0,16.0,0.09741577594371532,0.19483155188743065,1,1200000,0,0,0,0,0,0,0,1
22.940451745379878,0.0,0.0,0.0,0.0,0.0,0.0,0,75000,1,0,0,0,1,0,0,0
29.29226557152635,43.0,2630.0,0.0,0.0,0.0,0.0,1,50000,1,0,0,0,1,0,0,0
28.279260780287473,108.0,3885.0,11.0,6.0,0.2548262548262548,0.138996138996139,1,800000,0,0,0,0,0,0,0,0
29.83436002737851,246.0,16474.0,1.0,13.0,0.005463154060944518,0.07102100279227874,1,3000000,1,0,0,0,0,0,0,0
31.266255989048595,140.0,7743.0,8.0,6.0,0.09298721425803952,0.06974041069352964,1,1800000,0,0,1,0,0,0,0,0
28.98836413415469,22.0,897.0,0.0,1.0,0.0,0.10033444816053512,1,600000,0,0,0,0,0,0,0,0
28.670773442847366,33.0,1659.0,3.0,6.0,0.162748643761302,0.325497287522604,1,600000,0,0,1,0,0,0,0,0
28.175222450376456,8.0,395.0,0.0,0.0,0.0,0.0,1,200000,0,0,1,0,0,0,0,0
31.679671457905545,178.0,13722.0,14.0,2.0,0.09182334936598163,0.013117621337997376,1,2500000,1,0,0,0,0,0,1,0
28.205338809034906,172.0,11159.0,8.0,11.0,0.06452191056546286,0.08871762702751143,1,9000000,0,0,1,0,1,0,0,0
29.54688569472964,278.0,19919.0,47.0,22.0,0.21236005823585521,0.09940258045082584,1,14000000,0,0,1,0,0,0,0,1
27.520876112251884,1.0,90.0,1.0,0.0,0.0,0.0,1,200000,0,0,1,0,0,1,0,0
27.66324435318275,19.0,402.0,0.0,0.0,0.0,0.0,1,800000,0,0,0,0,0,1,0,0
32.23271731690623,205.0,14425.0,7.0,8.0,0.04367417677642981,0.04991334488734836,1,3000000,1,0,0,0,0,0,1,0
26.17385352498289,0.0,0.0,0.0,0.0,0.0,0.0,0,50000,0,1,0,0,0,0,1,0
30.680355920602327,277.0,22186.0,22.0,15.0,0.08924547011628954,0.060849184170197426,1,8000000,0,0,1,0,0,0,0,0
26.365503080082135,0.0,0.0,0.0,0.0,0.0,0.0,0,200000,0,1,0,0,0,0,0,0
23.247091033538673,0.0,0.0,0.0,0.0,0.0,0.0,0,75000,0,1,0,0,0,0,1,0
21.248459958932237,0.0,0.0,0.0,0.0,0.0,0.0,0,50000,1,0,0,0,0,0,1,0
19.01163586584531,0.0,0.0,0.0,0.0,0.0,0.0,0,25000,1,0,0,0,0,0,1,0
27.236139630390145,0.0,0.0,0.0,0.0,0.0,0.0,0,75000,0,0,1,0,0,0,1,0
28.673511293634498,80.0,4456.0,2.0,4.0,0.04039497307001796,0.08078994614003591,1,1400000,0,0,1,0,0,0,0,0
30.973305954825463,254.0,22837.0,0.0,1.0,0.0,0.003940972982440776,1,8000000,0,1,0,0,0,0,1,0
21.973990417522245,4.0,234.0,0.0,0.0,0.0,0.0,1,50000,0,0,1,0,1,0,0,0
26.836413415468858,10.0,900.0,0.0,0.0,0.0,0.0,1,2000000,0,1,0,0,1,0,0,0
29.60438056125941,94.0,3690.0,14.0,1.0,0.34146341463414637,0.024390243902439025,1,3500000,0,0,0,0,1,0,0,0
28.046543463381244,12.0,272.0,0.0,1.0,0.0,0.33088235294117646,1,250000,1,0,0,0,1,0,0,0
20.251882272416154,0.0,0.0,0.0,0.0,0.0,0.0,0,150000,1,0,0,0,1,0,0,0
18.622861054072555,1.0,2.0,0.0,0.0,0.0,0.0,1,50000,0,0,0,0,1,0,0,0
31.04722792607803,363.0,29193.0,36.0,19.0,0.11098551022505394,0.05857568595211181,1,5000000,0,0,1,0,0,0,0,1
28.399726214921287,133.0,7258.0,6.0,11.0,0.0744006613392119,0.13640121245522183,1,1000000,0,0,0,0,1,0,0,0
28.216290212183434,1.0,5.0,0.0,0.0,0.0,0.0,1,400000,1,0,0,0,1,0,0,0
27.10198494182067,0.0,0.0,0.0,0.0,0.0,0.0,0,1000000,0,0,1,0,1,0,0,0
28.772073921971252,1.0,14.0,0.0,0.0,0.0,0.0,1,150000,0,0,0,0,1,0,0,0
22.94318959616701,0.0,0.0,0.0,0.0,0.0,0.0,0,150000,0,0,1,0,0,0,1,0
26.99794661190965,0.0,0.0,0.0,0.0,0.0,0.0,0,100000,0,0,1,0,0,0,1,0
27.43874058863792,0.0,0.0,0.0,0.0,0.0,0.0,0,150000,1,0,0,0,0,0,1,0
25.697467488021903,10.0,475.0,0.0,0.0,0.0,0.0,1,350000,1,0,0,0,0,0,1,0
23.734428473648187,0.0,0.0,0.0,0.0,0.0,0.0,0,100000,1,0,0,0,0,0,1,0
25.284052019164957,55.0,3580.0,3.0,2.0,0.07541899441340782,0.05027932960893854,1,1000000,0,0,1,0,1,0,0,0
27.62217659137577,3.0,186.0,0.0,1.0,0.0,0.0,1,125000,0,0,1,0,0,0,1,0
22.05886379192334,1.0,13.0,0.0,0.0,0.0,0.0,1,250000,0,0,1,0,1,0,0,0
24.202600958247775,0.0,0.0,0.0,0.0,0.0,0.0,0,75000,0,0,1,0,0,0,1,0
23.195071868583163,3.0,238.0,1.0,0.0,0.0,0.0,1,300000,0,0,0,0,0,1,0,0
28.490075290896645,283.0,19259.0,9.0,23.0,0.042058258476556414,0.10748221610675529,1,5000000,0,0,1,0,1,0,0,0
21.462012320328544,3.0,106.0,0.0,0.0,0.0,0.0,1,250000,0,0,0,0,1,0,0,0
26.31895961670089,1.0,1.0,0.0,0.0,0.0,0.0,1,50000,0,0,1,0,0,0,1,0
28.04928131416838,1.0,25.0,0.0,0.0,0.0,0.0,1,250000,1,0,0,0,1,0,0,0
26.491444216290212,0.0,0.0,0.0,0.0,0.0,0.0,0,250000,1,0,0,0,0,0,0,0
21.637234770704996,0.0,0.0,0.0,0.0,0.0,0.0,0,150000,0,0,1,0,1,0,0,0
26.50239561943874,9.0,625.0,0.0,1.0,0.0,0.14400000000000002,1,150000,0,0,0,0,1,0,0,0
32.616016427104725,129.0,10740.0,7.0,1.0,0.058659217877094966,0.008379888268156424,1,200000,1,0,0,0,1,0,0,0
30.23134839151266,294.0,25226.0,11.0,8.0,0.03924522318243082,0.02854198049631333,1,15000000,1,0,0,0,1,0,0,0
30.78986995208761,152.0,9141.0,14.0,33.0,0.13784049885132918,0.3249097472924188,1,2500000,0,0,0,0,0,0,0,1
27.737166324435318,12.0,497.0,3.0,1.0,0.5432595573440644,0.18108651911468815,1,300000,0,0,0,0,0,0,0,0
27.312799452429843,0.0,0.0,0.0,0.0,0.0,0.0,0,75000,0,1,0,0,0,0,1,0
26.064339493497606,0.0,0.0,0.0,0.0,0.0,0.0,0,150000,0,1,0,0,0,0,1,0
24.908966461327857,0.0,0.0,0.0,0.0,0.0,0.0,0,200000,0,1,0,0,0,0,0,1
26.245037645448324,2.0,26.0,0.0,0.0,0.0,0.0,1,100000,1,0,0,0,0,0,1,0
21.09514031485284,0.0,0.0,0.0,0.0,0.0,0.0,0,25000,1,0,0,0,0,0,1,0
26.811772758384667,15.0,450.0,1.0,0.0,0.2,0.0,1,600000,0,0,1,0,0,0,1,0
24.15605749486653,0.0,0.0,0.0,0.0,0.0,0.0,0,50000,1,0,0,0,0,0,1,0
30.99247091033539,282.0,21820.0,8.0,18.0,0.032997250229147575,0.07424381301558204,1,4000000,1,0,0,0,0,0,0,0
28.136892539356605,112.0,3354.0,10.0,5.0,0.2683363148479428,0.1341681574239714,1,350000,0,0,0,0,0,0,0,1
25.71937029431896,6.0,294.0,0.0,0.0,0.0,0.0,1,175000,0,0,1,0,0,0,1,0
25.946611909650922,0.0,0.0,0.0,0.0,0.0,0.0,0,300000,0,0,0,0,0,0,1,0
26.255989048596852,0.0,0.0,0.0,0.0,0.0,0.0,0,75000,0,0,1,0,0,0,1,0
30.989733059548254,6.0,133.0,0.0,0.0,0.0,0.0,1,700000,0,0,0,0,0,1,0,0
28.21902806297057,1.0,4.0,0.0,0.0,0.0,0.0,1,100000,1,0,0,0,0,0,1,0
30.351813826146476,173.0,8616.0,30.0,14.0,0.31337047353760444,0.14623955431754873,1,6000000,0,0,0,0,0,1,0,0
26.861054072553046,1.0,62.0,0.0,0.0,0.0,0.0,1,200000,0,0,1,0,0,0,1,0
26.253251197809718,2.0,63.0,0.0,0.0,0.0,0.0,1,275000,0,0,1,0,0,0,1,0
26.639288158795345,0.0,0.0,0.0,0.0,0.0,0.0,0,50000,1,0,0,0,0,0,0,1
29.37987679671458,66.0,5771.0,4.0,3.0,0.062380869866574255,0.04678565239993069,1,5000000,1,0,0,0,0,0,0,1
25.16084873374401,105.0,8841.0,4.0,0.0,0.04071937563624024,0.0,1,2800000,1,0,0,0,0,0,1,0
28.161533196440793,243.0,21228.0,9.0,5.0,0.03815715093273036,0.0211984171848502,1,10000000,1,0,0,0,1,0,0,0
27.737166324435318,32.0,1817.0,0.0,1.0,0.0,0.04953219592735278,1,250000,0,0,1,0,1,0,0,0
27.471594798083505,231.0,13429.0,36.0,24.0,0.24126889567354232,0.16084593044902823,1,2500000,0,0,0,0,0,0,0,0
28.36413415468857,155.0,10681.0,4.0,35.0,0.03370470929688231,0.29491620634772026,1,3000000,1,0,0,0,0,1,0,0
28.648870636550306,303.0,23164.0,58.0,42.0,0.22534968053876706,0.16318425142462442,1,10000000,0,0,1,0,0,0,1,0
25.908281998631075,17.0,1560.0,0.0,1.0,0.0,0.057692307692307696,1,2000000,0,1,0,0,0,1,0,0
27.704312114989733,212.0,7958.0,19.0,14.0,0.21487811007790902,0.15833123900477508,1,4000000,0,0,0,0,0,1,0,0
25.489390828199863,0.0,0.0,0.0,0.0,0.0,0.0,0,250000,0,0,1,0,0,0,0,0
28.079397672826833,247.0,14727.0,54.0,55.0,0.3300061112242819,0.3361173355062131,1,60000000,0,0,1,0,0,0,0,0
28.27378507871321,25.0,1496.0,0.0,1.0,0.0,0.06016042780748663,1,1800000,0,0,1,0,0,0,0,0
27.928815879534564,17.0,1452.0,0.0,0.0,0.0,0.0,1,200000,1,0,0,0,0,1,0,0
24.76933607118412,0.0,0.0,0.0,0.0,0.0,0.0,0,250000,1,0,0,0,0,1,0,0
28.39151266255989,100.0,7429.0,5.0,5.0,0.06057342845605061,0.06057342845605061,1,2500000,0,0,1,0,1,0,0,0
29.52498288843258,275.0,19570.0,66.0,67.0,0.3035258048032703,0.30812468063362286,1,20000000,0,0,1,0,0,1,0,0
30.209445585215605,19.0,1114.0,4.0,0.0,0.32315978456014366,0.0,1,2500000,0,0,0,0,0,0,0,0
27.156741957563312,0.0,0.0,0.0,0.0,0.0,0.0,0,250000,0,0,0,0,0,0,0,1
27.3347022587269,11.0,611.0,0.0,0.0,0.0,0.0,1,275000,1,0,0,0,1,0,0,0
28.725530458590008,97.0,4374.0,8.0,8.0,0.1646090534979424,0.1646090534979424,1,1000000,0,0,1,0,0,0,0,1
25.234770704996578,35.0,1674.0,0.0,1.0,0.0,0.05376344086021505,1,1500000,0,0,1,0,0,0,0,0
28.700889801505816,0.0,0.0,0.0,0.0,0.0,0.0,0,200000,0,1,0,0,0,1,0,0
25.100616016427104,0.0,0.0,0.0,0.0,0.0,0.0,0,100000,1,0,0,0,0,0,0,0
28.80766598220397,246.0,13177.0,63.0,22.0,0.43029521135311527,0.15026181983759582,1,8000000,0,0,0,0,0,1,0,0
28.410677618069816,206.0,10019.0,16.0,27.0,0.14372691885417704,0.2425391755664238,1,2500000,0,0,0,0,0,0,1,0
27.370294318959616,0.0,0.0,0.0,0.0,0.0,0.0,0,75000,0,0,0,0,1,0,0,0
25.790554414784395,50.0,2398.0,1.0,3.0,0.03753127606338615,0.11259382819015847,1,3000000,0,0,1,0,0,0,0,0
30.60917180013689,231.0,18630.0,5.0,34.0,0.024154589371980676,0.1642512077294686,1,3000000,1,0,0,0,0,0,0,1
23.54277891854894,3.0,185.0,0.0,1.0,0.0,0.0,1,100000,1,0,0,0,0,1,0,0
26.38740588637919,0.0,0.0,0.0,0.0,0.0,0.0,0,350000,0,1,0,0,0,0,1,0
27.370294318959616,1.0,90.0,0.0,0.0,0.0,0.0,1,450000,1,0,0,0,0,0,0,1
25.8507871321013,0.0,0.0,0.0,0.0,0.0,0.0,0,50000,0,1,0,0,0,0,1,0
24.687200547570157,3.0,13.0,0.0,0.0,0.0,0.0,1,100000,1,0,0,0,0,0,0,1
24.451745379876797,0.0,0.0,0.0,0.0,0.0,0.0,0,25000,1,0,0,0,0,0,0,1
26.5160848733744,50.0,3946.0,4.0,0.0,0.0912316269640142,0.0,1,400000,1,0,0,0,1,0,0,0
24.28473648186174,0.0,0.0,0.0,0.0,0.0,0.0,0,25000,0,0,1,0,0,0,0,1
24.788501026694046,35.0,1994.0,0.0,1.0,0.0,0.04513540621865597,1,1500000,1,0,0,0,0,0,0,1
26.94592744695414,200.0,11749.0,10.0,16.0,0.07660226402247,0.122563622435952,1,2000000,0,0,1,0,0,0,0,1
29.4072553045859,165.0,10419.0,1.0,9.0,0.008638065073423552,0.07774258566081198,1,900000,1,0,0,0,1,0,0,0
26.910335386721425,27.0,2430.0,0.0,0.0,0.0,0.0,1,500000,0,1,0,0,0,0,0,1
24.772073921971252,0.0,0.0,0.0,0.0,0.0,0.0,0,500000,0,0,0,0,0,0,0,1
29.6290212183436,1.0,45.0,0.0,0.0,0.0,0.0,1,2000000,0,1,0,0,0,1,0,0
24.752908966461327,0.0,0.0,0.0,0.0,0.0,0.0,0,50000,1,0,0,0,0,0,0,1
33.36892539356605,313.0,28124.0,0.0,0.0,0.0,0.0,1,4000000,0,1,0,0,0,1,0,0
25.828884325804243,80.0,2871.0,12.0,1.0,0.3761755485893417,0.031347962382445145,1,1500000,0,0,0,0,0,0,0,1
27.096509240246405,3.0,31.0,0.0,1.0,0.0,0.0,1,3200000,0,0,1,0,0,1,0,0
24.383299110198493,53.0,2444.0,2.0,3.0,0.07364975450081833,0.1104746317512275,1,3000000,0,0,0,0,0,1,0,0
26.431211498973305,0.0,0.0,0.0,0.0,0.0,0.0,0,125000,0,0,0,0,0,0,1,0
34.34360027378508,359.0,29654.0,8.0,33.0,0.024280029675591824,0.10015512241181629,1,1500000,1,0,0,0,1,0,0,0
28.906228610540726,78.0,6853.0,0.0,0.0,0.0,0.0,1,900000,0,1,0,0,0,0,0,0
18.806297056810404,0.0,0.0,0.0,0.0,0.0,0.0,0,100000,0,0,1,0,0,0,0,1
28.61327857631759,82.0,6352.0,3.0,0.0,0.04250629722921914,0.0,1,18000000,1,0,0,0,0,1,0,0
27.107460643394933,116.0,5095.0,11.0,16.0,0.1943081452404318,0.2826300294406281,1,4000000,0,0,0,0,0,1,0,0
24.804928131416837,0.0,0.0,0.0,0.0,0.0,0.0,0,25000,0,1,0,0,0,0,1,0
25.828884325804243,0.0,0.0,0.0,0.0,0.0,0.0,0,1000000,0,0,1,0,0,0,1,0
26.68309377138946,185.0,7462.0,21.0,11.0,0.25328330206378985,0.13267220584293754,1,3500000,0,0,1,0,0,0,0,1
25.44558521560575,1.0,90.0,0.0,0.0,0.0,0.0,1,550000,0,0,1,0,0,0,1,0
22.746064339493497,0.0,0.0,0.0,0.0,0.0,0.0,0,10000,0,0,1,0,0,0,1,0
26.195756331279945,76.0,5069.0,0.0,8.0,0.0,0.14203985006904715,1,2500000,1,0,0,0,0,0,1,0
25.32511978097194,0.0,0.0,0.0,0.0,0.0,0.0,0,300000,1,0,0,0,0,0,1,0
25.04312114989733,7.0,190.0,0.0,0.0,0.0,0.0,1,100000,0,0,1,0,0,0,1,0
23.364818617385353,0.0,0.0,0.0,0.0,0.0,0.0,0,50000,1,0,0,0,0,0,1,0
25.412731006160165,0.0,0.0,0.0,0.0,0.0,0.0,0,25000,0,0,0,0,0,0,1,0
26.639288158795345,7.0,530.0,0.0,0.0,0.0,0.0,1,100000,1,0,0,0,0,0,1,0
27.11567419575633,24.0,1982.0,1.0,1.0,0.045408678102926335,0.045408678102926335,1,6000000,1,0,0,0,0,1,0,0
27.38945927446954,0.0,0.0,0.0,0.0,0.0,0.0,0,50000,0,1,0,0,0,0,0,0
29.815195071868583,132.0,11743.0,0.0,0.0,0.0,0.0,1,6000000,0,1,0,0,0,0,0,0
27.548254620123203,0.0,0.0,0.0,0.0,0.0,0.0,0,250000,0,0,0,0,0,1,0,0
26.209445585215605,5.0,434.0,0.0,0.0,0.0,0.0,1,275000,0,0,1,0,0,1,0,0
25.456536618754278,5.0,207.0,0.0,0.0,0.0,0.0,1,150000,0,0,1,0,0,0,0,0
29.49760438056126,136.0,7293.0,18.0,11.0,0.2221308103661045,0.13574660633484165,1,2500000,0,0,0,0,0,0,0,0
29.177275838466805,177.0,6297.0,13.0,16.0,0.18580276322058123,0.2286803239637923,1,1500000,0,0,0,0,0,0,0,0
28.331279945242983,112.0,8362.0,5.0,1.0,0.053814876823726376,0.010762975364745277,1,2500000,1,0,0,0,0,0,0,0
30.310746064339494,202.0,17876.0,9.0,1.0,0.045312150369210116,0.005034683374356679,1,10000000,1,0,0,0,0,0,0,0
28.687200547570157,5.0,429.0,2.0,0.0,0.4195804195804196,0.0,1,150000,1,0,0,0,0,0,0,0
28.175222450376456,32.0,2767.0,0.0,6.0,0.0,0.19515720997470185,1,5000000,1,0,0,0,0,0,0,1
25.234770704996578,16.0,592.0,1.0,0.0,0.15202702702702703,0.0,1,250000,0,0,0,0,0,0,0,0
26.913073237508556,14.0,1320.0,0.0,0.0,0.0,0.0,1,600000,0,1,0,0,0,0,0,0
28.33675564681725,134.0,5752.0,7.0,9.0,0.10952712100139082,0.14082058414464532,1,1300000,0,0,1,0,0,0,1,0
28.791238877481177,274.0,18174.0,11.0,22.0,0.05447342357213601,0.10894684714427202,1,1500000,1,0,0,0,1,0,0,0
29.166324435318277,307.0,17006.0,84.0,21.0,0.44454898271198395,0.11113724567799599,1,6000000,0,0,0,0,0,0,0,0
26.091718001368925,96.0,3839.0,7.0,8.0,0.16410523573847358,0.18754884084396978,1,1000000,0,0,0,0,0,0,0,0
19.121149897330596,0.0,0.0,0.0,0.0,0.0,0.0,0,75000,1,0,0,0,0,0,0,1
28.17248459958932,8.0,750.0,0.0,0.0,0.0,0.0,1,300000,0,1,0,0,0,0,0,0
23.849418206707735,0.0,0.0,0.0,0.0,0.0,0.0,0,50000,0,0,1,0,0,0,1,0
33.158110882956876,320.0,18452.0,12.0,15.0,0.05853024062432257,0.07316280078040321,1,1200000,0,0,1,0,0,0,0,0
24.12046543463381,12.0,224.0,0.0,0.0,0.0,0.0,1,800000,0,0,0,0,0,0,0,1
26.885694729637233,121.0,6642.0,7.0,11.0,0.0948509485094851,0.14905149051490515,1,1800000,0,0,0,0,0,0,1,0
22.49965776865161,0.0,0.0,0.0,0.0,0.0,0.0,0,50000,0,1,0,0,0,0,0,1
26.34633812457221,0.0,0.0,0.0,0.0,0.0,0.0,0,750000,0,0,1,0,0,0,1,0
25.905544147843944,66.0,3643.0,5.0,3.0,0.12352456766401317,0.0741147405984079,1,700000,0,0,1,0,0,0,1,0
25.763175906913073,7.0,154.0,0.0,0.0,0.0,0.0,1,550000,0,0,0,0,0,0,1,0
28.83778234086242,155.0,13808.0,0.0,1.0,0.0,0.006517960602549246,1,10000000,0,1,0,0,0,0,1,0
25.467488021902806,0.0,0.0,0.0,0.0,0.0,0.0,0,100000,1,0,0,0,0,0,1,0
28.306639288158795,8.0,720.0,0.0,0.0,0.0,0.0,1,400000,0,1,0,0,0,0,1,0
24.136892539356605,1.0,16.0,0.0,0.0,0.0,0.0,1,25000,0,0,0,0,0,0,0,0
28.867898699520875,4.0,57.0,0.0,1.0,0.0,0.0,1,250000,0,0,0,0,1,0,0,0
29.297741273100616,197.0,11690.0,28.0,22.0,0.2155688622754491,0.16937553464499572,1,2000000,0,0,1,0,0,0,0,1
20.906228610540726,0.0,0.0,0.0,0.0,0.0,0.0,0,150000,0,1,0,0,1,0,0,0
28.930869267624914,232.0,10544.0,55.0,16.0,0.46946130500758726,0.13657056145675267,1,7500000,0,0,0,0,0,0,0,0
25.215605749486652,0.0,0.0,0.0,0.0,0.0,0.0,0,75000,0,0,0,0,0,0,1,0
20.05475701574264,0.0,0.0,0.0,0.0,0.0,0.0,0,50000,1,0,0,0,0,0,1,0
25.34154688569473,0.0,0.0,0.0,0.0,0.0,0.0,0,250000,0,0,1,0,0,0,1,0
25.43463381245722,0.0,0.0,0.0,0.0,0.0,0.0,0,125000,0,0,0,0,1,0,0,0
26.198494182067076,0.0,0.0,0.0,0.0,0.0,0.0,0,10000,0,0,1,0,0,0,1,0
28.813141683778234,147.0,9164.0,13.0,10.0,0.1276735050196421,0.09821038847664776,1,750000,0,0,1,0,0,0,1,0
25.204654346338124,0.0,0.0,0.0,0.0,0.0,0.0,0,50000,0,0,0,0,0,0,1,0
24.67624914442163,2.0,174.0,0.0,0.0,0.0,0.0,1,150000,1,0,0,0,0,0,1,0
28.28473648186174,245.0,19010.0,9.0,8.0,0.042609153077327724,0.03787480273540242,1,15000000,1,0,0,0,0,0,0,1
28.725530458590008,6.0,417.0,0.0,0.0,0.0,0.0,1,200000,0,1,0,0,0,0,0,0
28.44079397672827,240.0,19534.0,9.0,7.0,0.04146616156445172,0.032251458994573566,1,17000000,1,0,0,0,0,0,1,0
28.673511293634498,289.0,17933.0,65.0,38.0,0.3262142419004071,0.1907098644956226,1,15000000,0,0,0,0,0,0,0,0
22.302532511978097,2.0,135.0,0.0,0.0,0.0,0.0,1,150000,1,0,0,0,1,0,0,0
29.831622176591377,1.0,6.0,0.0,0.0,0.0,0.0,1,300000,0,0,0,0,1,0,0,0
27.61122518822724,1.0,10.0,0.0,0.0,0.0,0.0,1,250000,0,0,1,0,0,0,0,1
20.993839835728952,6.0,188.0,2.0,0.0,0.0,0.0,1,300000,0,0,0,0,1,0,0,0
29.021218343600275,154.0,13803.0,0.0,1.0,0.0,0.006520321669202348,1,9000000,0,1,0,0,0,0,0,0
28.451745379876797,11.0,1005.0,0.0,0.0,0.0,0.0,1,800000,0,1,0,0,0,0,1,0
26.89390828199863,11.0,137.0,0.0,0.0,0.0,0.0,1,150000,0,0,0,0,0,0,0,0
27.50444900752909,10.0,476.0,0.0,0.0,0.0,0.0,1,500000,0,0,1,0,0,1,0,0
22.3709787816564,0.0,0.0,0.0,0.0,0.0,0.0,0,25000,0,1,0,0,0,0,1,0
25.853524982888434,0.0,0.0,0.0,0.0,0.0,0.0,0,75000,0,0,1,0,0,0,1,0
28.95277207392197,213.0,13199.0,51.0,25.0,0.3477536176983105,0.17046745965603455,1,12000000,0,0,0,0,0,0,1,0
28.139630390143736,25.0,991.0,2.0,0.0,0.18163471241170534,0.0,1,250000,0,0,0,0,0,0,0,0
27.293634496919918,1.0,4.0,0.0,0.0,0.0,0.0,1,200000,0,0,1,0,0,0,0,0
29.215605749486652,302.0,20132.0,76.0,25.0,0.3397575998410491,0.11176236836876614,1,22000000,0,0,0,0,0,1,0,0
23.33744010951403,1.0,1.0,0.0,0.0,0.0,0.0,1,100000,1,0,0,0,1,0,0,0
33.440109514031484,31.0,1766.0,1.0,5.0,0.05096262740656852,0.2548131370328426,1,500000,0,0,1,0,1,0,0,0
26.899383983572896,82.0,5290.0,13.0,10.0,0.22117202268431,0.17013232514177695,1,1000000,0,0,0,0,1,0,0,0
36.94729637234771,2.0,180.0,0.0,0.0,0.0,0.0,1,150000,0,1,0,0,0,0,1,0
29.880903490759753,47.0,1725.0,5.0,3.0,0.2608695652173913,0.1565217391304348,1,1200000,0,0,0,0,0,0,0,1
26.688569472963724,0.0,0.0,0.0,0.0,0.0,0.0,0,3500000,1,0,0,0,0,1,0,0
27.227926078028748,106.0,6589.0,2.0,1.0,0.02731825770223099,0.013659128851115495,1,1500000,0,0,1,0,0,0,0,0
25.746748802190282,0.0,0.0,0.0,0.0,0.0,0.0,0,1000000,1,0,0,0,0,1,0,0
27.43600273785079,11.0,364.0,0.0,0.0,0.0,0.0,1,1200000,0,0,0,0,0,1,0,0
28.093086926762492,1.0,45.0,0.0,0.0,0.0,0.0,1,200000,1,0,0,0,0,0,0,0
27.60848733744011,82.0,4014.0,17.0,8.0,0.3811659192825112,0.17937219730941703,1,2500000,0,0,0,0,0,0,0,1
30.56810403832991,65.0,2012.0,6.0,2.0,0.268389662027833,0.08946322067594432,1,600000,0,0,0,0,1,0,0,0
28.914442162902123,297.0,20970.0,29.0,23.0,0.12446351931330471,0.09871244635193133,1,9000000,0,0,1,0,0,0,1,0
20.903490759753595,6.0,372.0,0.0,0.0,0.0,0.0,1,150000,1,0,0,0,1,0,0,0
20.725530458590008,1.0,19.0,0.0,0.0,0.0,0.0,1,100000,1,0,0,0,1,0,0,0
25.686516084873375,1.0,36.0,0.0,0.0,0.0,0.0,1,1200000,0,0,1,0,0,1,0,0
28.194387405886378,2.0,140.0,0.0,0.0,0.0,0.0,1,200000,1,0,0,0,0,0,0,0
29.4072553045859,332.0,22327.0,55.0,41.0,0.22170466251623597,0.16527074842119407,1,8000000,0,0,1,0,0,0,0,0
24.618754277891856,4.0,117.0,0.0,0.0,0.0,0.0,1,2800000,0,0,0,0,1,0,0,0
24.40520191649555,13.0,1125.0,0.0,0.0,0.0,0.0,1,1000000,0,1,0,0,0,0,0,1
26.978781656399725,390.0,27367.0,106.0,63.0,0.34859502320312785,0.20718383454525524,1,55000000,0,0,0,0,0,1,0,0
27.028062970568104,7.0,169.0,0.0,0.0,0.0,0.0,1,200000,0,0,1,0,0,0,1,0
28.470910335386723,178.0,14036.0,4.0,9.0,0.02564833285836421,0.05770874893131947,1,2000000,1,0,0,0,0,0,1,0
28.670773442847366,139.0,8730.0,1.0,2.0,0.010309278350515464,0.020618556701030927,1,3000000,1,0,0,0,0,0,1,0
31.408624229979466,37.0,1727.0,1.0,0.0,0.05211349160393746,0.0,1,750000,0,0,1,0,0,0,1,0
34.41478439425051,195.0,14753.0,5.0,13.0,0.030502270724598386,0.07930590388395581,1,900000,1,0,0,0,0,0,0,0
30.33264887063655,6.0,421.0,0.0,1.0,0.0,0.2137767220902613,1,300000,0,0,1,0,0,0,0,0
30.521560574948666,24.0,1564.0,0.0,1.0,0.0,0.05754475703324809,1,1500000,1,0,0,0,0,0,0,0
31.422313483915126,16.0,158.0,1.0,1.0,0.0,0.0,1,500000,0,0,0,0,0,0,1,0
25.229295003422312,0.0,0.0,0.0,0.0,0.0,0.0,0,150000,0,0,0,0,0,0,0,0
23.468856947296374,1.0,64.0,0.0,0.0,0.0,0.0,1,150000,1,0,0,0,0,0,0,0
25.152635181382614,7.0,421.0,2.0,1.0,0.4275534441805226,0.2137767220902613,1,200000,0,0,0,0,0,0,0,0
26.428473648186174,46.0,2249.0,2.0,3.0,0.08003557136505113,0.12005335704757669,1,3000000,0,0,0,0,0,1,0,0
26.428473648186174,2.0,180.0,0.0,0.0,0.0,0.0,1,1400000,1,0,0,0,0,0,1,0
21.11978097193703,0.0,0.0,0.0,0.0,0.0,0.0,0,75000,0,0,1,0,0,0,1,0
26.12183436002738,2.0,180.0,0.0,1.0,0.0,0.0,1,200000,1,0,0,0,0,1,0,0
26.598220396988363,15.0,761.0,2.0,0.0,0.23653088042049936,0.0,1,200000,0,0,0,0,0,0,1,0
26.458590006844627,0.0,0.0,0.0,0.0,0.0,0.0,0,150000,1,0,0,0,0,0,1,0
24.205338809034906,0.0,0.0,0.0,0.0,0.0,0.0,0,50000,1,0,0,0,0,0,1,0
28.862422997946613,4.0,206.0,0.0,0.0,0.0,0.0,1,100000,0,1,0,0,0,0,1,0
26.075290896646134,8.0,385.0,1.0,1.0,0.23376623376623376,0.23376623376623376,1,400000,0,0,1,0,0,0,0,0
26.362765229295004,97.0,5743.0,3.0,13.0,0.047013755876719486,0.20372627546578445,1,1300000,1,0,0,0,0,0,1,0
26.157426420260094,2.0,121.0,0.0,0.0,0.0,0.0,1,5000000,1,0,0,0,0,1,0,0
25.700205338809035,35.0,2096.0,5.0,1.0,0.21469465648854963,0.04293893129770992,1,4500000,0,0,0,0,0,1,0,0
25.908281998631075,176.0,9673.0,6.0,5.0,0.05582549364209655,0.04652124470174713,1,5000000,0,0,1,0,0,1,0,0
25.911019849418206,0.0,0.0,0.0,0.0,0.0,0.0,0,700000,0,0,1,0,0,0,0,1
24.8186173853525,4.0,146.0,0.0,1.0,0.0,0.0,1,200000,0,0,0,0,0,1,0,0
31.077344284736483,36.0,2005.0,2.0,0.0,0.08977556109725685,0.0,1,1500000,0,0,1,0,0,1,0,0
26.023271731690624,1.0,13.0,0.0,0.0,0.0,0.0,1,1000000,0,0,0,0,0,0,0,1
24.542094455852155,2.0,180.0,0.0,0.0,0.0,0.0,1,1100000,0,0,1,0,0,1,0,0
24.125941136208077,14.0,382.0,0.0,2.0,0.0,0.47120418848167545,1,500000,0,0,0,0,0,1,0,0
24.139630390143736,0.0,0.0,0.0,0.0,0.0,0.0,0,100000,0,0,1,0,0,1,0,0
27.468856947296374,157.0,8084.0,40.0,9.0,0.4453240969816922,0.10019792182088075,1,10000000,0,0,0,0,0,1,0,0
26.847364818617386,105.0,6641.0,3.0,2.0,0.04065652763138082,0.027104351754253877,1,450000,1,0,0,0,0,0,0,1
25.73579739904175,0.0,0.0,0.0,0.0,0.0,0.0,0,2000000,0,0,0,0,0,1,0,0
27.66050650239562,381.0,29753.0,23.0,93.0,0.06957281618660303,0.28131616979800356,1,60000000,1,0,0,0,0,0,0,0
25.305954825462013,6.0,173.0,0.0,0.0,0.0,0.0,1,350000,0,0,1,0,0,1,0,0
27.498973305954827,256.0,15622.0,44.0,47.0,0.2534886698246063,0.2707719882217386,1,6000000,0,0,0,0,0,1,0,0
25.927446954141,0.0,0.0,0.0,0.0,0.0,0.0,0,150000,0,0,1,0,0,0,1,0
24.763860369609855,1.0,25.0,0.0,0.0,0.0,0.0,1,125000,1,0,0,0,0,1,0,0
25.349760438056126,2.0,85.0,0.0,0.0,0.0,0.0,1,275000,0,0,0,0,0,1,0,0
25.31690622861054,1.0,1.0,0.0,0.0,0.0,0.0,1,3800000,0,0,1,0,0,1,0,0
24.802190280629706,0.0,0.0,0.0,0.0,0.0,0.0,0,250000,1,0,0,0,0,1,0,0
33.79329226557152,163.0,11133.0,29.0,22.0,0.23443815683104285,0.1778496362166532,1,2000000,0,0,1,0,0,0,0,1
25.95756331279945,0.0,0.0,0.0,0.0,0.0,0.0,0,75000,0,0,1,0,0,0,1,0
26.83915126625599,303.0,14299.0,45.0,44.0,0.28323658997132667,0.2769424435275194,1,35000000,0,0,0,0,0,0,0,0
29.451060917180012,273.0,22004.0,79.0,61.0,0.323123068532994,0.24950009089256497,1,30000000,0,0,0,0,0,1,0,0
36.15058179329227,30.0,1980.0,2.0,0.0,0.09090909090909091,0.0,1,250000,1,0,0,0,1,0,0,0
35.7015742642026,177.0,11138.0,11.0,19.0,0.08888489854551984,0.15352846112407972,1,400000,0,0,1,0,1,0,0,0
27.195071868583163,6.0,210.0,0.0,0.0,0.0,0.0,1,250000,0,0,0,0,1,0,0,0
32.28199863107461,0.0,0.0,0.0,0.0,0.0,0.0,0,200000,1,0,0,0,1,0,0,0
26.403832991101986,93.0,4439.0,0.0,1.0,0.0,0.020274836674926786,1,800000,1,0,0,0,0,0,0,1
27.600273785078713,185.0,15071.0,3.0,7.0,0.01791520138013403,0.04180213655364608,1,11000000,0,0,1,0,1,0,0,0
25.19917864476386,6.0,314.0,0.0,0.0,0.0,0.0,1,200000,0,0,1,0,0,1,0,0
28.16700889801506,82.0,7380.0,0.0,0.0,0.0,0.0,1,2500000,0,1,0,0,1,0,0,0
27.89869952087611,0.0,0.0,0.0,0.0,0.0,0.0,0,125000,0,0,0,0,0,0,0,1
30.310746064339494,3.0,79.0,0.0,0.0,0.0,0.0,1,700000,0,0,0,0,0,0,0,0
27.419575633127995,127.0,4380.0,6.0,8.0,0.12328767123287672,0.1643835616438356,1,450000,0,0,1,0,0,0,0,1
24.262833675564682,0.0,0.0,0.0,0.0,0.0,0.0,0,75000,1,0,0,0,0,0,0,1
26.439425051334702,1.0,20.0,0.0,0.0,0.0,0.0,1,225000,0,0,1,0,0,0,1,0
29.68104038329911,0.0,0.0,0.0,0.0,0.0,0.0,0,250000,0,1,0,0,0,0,0,0
27.693360711841205,400.0,24214.0,87.0,72.0,0.3233666473940695,0.2676137771537127,1,40000000,0,0,0,0,0,0,1,0
25.401779603011637,1.0,90.0,0.0,0.0,0.0,0.0,1,150000,0,1,0,0,0,0,1,0
25.31416837782341,12.0,627.0,1.0,0.0,0.14354066985645933,0.0,1,125000,1,0,0,0,0,0,1,0
24.8870636550308,0.0,0.0,0.0,0.0,0.0,0.0,0,125000,0,0,1,0,0,0,1,0
25.357973990417523,0.0,0.0,0.0,0.0,0.0,0.0,0,75000,0,0,1,0,0,0,1,0
24.684462696783026,2.0,14.0,0.0,0.0,0.0,0.0,1,75000,0,0,0,0,0,0,1,0
24.621492128678987,14.0,214.0,3.0,1.0,0.0,0.0,1,250000,0,0,0,0,0,0,1,0
24.254620123203285,16.0,566.0,1.0,2.0,0.15901060070671377,0.31802120141342755,1,2200000,0,0,0,0,0,0,1,0
27.12662559890486,330.0,25264.0,9.0,31.0,0.03206143128562381,0.11043381887270423,1,65000000,1,0,0,0,0,0,1,0
24.145106091718002,1.0,45.0,0.0,0.0,0.0,0.0,1,200000,0,0,0,0,0,0,1,0
24.432580424366872,0.0,0.0,0.0,0.0,0.0,0.0,0,1400000,1,0,0,0,0,0,1,0
27.26899383983573,448.0,40085.0,0.0,0.0,0.0,0.0,1,45000000,0,1,0,0,0,1,0,0
24.32580424366872,1.0,90.0,1.0,0.0,0.0,0.0,1,550000,0,0,0,0,0,0,1,0
25.28952772073922,68.0,2529.0,3.0,1.0,0.10676156583629894,0.03558718861209965,1,1200000,0,0,1,0,0,0,1,0
27.028062970568104,259.0,18213.0,63.0,16.0,0.31131609290067536,0.07906440454620327,1,15000000,0,0,0,0,0,0,1,0
24.32306639288159,0.0,0.0,0.0,0.0,0.0,0.0,0,25000,0,0,1,0,0,0,1,0
27.405886379192335,182.0,9701.0,66.0,14.0,0.6123080094835585,0.12988351716317906,1,25000000,0,0,0,0,0,0,1,0
24.164271047227928,0.0,0.0,0.0,0.0,0.0,0.0,0,10000,0,1,0,0,0,0,1,0
24.26009582477755,1.0,5.0,0.0,0.0,0.0,0.0,1,350000,0,0,1,0,0,0,1,0
24.396988364134156,0.0,0.0,0.0,0.0,0.0,0.0,0,125000,1,0,0,0,0,0,1,0
23.227926078028748,0.0,0.0,0.0,0.0,0.0,0.0,0,25000,0,1,0,0,0,0,1,0
29.470225872689937,325.0,21949.0,54.0,17.0,0.22142238826370222,0.06970704815709144,1,40000000,0,0,1,0,0,0,1,0
25.859000684462696,55.0,2978.0,4.0,3.0,0.12088650100738751,0.09066487575554062,1,500000,0,0,1,0,0,0,1,0
29.44284736481862,247.0,18582.0,14.0,25.0,0.06780755569906362,0.12108492089118503,1,10000000,1,0,0,0,1,0,0,0
29.196440793976727,158.0,7642.0,9.0,4.0,0.1059931954985606,0.04710808688824915,1,1800000,0,0,0,0,1,0,0,0
25.87816563997262,0.0,0.0,0.0,0.0,0.0,0.0,0,300000,1,0,0,0,1,0,0,0
27.460643394934976,351.0,26157.0,61.0,67.0,0.2098864548686776,0.23053102420002294,1,65000000,0,0,1,0,0,1,0,0
22.234086242299796,5.0,150.0,3.0,0.0,0.0,0.0,1,100000,0,0,0,0,1,0,0,0
26.094455852156056,41.0,3288.0,1.0,2.0,0.02737226277372263,0.05474452554744526,1,1500000,1,0,0,0,0,1,0,0
27.63586584531143,18.0,432.0,0.0,1.0,0.0,0.20833333333333331,1,750000,0,0,1,0,0,0,0,1
29.152635181382614,81.0,7440.0,0.0,1.0,0.0,0.012096774193548387,1,9000000,0,1,0,0,1,0,0,0
24.240930869267626,2.0,44.0,0.0,0.0,0.0,0.0,1,25000,0,0,0,0,0,0,0,1
28.213552361396303,197.0,11894.0,10.0,14.0,0.07566840423743064,0.10593576593240289,1,7000000,0,0,1,0,0,0,1,0
23.039014373716633,0.0,0.0,0.0,0.0,0.0,0.0,0,25000,0,0,0,0,0,0,1,0
24.824093086926762,0.0,0.0,0.0,0.0,0.0,0.0,0,400000,0,1,0,0,0,0,0,1
28.3750855578371,36.0,3270.0,0.0,0.0,0.0,0.0,1,1800000,0,1,0,0,0,0,1,0
24.23271731690623,0.0,0.0,0.0,0.0,0.0,0.0,0,700000,0,1,0,0,0,0,0,1
30.861054072553046,152.0,7042.0,7.0,6.0,0.08946322067594432,0.07668276057938087,1,250000,0,0,1,0,0,0,1,0
24.06570841889117,2.0,22.0,0.0,0.0,0.0,0.0,1,325000,0,0,1,0,0,0,0,1
24.041067761806982,0.0,0.0,0.0,0.0,0.0,0.0,0,300000,0,0,1,0,0,0,0,1
23.99726214921287,1.0,1.0,0.0,0.0,0.0,0.0,1,75000,1,0,0,0,0,0,0,1
24.528405201916495,0.0,0.0,0.0,0.0,0.0,0.0,0,100000,1,0,0,0,0,0,1,0
21.084188911704313,0.0,0.0,0.0,0.0,0.0,0.0,0,50000,0,1,0,0,0,0,1,0
28.095824777549623,178.0,14284.0,10.0,43.0,0.06300756090730887,0.2709325119014282,1,25000000,1,0,0,0,0,0,0,1
27.263518138261464,204.0,18221.0,0.0,2.0,0.0,0.009878711376982603,1,30000000,0,1,0,0,1,0,0,0
28.539356605065024,248.0,19327.0,13.0,15.0,0.060537072489263724,0.06985046825684277,1,15000000,1,0,0,0,0,1,0,0
28.689938398357288,207.0,14592.0,13.0,19.0,0.08018092105263157,0.1171875,1,7000000,1,0,0,0,1,0,0,0
28.810403832991103,337.0,23287.0,107.0,64.0,0.4135354489629407,0.24734830592175894,1,50000000,0,0,0,0,0,0,1,0
26.746064339493497,0.0,0.0,0.0,0.0,0.0,0.0,0,125000,0,1,0,0,0,1,0,0
23.340177960301162,3.0,201.0,0.0,0.0,0.0,0.0,1,100000,1,0,0,0,0,0,0,0
29.409993155373034,201.0,12403.0,21.0,23.0,0.15238248810771587,0.16689510602273644,1,800000,0,0,1,0,0,0,1,0
24.292950034223136,9.0,587.0,0.0,0.0,0.0,0.0,1,450000,0,0,1,0,0,0,1,0
23.62217659137577,0.0,0.0,0.0,0.0,0.0,0.0,0,150000,0,0,0,0,0,0,1,0
24.32580424366872,0.0,0.0,0.0,0.0,0.0,0.0,0,150000,0,1,0,0,0,0,1,0
24.36413415468857,0.0,0.0,0.0,0.0,0.0,0.0,0,75000,0,0,1,0,0,0,1,0
28.56125941136208,151.0,8383.0,17.0,14.0,0.1825122271263271,0.15030418704521056,1,10000000,0,0,0,0,0,1,0,0
28.27104722792608,0.0,0.0,0.0,0.0,0.0,0.0,0,50000,1,0,0,0,0,0,0,0
27.42505133470226,7.0,588.0,0.0,0.0,0.0,0.0,1,250000,1,0,0,0,0,0,0,0
23.731690622861056,0.0,0.0,0.0,0.0,0.0,0.0,0,25000,0,0,0,0,0,0,1,0
29.82614647501711,356.0,17998.0,11.0,25.0,0.05500611179019891,0.12501389043227024,1,7000000,0,0,1,0,0,0,0,0
24.468172484599588,0.0,0.0,0.0,0.0,0.0,0.0,0,150000,1,0,0,0,0,1,0,0
30.420260095824776,228.0,14418.0,24.0,23.0,0.149812734082397,0.14357053682896379,1,10000000,0,0,1,0,0,1,0,0
26.38466803559206,32.0,1665.0,10.0,0.0,0.5405405405405406,0.0,1,12000000,0,0,0,0,0,1,0,0
24.84873374401095,1.0,52.0,0.0,0.0,0.0,0.0,1,25000,0,0,1,0,0,1,0,0
24.35044490075291,0.0,0.0,0.0,0.0,0.0,0.0,0,100000,0,0,1,0,0,1,0,0
24.791238877481177,0.0,0.0,0.0,0.0,0.0,0.0,0,225000,1,0,0,0,0,1,0,0
24.487337440109513,1.0,1.0,0.0,0.0,0.0,0.0,1,10000,0,0,1,0,0,0,1,0
28.536618754277892,176.0,9396.0,4.0,10.0,0.03831417624521073,0.09578544061302682,1,1400000,1,0,0,0,0,0,0,0
29.95208761122519,201.0,13152.0,18.0,10.0,0.12317518248175183,0.06843065693430657,1,6000000,0,0,1,0,0,1,0,0
25.6290212183436,0.0,0.0,0.0,0.0,0.0,0.0,0,75000,0,0,1,0,0,0,1,0
25.95482546201232,0.0,0.0,0.0,0.0,0.0,0.0,0,100000,0,0,1,0,0,0,1,0
28.134154688569474,3.0,14.0,0.0,0.0,0.0,0.0,1,200000,0,0,1,0,0,0,0,0
25.032169746748803,0.0,0.0,0.0,0.0,0.0,0.0,0,100000,1,0,0,0,0,0,1,0
27.06091718001369,263.0,18530.0,40.0,53.0,0.19427954668105774,0.2574203993524015,1,12000000,0,0,1,0,1,0,0,0
24.503764544832308,0.0,0.0,0.0,0.0,0.0,0.0,0,50000,0,0,1,0,0,0,1,0
24.517453798767967,0.0,0.0,0.0,0.0,0.0,0.0,0,50000,0,1,0,0,0,0,1,0
24.958247775496236,0.0,0.0,0.0,0.0,0.0,0.0,0,100000,1,0,0,0,0,0,0,1
26.324435318275153,1.0,6.0,0.0,0.0,0.0,0.0,1,100000,0,0,0,0,0,1,0,0
26.127310061601644,0.0,0.0,0.0,0.0,0.0,0.0,0,175000,0,0,0,0,0,0,1,0
22.480492813141684,0.0,0.0,0.0,0.0,0.0,0.0,0,200000,0,1,0,0,0,0,0,1
25.645448323066393,3.0,92.0,0.0,0.0,0.0,0.0,1,400000,0,0,0,0,0,0,1,0
25.037645448323065,11.0,452.0,2.0,1.0,0.39823008849557523,0.19911504424778761,1,900000,0,0,1,0,0,0,1,0
23.928815879534564,0.0,0.0,0.0,0.0,0.0,0.0,0,150000,0,0,0,0,0,0,0,1
29.437371663244353,225.0,11569.0,23.0,24.0,0.17892644135188865,0.18670585184544905,1,16000000,0,0,0,0,0,1,0,0
30.11088295687885,401.0,30297.0,47.0,58.0,0.13961778393900387,0.17229428656302603,1,25000000,1,0,0,0,0,0,1,0
25.451060917180012,6.0,317.0,0.0,0.0,0.0,0.0,1,200000,0,0,1,0,0,0,0,0
23.238877481177276,0.0,0.0,0.0,0.0,0.0,0.0,0,25000,1,0,0,0,0,0,1,0
27.904175222450377,78.0,6633.0,3.0,3.0,0.0407055630936228,0.0407055630936228,1,1200000,1,0,0,0,0,0,1,0
27.72895277207392,96.0,6496.0,19.0,10.0,0.26323891625615764,0.13854679802955666,1,5000000,0,0,0,0,0,0,0,1
24.594113620807665,1.0,45.0,0.0,0.0,0.0,0.0,1,75000,0,0,0,0,0,1,0,0
27.969883641341546,207.0,11159.0,8.0,6.0,0.06452191056546286,0.04839143292409714,1,6000000,0,0,1,0,1,0,0,0
27.89322381930185,9.0,424.0,0.0,0.0,0.0,0.0,1,200000,1,0,0,0,1,0,0,0
22.135523613963038,14.0,202.0,0.0,0.0,0.0,0.0,1,200000,0,0,0,0,1,0,0,0
27.67419575633128,19.0,1380.0,0.0,0.0,0.0,0.0,1,3000000,1,0,0,0,0,0,0,1
27.16495550992471,121.0,6243.0,11.0,22.0,0.15857760691975012,0.31715521383950024,1,5000000,0,0,0,0,0,1,0,0
28.17248459958932,21.0,901.0,1.0,0.0,0.09988901220865705,0.0,1,50000,0,0,1,0,0,0,0,0
26.924024640657084,92.0,7338.0,9.0,14.0,0.11038430089942763,0.17170891251022077,1,15000000,0,0,1,0,0,1,0,0
25.30321697467488,19.0,1029.0,1.0,2.0,0.08746355685131195,0.1749271137026239,1,900000,0,0,0,0,0,0,0,1
23.953456536618756,28.0,1625.0,4.0,2.0,0.22153846153846155,0.11076923076923077,1,550000,0,0,0,0,0,0,1,0
26.60369609856263,156.0,11520.0,6.0,1.0,0.046875,0.0078125,1,17000000,1,0,0,0,0,0,1,0
26.792607802874745,1.0,12.0,0.0,0.0,0.0,0.0,1,100000,0,0,0,0,0,0,0,0
27.025325119780973,1.0,7.0,0.0,0.0,0.0,0.0,1,400000,0,1,0,0,0,0,1,0
23.82751540041068,1.0,120.0,0.0,0.0,0.0,0.0,1,50000,1,0,0,0,0,0,1,0
21.1854893908282,1.0,25.0,0.0,0.0,0.0,0.0,1,150000,0,0,0,0,1,0,0,0
27.978097193702943,28.0,1904.0,1.0,1.0,0.04726890756302521,0.04726890756302521,1,2500000,1,0,0,0,0,1,0,0
26.819986310746064,258.0,16159.0,57.0,36.0,0.3174701404789901,0.20050745714462528,1,40000000,0,0,1,0,0,0,0,1
26.140999315537304,174.0,10738.0,3.0,12.0,0.025144347178245482,0.10057738871298193,1,3000000,1,0,0,0,0,0,1,0
30.425735797399042,262.0,20423.0,100.0,45.0,0.44067962591196197,0.1983058316603829,1,25000000,0,0,0,0,0,1,0,0
27.76728268309377,140.0,8264.0,5.0,7.0,0.05445304937076476,0.07623426911907066,1,1500000,0,0,1,0,0,0,1,0
27.148528405201915,1.0,90.0,0.0,0.0,0.0,0.0,1,700000,1,0,0,0,0,0,1,0
26.29158110882957,0.0,0.0,0.0,0.0,0.0,0.0,0,150000,1,0,0,0,0,0,1,0
28.210814510609172,2.0,6.0,0.0,0.0,0.0,0.0,1,250000,0,0,0,0,0,0,0,0
21.87816563997262,1.0,33.0,0.0,0.0,0.0,0.0,1,150000,1,0,0,0,1,0,0,0
28.082135523613964,322.0,18160.0,32.0,38.0,0.15859030837004406,0.1883259911894273,1,4000000,0,0,0,0,1,0,0,0
21.853524982888434,1.0,11.0,0.0,0.0,0.0,0.0,1,150000,0,0,1,0,1,0,0,0
25.730321697467488,2.0,129.0,0.0,0.0,0.0,0.0,1,200000,1,0,0,0,0,0,0,1
27.920602327173167,226.0,17311.0,25.0,16.0,0.1299751603026977,0.08318410259372654,1,12000000,0,0,1,0,1,0,0,0
24.88432580424367,0.0,0.0,0.0,0.0,0.0,0.0,0,300000,1,0,0,0,1,0,0,0
24.739219712525667,0.0,0.0,0.0,0.0,0.0,0.0,0,450000,1,0,0,0,1,0,0,0
27.956194387405887,238.0,12784.0,34.0,22.0,0.23936170212765956,0.1548811013767209,1,4000000,0,0,0,0,1,0,0,0
27.446954140999317,19.0,1299.0,0.0,0.0,0.0,0.0,1,1800000,1,0,0,0,1,0,0,0
24.246406570841888,2.0,167.0,0.0,0.0,0.0,0.0,1,300000,0,1,0,0,1,0,0,0
25.456536618754278,1.0,24.0,0.0,0.0,0.0,0.0,1,800000,0,0,0,0,0,0,0,1
27.707049965776864,21.0,1205.0,3.0,3.0,0.22406639004149376,0.22406639004149376,1,2200000,0,0,1,0,0,0,0,1
30.351813826146476,198.0,14581.0,3.0,5.0,0.01851724847404156,0.030862080790069267,1,5000000,0,0,1,0,0,1,0,0
25.37987679671458,0.0,0.0,0.0,0.0,0.0,0.0,0,125000,0,0,1,0,0,0,1,0
30.56810403832991,239.0,14500.0,46.0,21.0,0.28551724137931034,0.13034482758620689,1,3000000,0,0,0,0,1,0,0,0
27.99726214921287,148.0,11071.0,108.0,24.0,0.8779694697859273,0.19510432661909494,1,65000000,0,0,0,0,0,1,0,0
29.503080082135522,162.0,10290.0,5.0,7.0,0.043731778425655975,0.061224489795918366,1,500000,0,0,1,0,0,0,1,0
27.356605065023956,314.0,18108.0,119.0,49.0,0.5914512922465209,0.24353876739562624,1,45000000,0,0,0,0,0,0,1,0
26.809034907597535,361.0,29517.0,29.0,12.0,0.08842362028661449,0.03658908425653013,1,30000000,1,0,0,0,0,1,0,0
27.290896646132786,28.0,1069.0,2.0,4.0,0.16838166510757718,0.33676333021515437,1,200000,0,0,0,0,0,0,1,0
29.065023956194388,338.0,24125.0,18.0,36.0,0.06715025906735751,0.13430051813471502,1,35000000,0,0,1,0,0,0,0,0
22.105407255304584,0.0,0.0,0.0,0.0,0.0,0.0,0,25000,0,0,1,0,0,0,0,1
32.17796030116359,46.0,3687.0,2.0,0.0,0.04882017900732303,0.0,1,900000,1,0,0,0,0,0,0,0
30.95687885010267,74.0,4304.0,4.0,0.0,0.08364312267657992,0.0,1,800000,0,0,0,0,0,0,0,0
28.134154688569474,276.0,20597.0,27.0,31.0,0.11797834636112055,0.13545661989610136,1,12000000,1,0,0,0,0,0,0,1
35.29363449691992,1.0,5.0,0.0,0.0,0.0,0.0,1,400000,0,1,0,0,0,0,1,0
27.81656399726215,207.0,15694.0,16.0,9.0,0.09175481075570281,0.05161208105008284,1,8000000,0,0,1,0,0,0,0,0
28.48186173853525,74.0,5709.0,3.0,3.0,0.04729374671571203,0.04729374671571203,1,2500000,1,0,0,0,1,0,0,0
28.128678986995208,292.0,22891.0,9.0,10.0,0.035385085841597136,0.03931676204621904,1,18000000,1,0,0,0,0,1,0,0
27.969883641341546,7.0,527.0,0.0,0.0,0.0,0.0,1,400000,0,1,0,0,1,0,0,0
29.859000684462696,285.0,23752.0,13.0,10.0,0.04925900976759852,0.03789154597507578,1,10000000,1,0,0,0,0,0,0,1
24.487337440109513,20.0,797.0,1.0,1.0,0.11292346298619824,0.11292346298619824,1,600000,0,0,0,0,0,0,0,0
33.204654346338124,349.0,29070.0,13.0,3.0,0.04024767801857585,0.009287925696594427,1,5000000,1,0,0,0,0,0,1,0
27.926078028747433,0.0,0.0,0.0,0.0,0.0,0.0,0,50000,0,0,0,0,1,0,0,0
29.078713210130047,3.0,137.0,0.0,0.0,0.0,0.0,1,325000,1,0,0,0,1,0,0,0
30.0041067761807,1.0,8.0,0.0,0.0,0.0,0.0,1,150000,0,0,1,0,0,0,0,0
24.528405201916495,2.0,16.0,0.0,0.0,0.0,0.0,1,125000,0,0,1,0,0,0,0,1
27.95071868583162,30.0,1819.0,8.0,1.0,0.39582188015393077,0.049477735019241346,1,450000,0,0,0,0,0,0,0,1
24.98836413415469,1.0,1.0,0.0,0.0,0.0,0.0,1,250000,0,0,1,0,0,0,0,1
26.784394250513348,102.0,6108.0,4.0,2.0,0.05893909626719057,0.029469548133595286,1,2000000,0,0,1,0,0,0,0,0
34.37371663244353,11.0,472.0,0.0,0.0,0.0,0.0,1,400000,0,0,1,0,0,0,1,0
25.333333333333332,9.0,204.0,1.0,0.0,0.0,0.0,1,400000,0,0,1,0,0,0,0,1
27.080082135523615,303.0,17869.0,62.0,38.0,0.3122726509597627,0.1913929151043707,1,25000000,0,0,1,0,0,1,0,0
27.238877481177276,0.0,0.0,0.0,0.0,0.0,0.0,0,800000,0,0,1,0,0,0,0,1
28.407939767282684,20.0,874.0,1.0,2.0,0.10297482837528604,0.20594965675057209,1,1500000,0,0,0,0,0,0,0,1
26.76249144421629,40.0,1629.0,1.0,0.0,0.055248618784530384,0.0,1,500000,0,0,1,0,0,0,1,0
32.49555099247091,314.0,21895.0,8.0,29.0,0.03288422014158483,0.11920529801324503,1,2000000,1,0,0,0,0,0,1,0
29.867214236824093,2.0,47.0,0.0,0.0,0.0,0.0,1,250000,1,0,0,0,0,0,1,0
26.102669404517453,95.0,3247.0,7.0,4.0,0.19402525408068985,0.11087157376039421,1,1000000,0,0,0,0,0,0,0,0
27.06365503080082,213.0,14528.0,9.0,20.0,0.055754405286343615,0.12389867841409692,1,18000000,1,0,0,0,0,0,0,0
24.479123887748116,0.0,0.0,0.0,0.0,0.0,0.0,0,300000,1,0,0,0,0,0,0,0
25.333333333333332,1.0,18.0,0.0,0.0,0.0,0.0,1,75000,1,0,0,0,0,0,0,1
28.919917864476385,0.0,0.0,0.0,0.0,0.0,0.0,0,125000,1,0,0,0,0,0,1,0
29.267624914442163,6.0,540.0,0.0,0.0,0.0,0.0,1,300000,0,1,0,0,1,0,0,0
27.978097193702943,0.0,0.0,0.0,0.0,0.0,0.0,0,1000000,0,0,1,0,1,0,0,0
22.362765229295004,0.0,0.0,0.0,0.0,0.0,0.0,0,150000,1,0,0,0,1,0,0,0
26.034223134839152,6.0,518.0,0.0,0.0,0.0,0.0,1,150000,0,1,0,0,1,0,0,0
28.640657084188913,218.0,14903.0,25.0,10.0,0.1509763134939274,0.06039052539757096,1,5000000,0,0,1,0,0,0,1,0
28.05201916495551,51.0,3383.0,3.0,4.0,0.07981081879988176,0.10641442506650903,1,2500000,0,0,0,0,1,0,0,0
22.338124572210816,0.0,0.0,0.0,0.0,0.0,0.0,0,125000,1,0,0,0,0,1,0,0
32.74469541409993,139.0,8146.0,9.0,10.0,0.09943530567149521,0.11048367296832802,1,1800000,1,0,0,0,1,0,0,0
27.750855578370977,341.0,23606.0,32.0,35.0,0.12200288062357029,0.13344065068202998,1,30000000,0,0,1,0,0,0,1,0
27.299110198494184,191.0,12974.0,4.0,9.0,0.027747803298905506,0.06243255742253738,1,25000000,0,0,1,0,0,1,0,0
31.482546201232033,324.0,24914.0,15.0,24.0,0.05418640122019748,0.08669824195231596,1,8000000,0,0,1,0,1,0,0,0
28.298425735797398,231.0,17894.0,10.0,9.0,0.050296188666592155,0.04526656979993294,1,25000000,0,0,1,0,0,1,0,0
25.79876796714579,0.0,0.0,0.0,0.0,0.0,0.0,0,50000,0,1,0,0,0,0,0,1
29.609856262833677,45.0,3920.0,0.0,0.0,0.0,0.0,1,600000,0,1,0,0,1,0,0,0
22.803559206023273,0.0,0.0,0.0,0.0,0.0,0.0,0,100000,1,0,0,0,0,0,1,0
29.801505817932924,282.0,20501.0,42.0,27.0,0.1843812496951368,0.1185308033754451,1,25000000,0,0,1,0,0,1,0,0
29.44284736481862,1.0,4.0,0.0,0.0,0.0,0.0,1,150000,1,0,0,0,0,0,0,0
25.267624914442163,55.0,4122.0,1.0,1.0,0.021834061135371178,0.021834061135371178,1,2000000,1,0,0,0,0,0,0,0
28.369609856262834,54.0,3191.0,0.0,2.0,0.0,0.05640864932623002,1,1000000,0,0,1,0,1,0,0,0
24.1533196440794,0.0,0.0,0.0,0.0,0.0,0.0,0,125000,0,0,1,0,0,0,0,1
24.301163586584533,0.0,0.0,0.0,0.0,0.0,0.0,0,175000,0,0,1,0,0,0,0,1
25.730321697467488,52.0,4132.0,1.0,1.0,0.021781219748305904,0.021781219748305904,1,900000,0,0,1,0,0,0,0,1
25.87542778918549,173.0,11167.0,60.0,16.0,0.48356765469687474,0.12895137458583328,1,30000000,0,0,0,0,0,0,0,1
25.44284736481862,0.0,0.0,0.0,0.0,0.0,0.0,0,50000,0,1,0,0,0,0,0,1
28.05475701574264,47.0,1980.0,2.0,0.0,0.09090909090909091,0.0,1,1000000,1,0,0,0,0,0,0,1
27.1813826146475,8.0,121.0,0.0,0.0,0.0,0.0,1,300000,0,0,1,0,1,0,0,0
25.037645448323065,49.0,2606.0,1.0,1.0,0.03453568687643899,0.03453568687643899,1,1200000,0,0,1,0,0,0,0,1
28.024640657084188,61.0,4114.0,2.0,0.0,0.04375303840544482,0.0,1,800000,1,0,0,0,0,0,0,1
28.355920602327174,142.0,11140.0,3.0,2.0,0.02423698384201077,0.016157989228007184,1,4000000,1,0,0,0,0,0,0,1
30.26694045174538,255.0,15329.0,48.0,19.0,0.28181877487115925,0.11155326505316719,1,5000000,0,0,0,0,0,0,0,0
24.654346338124572,0.0,0.0,0.0,0.0,0.0,0.0,0,350000,1,0,0,0,0,0,0,1
28.093086926762492,1.0,41.0,0.0,0.0,0.0,0.0,1,400000,1,0,0,0,0,0,1,0
25.27857631759069,0.0,0.0,0.0,0.0,0.0,0.0,0,250000,0,0,0,0,0,0,1,0
26.392881587953458,0.0,0.0,0.0,0.0,0.0,0.0,0,25000,1,0,0,0,0,0,0,1
29.527720739219713,260.0,19463.0,26.0,14.0,0.12022812516056107,0.06473822124030211,1,25000000,0,0,1,0,1,0,0,0
20.18069815195072,0.0,0.0,0.0,0.0,0.0,0.0,0,75000,0,0,0,0,0,0,1,0
29.505817932922657,185.0,10494.0,11.0,12.0,0.09433962264150944,0.10291595197255575,1,3000000,0,0,1,0,0,0,1,0
29.155373032169745,2.0,180.0,0.0,0.0,0.0,0.0,1,2500000,0,1,0,0,0,0,1,0
23.345653661875428,0.0,0.0,0.0,0.0,0.0,0.0,0,100000,0,0,0,0,0,0,0,1
25.522245037645447,52.0,1999.0,0.0,1.0,0.0,0.04502251125562781,1,1500000,0,0,1,0,0,0,0,1
26.926762491444215,117.0,7011.0,7.0,16.0,0.08985879332477535,0.2053915275994865,1,3000000,0,0,0,0,0,0,0,1
27.742642026009584,183.0,8896.0,5.0,16.0,0.05058453237410072,0.16187050359712232,1,2000000,1,0,0,0,0,0,1,0
29.637234770704996,262.0,19986.0,23.0,21.0,0.10357250075052536,0.09456619633743621,1,5000000,1,0,0,0,0,0,0,1
25.765913757700204,3.0,49.0,0.0,0.0,0.0,0.0,1,1800000,0,0,0,0,0,0,0,0
25.26488706365503,8.0,740.0,0.0,0.0,0.0,0.0,1,1200000,0,1,0,0,0,0,0,0
27.394934976043807,179.0,9342.0,7.0,7.0,0.0674373795761079,0.0674373795761079,1,2400000,0,0,1,0,0,0,0,0
31.175906913073238,0.0,0.0,0.0,0.0,0.0,0.0,0,100000,0,1,0,0,0,0,0,0
24.10403832991102,0.0,0.0,0.0,0.0,0.0,0.0,0,100000,1,0,0,0,0,0,0,1
28.17248459958932,227.0,13511.0,67.0,42.0,0.446303012360299,0.27977203759899344,1,22000000,0,0,0,0,0,0,0,1
25.17180013689254,0.0,0.0,0.0,0.0,0.0,0.0,0,125000,0,0,1,0,0,0,0,1
28.082135523613964,56.0,3007.0,2.0,1.0,0.05986032590621882,0.02993016295310941,1,5000000,0,0,1,0,0,0,1,0
26.70773442847365,0.0,0.0,0.0,0.0,0.0,0.0,0,150000,1,0,0,0,0,1,0,0
29.05407255304586,20.0,1325.0,0.0,0.0,0.0,0.0,1,800000,1,0,0,0,0,0,0,1
23.534565366187543,0.0,0.0,0.0,0.0,0.0,0.0,0,50000,0,0,0,0,0,0,0,1
28.65160848733744,225.0,17402.0,7.0,14.0,0.036202735317779566,0.07240547063555913,1,30000000,1,0,0,0,0,1,0,0
25.478439425051334,80.0,6533.0,1.0,7.0,0.013776213072095516,0.09643349150466861,1,15000000,1,0,0,0,0,0,0,1
23.299110198494184,0.0,0.0,0.0,0.0,0.0,0.0,0,125000,0,1,0,0,0,0,0,1
23.21423682409309,0.0,0.0,0.0,0.0,0.0,0.0,0,25000,0,0,0,0,0,0,0,1
23.474332648870636,0.0,0.0,0.0,0.0,0.0,0.0,0,50000,0,0,0,0,0,0,0,1
23.789185489390828,0.0,0.0,0.0,0.0,0.0,0.0,0,100000,1,0,0,0,0,0,0,1
26.406570841889117,84.0,4443.0,17.0,14.0,0.34436191762322754,0.2835921674544227,1,10000000,0,0,0,0,0,0,1,0
28.136892539356605,168.0,15162.0,0.0,1.0,0.0,0.00593589236248516,1,5000000,0,1,0,0,0,1,0,0
27.698836413415467,1.0,35.0,0.0,0.0,0.0,0.0,1,200000,0,0,0,0,0,0,0,0
31.32101300479124,287.0,19028.0,8.0,25.0,0.03783897414336767,0.11824679419802396,1,2500000,1,0,0,0,0,0,1,0
26.33264887063655,3.0,189.0,0.0,0.0,0.0,0.0,1,1000000,0,1,0,0,0,0,1,0
23.68788501026694,1.0,3.0,0.0,0.0,0.0,0.0,1,200000,0,0,0,0,0,0,0,1
22.743326488706366,0.0,0.0,0.0,0.0,0.0,0.0,0,50000,0,0,1,0,0,0,0,1
22.978781656399725,2.0,111.0,0.0,0.0,0.0,0.0,1,400000,0,0,0,0,0,0,0,1
30.798083504449007,4.0,360.0,0.0,0.0,0.0,0.0,1,450000,0,1,0,0,0,1,0,0
21.689253935660506,16.0,641.0,0.0,0.0,0.0,0.0,1,500000,0,0,1,0,0,0,1,0
24.0,0.0,0.0,0.0,0.0,0.0,0.0,0,150000,0,1,0,0,0,0,1,0
29.522245037645447,268.0,18724.0,11.0,16.0,0.05287331766716514,0.07690664387951293,1,4000000,0,0,1,0,0,0,0,0
22.302532511978097,0.0,0.0,0.0,0.0,0.0,0.0,0,50000,1,0,0,0,0,0,1,0
25.95208761122519,0.0,0.0,0.0,0.0,0.0,0.0,0,200000,0,0,1,0,0,0,1,0
28.49555099247091,234.0,15160.0,1.0,15.0,0.005936675461741424,0.08905013192612138,1,2000000,1,0,0,0,0,0,1,0
24.06297056810404,1.0,14.0,0.0,0.0,0.0,0.0,1,100000,0,0,0,0,0,0,0,1
27.904175222450377,48.0,1528.0,5.0,3.0,0.29450261780104714,0.17670157068062825,1,1800000,0,0,0,0,0,0,0,1
30.978781656399725,106.0,5685.0,8.0,7.0,0.1266490765171504,0.1108179419525066,1,400000,0,0,0,0,0,0,0,0
28.10677618069815,2.0,93.0,0.0,0.0,0.0,0.0,1,300000,0,0,0,0,0,0,0,0
23.742642026009584,0.0,0.0,0.0,0.0,0.0,0.0,0,600000,0,1,0,0,0,0,0,1
23.28268309377139,2.0,33.0,0.0,0.0,0.0,0.0,1,200000,1,0,0,0,0,0,0,1
23.45242984257358,0.0,0.0,0.0,0.0,0.0,0.0,0,75000,0,1,0,0,0,0,0,1
26.21492128678987,54.0,3737.0,0.0,0.0,0.0,0.0,1,1800000,1,0,0,0,0,0,0,1
21.229295003422312,0.0,0.0,0.0,0.0,0.0,0.0,0,25000,0,1,0,0,0,0,1,0
20.637919233401778,0.0,0.0,0.0,0.0,0.0,0.0,0,75000,1,0,0,0,0,0,1,0
28.739219712525667,0.0,0.0,0.0,0.0,0.0,0.0,0,175000,1,0,0,0,0,0,0,0
28.54483230663929,38.0,2260.0,2.0,1.0,0.07964601769911504,0.03982300884955752,1,400000,0,0,0,0,0,0,0,0
27.512662559890487,3.0,36.0,0.0,0.0,0.0,0.0,1,250000,0,0,0,0,0,0,1,0
25.78781656399726,0.0,0.0,0.0,0.0,0.0,0.0,0,50000,1,0,0,0,0,0,1,0
24.971937029431896,4.0,164.0,1.0,0.0,0.0,0.0,1,300000,0,0,0,0,0,1,0,0
28.021902806297057,196.0,12955.0,2.0,9.0,0.013894249324585103,0.06252412196063295,1,2500000,0,0,1,0,0,0,0,1
26.195756331279945,21.0,1840.0,1.0,0.0,0.04891304347826087,0.0,1,2200000,1,0,0,0,0,0,1,0
26.26420260095825,0.0,0.0,0.0,0.0,0.0,0.0,0,275000,1,0,0,0,0,0,1,0
26.2258726899384,2.0,178.0,0.0,0.0,0.0,0.0,1,150000,1,0,0,0,0,0,1,0
26.017796030116358,1.0,97.0,1.0,0.0,0.0,0.0,1,50000,0,0,1,0,0,0,1,0
26.138261464750173,0.0,0.0,0.0,0.0,0.0,0.0,0,275000,0,0,1,0,0,0,1,0
26.023271731690624,1.0,90.0,0.0,0.0,0.0,0.0,1,100000,0,0,1,0,0,0,1,0
25.53593429158111,0.0,0.0,0.0,0.0,0.0,0.0,0,100000,1,0,0,0,0,0,1,0
30.940451745379878,1.0,25.0,0.0,0.0,0.0,0.0,1,100000,0,0,1,0,0,0,0,0
26.817248459958932,0.0,0.0,0.0,0.0,0.0,0.0,0,200000,1,0,0,0,0,0,0,0
21.492128678986994,0.0,0.0,0.0,0.0,0.0,0.0,0,25000,0,0,1,0,0,0,1,0
20.83504449007529,0.0,0.0,0.0,0.0,0.0,0.0,0,400000,1,0,0,0,0,0,1,0
29.336071184120467,131.0,5813.0,26.0,11.0,0.40254601754687774,0.17030793050060208,1,4000000,0,0,0,0,0,0,0,0
25.100616016427104,41.0,2520.0,2.0,1.0,0.07142857142857142,0.03571428571428571,1,900000,1,0,0,0,0,0,1,0
28.49281314168378,216.0,12512.0,27.0,25.0,0.19421355498721227,0.17982736572890026,1,1800000,0,0,0,0,0,0,1,0
22.94318959616701,0.0,0.0,0.0,0.0,0.0,0.0,0,50000,0,0,0,0,0,0,1,0
26.90485968514716,0.0,0.0,0.0,0.0,0.0,0.0,0,300000,0,0,1,0,0,0,0,0
24.8186173853525,4.0,245.0,0.0,0.0,0.0,0.0,1,500000,0,0,0,0,0,0,1,0
25.412731006160165,0.0,0.0,0.0,0.0,0.0,0.0,0,25000,0,0,0,0,0,0,1,0
27.638603696098563,30.0,1703.0,0.0,1.0,0.0,0.05284791544333529,1,1000000,0,0,1,0,0,0,1,0
22.102669404517453,0.0,0.0,0.0,0.0,0.0,0.0,0,300000,0,0,1,0,0,0,0,0
29.642710472279262,36.0,1505.0,1.0,0.0,0.059800664451827246,0.0,1,800000,1,0,0,0,0,0,0,0
29.045859000684462,0.0,0.0,0.0,0.0,0.0,0.0,0,250000,0,0,0,0,0,0,0,0
25.2621492128679,104.0,7345.0,2.0,5.0,0.02450646698434309,0.06126616746085772,1,1200000,1,0,0,0,0,0,1,0
30.04517453798768,253.0,17049.0,7.0,36.0,0.03695231391870491,0.19004047158191095,1,4500000,1,0,0,0,0,0,1,0
26.1492128678987,0.0,0.0,0.0,0.0,0.0,0.0,0,10000,1,0,0,0,0,0,1,0
26.439425051334702,7.0,660.0,0.0,0.0,0.0,0.0,1,400000,0,1,0,0,0,0,1,0
26.031485284052017,0.0,0.0,0.0,0.0,0.0,0.0,0,100000,0,0,0,0,0,0,1,0
29.34428473648186,239.0,19421.0,4.0,6.0,0.018536635600638486,0.027804953400957726,1,3500000,1,0,0,0,0,0,1,0
26.49965776865161,0.0,0.0,0.0,0.0,0.0,0.0,0,100000,0,1,0,0,0,0,0,0
22.27789185489391,1.0,90.0,0.0,0.0,0.0,0.0,1,75000,0,1,0,0,0,0,1,0
29.946611909650922,350.0,25471.0,43.0,38.0,0.15193749754622904,0.13427034666876056,1,25000000,0,0,1,0,0,1,0,0
30.921286789869953,390.0,23944.0,48.0,54.0,0.1804209822920147,0.20297360507851653,1,4000000,0,0,0,0,0,0,0,0
27.200547570157426,188.0,13915.0,12.0,6.0,0.07761408551922386,0.03880704275961193,1,8000000,1,0,0,0,0,1,0,0
27.266255989048595,156.0,12177.0,3.0,14.0,0.022172949002217293,0.10347376201034739,1,8000000,0,0,1,0,0,0,0,1
26.754277891854894,148.0,13239.0,0.0,0.0,0.0,0.0,1,35000000,0,1,0,0,0,0,1,0
22.157426420260094,5.0,116.0,1.0,0.0,0.0,0.0,1,75000,0,0,0,0,0,1,0,0
27.4031485284052,8.0,810.0,0.0,0.0,0.0,0.0,1,2000000,0,1,0,0,0,0,0,0
19.49075975359343,0.0,0.0,0.0,0.0,0.0,0.0,0,150000,0,0,1,0,1,0,0,0
25.371663244353183,0.0,0.0,0.0,0.0,0.0,0.0,0,500000,0,1,0,0,0,1,0,0
29.853524982888434,176.0,11971.0,89.0,41.0,0.6691170328293375,0.30824492523598696,1,22000000,0,0,0,0,0,0,0,1
26.926762491444215,229.0,14249.0,58.0,48.0,0.3663414976489578,0.303179170468103,1,22000000,0,0,0,0,0,0,1,0
26.795345653661876,181.0,13836.0,4.0,9.0,0.026019080659150047,0.0585429314830876,1,4000000,1,0,0,0,0,1,0,0
30.570841889117045,65.0,5449.0,0.0,2.0,0.0,0.03303358414387961,1,900000,1,0,0,0,0,0,0,0
28.903490759753595,114.0,8438.0,3.0,3.0,0.031998103816070156,0.031998103816070156,1,13000000,1,0,0,0,0,1,0,0
23.802874743326488,0.0,0.0,0.0,0.0,0.0,0.0,0,200000,1,0,0,0,0,0,1,0
26.46132785763176,5.0,88.0,0.0,0.0,0.0,0.0,1,50000,0,0,0,0,0,0,1,0
21.456536618754278,0.0,0.0,0.0,0.0,0.0,0.0,0,25000,1,0,0,0,0,0,1,0
25.533196440793976,0.0,0.0,0.0,0.0,0.0,0.0,0,75000,1,0,0,0,0,1,0,0
25.99315537303217,0.0,0.0,0.0,0.0,0.0,0.0,0,50000,0,0,0,0,0,1,0,0
25.13347022587269,1.0,21.0,0.0,0.0,0.0,0.0,1,50000,0,0,0,0,0,0,0,0
29.50034223134839,161.0,9852.0,14.0,12.0,0.12789281364190014,0.10962241169305724,1,1800000,0,0,0,0,0,0,1,0
27.939767282683093,132.0,7020.0,6.0,7.0,0.07692307692307693,0.08974358974358974,1,1500000,0,0,0,0,0,0,0,0
24.88432580424367,0.0,0.0,0.0,0.0,0.0,0.0,0,100000,0,0,1,0,0,0,1,0
25.57700205338809,0.0,0.0,0.0,0.0,0.0,0.0,0,150000,1,0,0,0,0,0,1,0
24.763860369609855,94.0,5224.0,27.0,2.0,0.4651607963246554,0.03445635528330781,1,3000000,0,0,0,0,1,0,0,0
27.416837782340863,9.0,320.0,0.0,0.0,0.0,0.0,1,150000,1,0,0,0,0,0,1,0
26.42299794661191,0.0,0.0,0.0,0.0,0.0,0.0,0,10000,0,0,1,0,0,0,1,0
26.075290896646134,1.0,28.0,0.0,0.0,0.0,0.0,1,50000,0,0,0,1,0,0,1,0
23.88227241615332,0.0,0.0,0.0,0.0,0.0,0.0,0,10000,0,0,1,0,0,0,1,0
26.439425051334702,44.0,1359.0,4.0,2.0,0.26490066225165565,0.13245033112582782,1,300000,0,0,0,0,0,0,1,0
26.2258726899384,2.0,98.0,0.0,0.0,0.0,0.0,1,500000,0,0,1,0,0,0,1,0
26.401095140314855,40.0,1287.0,3.0,1.0,0.2097902097902098,0.06993006993006994,1,1000000,0,0,0,0,0,0,1,0
27.98904859685147,124.0,8557.0,1.0,5.0,0.010517704803085193,0.05258852401542597,1,1800000,1,0,0,0,1,0,0,0
24.974674880219027,1.0,1.0,0.0,0.0,0.0,0.0,1,450000,1,0,0,0,0,1,0,0
29.727583846680357,181.0,10564.0,48.0,15.0,0.4089360090874669,0.1277925028398334,1,5000000,0,0,0,0,0,0,0,0
27.189596167008897,1.0,90.0,0.0,0.0,0.0,0.0,1,300000,1,0,0,0,0,0,0,0
25.527720739219713,0.0,0.0,0.0,0.0,0.0,0.0,0,50000,1,0,0,0,0,0,1,0
20.31211498973306,0.0,0.0,0.0,0.0,0.0,0.0,0,25000,1,0,0,0,0,0,1,0
25.062286105407257,2.0,80.0,0.0,1.0,0.0,0.0,1,350000,0,0,0,0,0,0,1,0
24.867898699520875,0.0,0.0,0.0,0.0,0.0,0.0,0,100000,0,1,0,0,0,0,1,0
27.422313483915126,0.0,0.0,0.0,0.0,0.0,0.0,0,150000,0,1,0,0,0,0,1,0
25.71937029431896,0.0,0.0,0.0,0.0,0.0,0.0,0,200000,1,0,0,0,0,0,1,0
27.137577002053387,0.0,0.0,0.0,0.0,0.0,0.0,0,75000,1,0,0,0,0,0,1,0
26.978781656399725,1.0,52.0,0.0,0.0,0.0,0.0,1,75000,1,0,0,0,0,0,1,0
24.44626967830253,0.0,0.0,0.0,0.0,0.0,0.0,0,150000,1,0,0,0,0,1,0,0
24.347707049965777,2.0,12.0,0.0,0.0,0.0,0.0,1,350000,0,0,1,0,0,1,0,0
27.61122518822724,54.0,1872.0,4.0,3.0,0.19230769230769232,0.14423076923076922,1,1500000,0,0,1,0,0,1,0,0
26.89390828199863,143.0,6456.0,14.0,20.0,0.19516728624535318,0.2788104089219331,1,15000000,0,0,0,0,0,0,0,1
27.01163586584531,206.0,8110.0,36.0,11.0,0.3995067817509248,0.1220715166461159,1,10000000,0,0,0,0,0,1,0,0
26.480492813141684,160.0,5598.0,18.0,15.0,0.28938906752411575,0.24115755627009647,1,8000000,0,0,0,0,0,1,0,0
27.509924709103355,147.0,8808.0,32.0,7.0,0.32697547683923706,0.07152588555858311,1,8000000,0,0,0,0,0,1,0,0
26.78713210130048,238.0,12357.0,28.0,15.0,0.20393299344501092,0.10924981791697014,1,14000000,0,0,1,0,0,1,0,0
26.570841889117045,9.0,543.0,0.0,0.0,0.0,0.0,1,1000000,1,0,0,0,0,0,0,0
26.751540041067763,138.0,12331.0,0.0,0.0,0.0,0.0,1,10000000,0,1,0,0,0,0,1,0
26.351813826146476,208.0,11276.0,33.0,17.0,0.2633912735012416,0.13568641362185171,1,2000000,0,0,0,0,0,0,0,0
29.49760438056126,73.0,3867.0,10.0,5.0,0.23273855702094648,0.11636927851047324,1,850000,0,0,1,0,0,0,1,0
24.59958932238193,0.0,0.0,0.0,0.0,0.0,0.0,0,4000000,0,0,0,0,0,0,1,0
21.059548254620122,0.0,0.0,0.0,0.0,0.0,0.0,0,25000,0,1,0,0,0,0,1,0
24.128678986995208,1.0,90.0,0.0,0.0,0.0,0.0,1,150000,0,1,0,0,0,0,1,0
25.639972621492127,0.0,0.0,0.0,0.0,0.0,0.0,0,175000,1,0,0,0,0,0,1,0
25.905544147843944,0.0,0.0,0.0,0.0,0.0,0.0,0,50000,1,0,0,0,0,0,1,0
26.258726899383984,0.0,0.0,0.0,0.0,0.0,0.0,0,50000,0,0,1,0,0,0,1,0
25.256673511293634,0.0,0.0,0.0,0.0,0.0,0.0,0,75000,0,0,1,0,0,0,1,0
24.928131416837783,0.0,0.0,0.0,0.0,0.0,0.0,0,75000,0,0,1,0,0,0,1,0
26.036960985626283,0.0,0.0,0.0,0.0,0.0,0.0,0,225000,0,1,0,0,0,0,1,0
28.550308008213552,273.0,19418.0,11.0,21.0,0.05098362344216706,0.0973323720259553,1,18000000,1,0,0,0,0,1,0,0
26.023271731690624,2.0,2.0,0.0,0.0,0.0,0.0,1,100000,1,0,0,0,0,0,0,1
22.327173169062284,0.0,0.0,0.0,0.0,0.0,0.0,0,75000,0,0,1,0,0,0,1,0
28.355920602327174,30.0,1623.0,1.0,0.0,0.05545286506469501,0.0,1,700000,1,0,0,0,0,0,0,1
25.429158110882955,0.0,0.0,0.0,0.0,0.0,0.0,0,50000,0,0,1,0,0,0,1,0
24.487337440109513,3.0,189.0,1.0,1.0,0.0,0.0,1,50000,0,0,0,0,0,0,1,0
25.760438056125942,0.0,0.0,0.0,0.0,0.0,0.0,0,125000,0,0,0,0,0,0,1,0
26.02053388090349,0.0,0.0,0.0,0.0,0.0,0.0,0,75000,0,0,1,0,0,0,1,0
29.590691307323752,5.0,158.0,0.0,0.0,0.0,0.0,1,1500000,0,0,0,0,0,0,0,1
25.87542778918549,38.0,2672.0,4.0,2.0,0.1347305389221557,0.06736526946107785,1,2000000,1,0,0,0,0,0,1,0
26.72142368240931,51.0,2693.0,2.0,1.0,0.0668399554400297,0.03341997772001485,1,2000000,0,0,1,0,0,0,0,0
26.220396988364133,2.0,83.0,0.0,0.0,0.0,0.0,1,600000,0,0,0,0,0,0,0,0
27.526351813826146,92.0,8370.0,0.0,0.0,0.0,0.0,1,28000000,0,1,0,0,0,1,0,0
27.991786447638603,1.0,90.0,0.0,0.0,0.0,0.0,1,2000000,1,0,0,0,0,0,0,1
28.637919233401778,15.0,1336.0,1.0,0.0,0.06736526946107785,0.0,1,6000000,1,0,0,0,0,1,0,0
25.505817932922657,3.0,270.0,0.0,0.0,0.0,0.0,1,350000,0,1,0,0,0,1,0,0
29.138945927446954,197.0,15563.0,4.0,15.0,0.023131786930540386,0.08674420098952644,1,12000000,1,0,0,0,0,1,0,0
25.22108145106092,1.0,1.0,0.0,0.0,0.0,0.0,1,200000,0,0,1,0,0,0,1,0
25.100616016427104,0.0,0.0,0.0,0.0,0.0,0.0,0,25000,0,0,0,0,0,0,1,0
28.605065023956193,331.0,20856.0,70.0,52.0,0.3020713463751439,0.22439585730724973,1,13000000,0,0,0,0,0,1,0,0
32.02737850787132,260.0,14869.0,24.0,34.0,0.14526867980361827,0.2057972963884592,1,600000,0,0,0,0,0,0,0,0
19.37303216974675,0.0,0.0,0.0,0.0,0.0,0.0,0,25000,0,0,1,0,0,0,1,0
27.370294318959616,0.0,0.0,0.0,0.0,0.0,0.0,0,25000,0,1,0,0,0,0,1,0
26.357289527720738,204.0,15021.0,9.0,24.0,0.05392450569203116,0.14379868184541642,1,15000000,1,0,0,0,0,0,1,0
24.093086926762492,0.0,0.0,0.0,0.0,0.0,0.0,0,200000,0,0,0,0,0,0,0,0
24.418891170431213,3.0,246.0,0.0,0.0,0.0,0.0,1,100000,1,0,0,0,0,0,0,0
27.27173169062286,36.0,2951.0,3.0,1.0,0.09149440867502541,0.030498136225008472,1,4000000,1,0,0,0,0,0,0,0
26.809034907597535,187.0,13397.0,6.0,17.0,0.040307531536911245,0.1142046726879152,1,10000000,1,0,0,0,0,0,0,0
23.983572895277206,0.0,0.0,0.0,0.0,0.0,0.0,0,150000,0,1,0,0,0,0,0,0
27.197809719370294,3.0,88.0,0.0,0.0,0.0,0.0,1,1500000,0,0,1,0,0,0,0,0
27.304585900068446,144.0,9764.0,9.0,10.0,0.08295780417861531,0.09217533797623925,1,5000000,0,0,1,0,0,0,0,0
29.136208076659823,198.0,8040.0,22.0,13.0,0.24626865671641793,0.1455223880597015,1,3000000,0,0,0,0,0,0,0,1
27.121149897330596,1.0,61.0,0.0,0.0,0.0,0.0,1,1800000,1,0,0,0,1,0,0,0
27.4031485284052,0.0,0.0,0.0,0.0,0.0,0.0,0,250000,1,0,0,0,1,0,0,0
27.852156057494867,53.0,3406.0,1.0,2.0,0.026423957721667644,0.05284791544333529,1,900000,0,0,1,0,1,0,0,0
28.654346338124572,78.0,3698.0,3.0,3.0,0.0730124391563007,0.0730124391563007,1,4000000,0,0,1,0,0,1,0,0
27.603011635865844,24.0,2058.0,0.0,1.0,0.0,0.043731778425655975,1,3000000,0,1,0,0,0,0,0,0
28.42984257357974,13.0,1089.0,0.0,1.0,0.0,0.08264462809917356,1,900000,1,0,0,0,1,0,0,0
26.23134839151266,0.0,0.0,0.0,0.0,0.0,0.0,0,500000,1,0,0,0,0,1,0,0
26.27789185489391,103.0,4236.0,2.0,3.0,0.042492917847025496,0.06373937677053824,1,2000000,0,0,1,0,0,0,0,1
28.550308008213552,87.0,5747.0,1.0,1.0,0.015660344527579608,0.015660344527579608,1,5000000,1,0,0,0,0,1,0,0
28.128678986995208,60.0,2927.0,2.0,1.0,0.061496412709258624,0.030748206354629312,1,2000000,0,0,0,0,0,0,0,0
24.56125941136208,15.0,1350.0,0.0,0.0,0.0,0.0,1,400000,0,1,0,0,0,1,0,0
25.39630390143737,13.0,1112.0,0.0,0.0,0.0,0.0,1,100000,0,1,0,0,1,0,0,0
26.986995208761122,0.0,0.0,0.0,0.0,0.0,0.0,0,350000,1,0,0,0,1,0,0,0
22.888432580424368,25.0,1971.0,0.0,3.0,0.0,0.136986301369863,1,650000,1,0,0,0,1,0,0,0
21.782340862423,0.0,0.0,0.0,0.0,0.0,0.0,0,50000,1,0,0,0,1,0,0,0
28.79671457905544,168.0,8380.0,32.0,15.0,0.3436754176610979,0.16109785202863963,1,2500000,0,0,0,0,1,0,0,0
27.457905544147845,426.0,32736.0,326.0,112.0,0.8962609970674487,0.30791788856304986,1,180000000,0,0,0,0,0,0,0,0
26.650239561943874,1.0,10.0,0.0,0.0,0.0,0.0,1,100000,0,0,0,0,1,0,0,0
25.75770020533881,1.0,77.0,0.0,0.0,0.0,0.0,1,350000,0,0,0,0,0,0,1,0
27.44147843942505,32.0,1504.0,3.0,5.0,0.17952127659574466,0.2992021276595745,1,350000,0,0,0,0,0,0,0,1
20.607802874743328,1.0,68.0,0.0,0.0,0.0,0.0,1,100000,0,1,0,0,1,0,0,0
32.14784394250513,222.0,16423.0,13.0,5.0,0.07124155148267673,0.027400596724106434,1,4000000,0,0,1,0,0,1,0,0
27.38945927446954,234.0,13149.0,23.0,21.0,0.15742642026009582,0.14373716632443534,1,8000000,0,0,1,0,0,0,0,1
21.089664613278575,0.0,0.0,0.0,0.0,0.0,0.0,0,50000,1,0,0,0,0,0,1,0
27.21697467488022,77.0,4772.0,0.0,1.0,0.0,0.018860016764459347,1,2800000,1,0,0,0,0,0,1,0
24.761122518822724,2.0,150.0,0.0,0.0,0.0,0.0,1,175000,0,1,0,0,0,0,0,1
27.392197125256672,118.0,7186.0,11.0,26.0,0.1377678819927637,0.32563317561925964,1,10000000,0,0,0,0,0,0,0,1
31.019849418206707,283.0,18208.0,77.0,45.0,0.3806019332161687,0.22242970123022845,1,6000000,0,0,0,0,0,0,0,0
27.304585900068446,11.0,308.0,0.0,1.0,0.0,0.29220779220779225,1,700000,0,0,1,0,0,0,0,0
23.304585900068446,0.0,0.0,0.0,0.0,0.0,0.0,0,250000,0,0,1,0,0,0,0,1
26.817248459958932,0.0,0.0,0.0,0.0,0.0,0.0,0,125000,0,0,0,0,0,0,1,0
28.93634496919918,235.0,15658.0,103.0,29.0,0.5920296334142292,0.16668795503895772,1,15000000,0,0,0,0,0,0,1,0
24.966461327857633,30.0,1875.0,1.0,1.0,0.048,0.048,1,1000000,0,0,1,0,0,0,1,0
25.675564681724847,0.0,0.0,0.0,0.0,0.0,0.0,0,150000,0,0,1,0,0,0,1,0
24.95003422313484,0.0,0.0,0.0,0.0,0.0,0.0,0,175000,1,0,0,0,0,0,1,0
24.692676249144423,0.0,0.0,0.0,0.0,0.0,0.0,0,50000,1,0,0,0,0,0,1,0
27.066392881587955,122.0,7971.0,5.0,1.0,0.05645464809936018,0.011290929619872037,1,1500000,1,0,0,0,0,0,0,1
23.627652292950035,36.0,1589.0,3.0,2.0,0.1699181875393329,0.11327879169288861,1,1000000,0,0,1,0,0,1,0,0
27.548254620123203,173.0,12877.0,11.0,22.0,0.07688126116331444,0.15376252232662888,1,28000000,0,0,1,0,0,1,0,0
28.309377138945926,239.0,19549.0,3.0,8.0,0.013811448155915904,0.03683052841577575,1,2000000,1,0,0,0,1,0,0,0
28.372347707049965,311.0,18444.0,113.0,40.0,0.5513988288874431,0.1951854261548471,1,12000000,0,0,0,0,1,0,0,0
28.536618754277892,317.0,18609.0,97.0,63.0,0.46912784136708047,0.30469127841367083,1,25000000,0,0,0,0,0,0,1,0
28.11772758384668,69.0,3909.0,9.0,4.0,0.20721412125863392,0.0920951650038373,1,700000,0,0,1,0,1,0,0,0
24.747433264887064,14.0,1260.0,0.0,0.0,0.0,0.0,1,1500000,0,1,0,0,1,0,0,0
24.123203285420946,9.0,502.0,0.0,0.0,0.0,0.0,1,300000,1,0,0,0,1,0,0,0
27.353867214236825,214.0,16345.0,4.0,4.0,0.022025084123585194,0.022025084123585194,1,20000000,1,0,0,0,1,0,0,0
26.981519507186857,140.0,8988.0,5.0,2.0,0.050066755674232306,0.020026702269692925,1,2000000,1,0,0,0,0,0,0,1
24.177960301163587,106.0,4858.0,4.0,6.0,0.07410456978180321,0.11115685467270482,1,2000000,0,0,1,0,0,0,1,0
25.27583846680356,185.0,11036.0,1.0,4.0,0.008155128669807901,0.032620514679231605,1,14000000,0,0,1,0,0,1,0,0
19.121149897330596,0.0,0.0,0.0,0.0,0.0,0.0,0,100000,1,0,0,0,1,0,0,0
25.319644079397673,0.0,0.0,0.0,0.0,0.0,0.0,0,100000,1,0,0,0,0,0,1,0
27.581108829568787,352.0,28095.0,11.0,16.0,0.03523758675920982,0.05125467164975974,1,70000000,1,0,0,0,0,0,0,1
24.279260780287473,0.0,0.0,0.0,0.0,0.0,0.0,0,100000,0,0,1,0,0,0,1,0
24.479123887748116,75.0,3683.0,6.0,8.0,0.14661960358403475,0.195492804778713,1,6000000,0,0,1,0,0,1,0,0
24.536618754277892,0.0,0.0,0.0,0.0,0.0,0.0,0,10000,1,0,0,0,1,0,0,0
30.198494182067076,123.0,10159.0,5.0,14.0,0.04429569839551137,0.12402795550743184,1,8000000,1,0,0,0,1,0,0,0
30.954140999315538,178.0,11998.0,58.0,13.0,0.43507251208534753,0.09751625270878479,1,4000000,0,0,0,0,1,0,0,0
29.815195071868583,80.0,4836.0,11.0,7.0,0.20471464019851118,0.13027295285359802,1,5000000,0,0,0,0,1,0,0,0
21.207392197125255,0.0,0.0,0.0,0.0,0.0,0.0,0,50000,0,1,0,0,0,1,0,0
26.116358658453116,6.0,119.0,0.0,0.0,0.0,0.0,1,200000,0,0,0,0,1,0,0,0
25.38261464750171,3.0,185.0,0.0,0.0,0.0,0.0,1,800000,1,0,0,0,0,0,0,0
27.32375085557837,30.0,2435.0,2.0,4.0,0.07392197125256673,0.14784394250513347,1,1100000,1,0,0,0,1,0,0,0
29.377138945927445,0.0,0.0,0.0,0.0,0.0,0.0,0,275000,1,0,0,0,1,0,0,0
28.008213552361397,29.0,2162.0,1.0,2.0,0.041628122109158186,0.08325624421831637,1,2500000,1,0,0,0,0,0,0,1
27.312799452429843,0.0,0.0,0.0,0.0,0.0,0.0,0,400000,0,0,0,0,1,0,0,0
26.146475017111566,151.0,11045.0,0.0,2.0,0.0,0.016296966953372568,1,5000000,1,0,0,0,0,0,1,0
24.490075290896645,11.0,270.0,0.0,0.0,0.0,0.0,1,750000,0,0,0,0,0,0,1,0
27.16221765913758,213.0,12860.0,47.0,22.0,0.32892690513219286,0.15396578538102645,1,12000000,0,0,1,0,0,0,1,0
24.75564681724846,0.0,0.0,0.0,0.0,0.0,0.0,0,200000,0,0,1,0,0,0,1,0
27.83299110198494,197.0,12287.0,28.0,26.0,0.20509481565882642,0.19044518596891022,1,12000000,0,0,0,0,0,0,0,0
22.24229979466119,0.0,0.0,0.0,0.0,0.0,0.0,0,50000,0,1,0,0,0,1,0,0
27.121149897330596,70.0,6015.0,4.0,2.0,0.059850374064837904,0.029925187032418952,1,22000000,1,0,0,0,0,0,0,0
27.145790554414784,2.0,30.0,0.0,0.0,0.0,0.0,1,200000,0,0,0,0,0,1,0,0
29.45927446954141,249.0,18764.0,17.0,5.0,0.08153911745896397,0.023982093370283522,1,1500000,1,0,0,0,0,0,0,0
26.913073237508556,182.0,13630.0,13.0,5.0,0.08584005869405723,0.03301540719002201,1,40000000,1,0,0,0,0,1,0,0
24.922655715263517,1.0,8.0,0.0,0.0,0.0,0.0,1,25000,1,0,0,0,0,0,0,1
22.46132785763176,0.0,0.0,0.0,0.0,0.0,0.0,0,75000,1,0,0,0,0,0,0,1
24.005475701574266,43.0,1909.0,1.0,1.0,0.04714510214772132,0.04714510214772132,1,400000,0,0,1,0,0,0,0,1
23.630390143737166,1.0,90.0,0.0,0.0,0.0,0.0,1,1000000,1,0,0,0,0,1,0,0
25.149897330595483,40.0,2907.0,0.0,1.0,0.0,0.030959752321981424,1,1800000,1,0,0,0,0,1,0,0
27.394934976043807,293.0,18902.0,49.0,46.0,0.2333086445878743,0.21902444185800446,1,25000000,0,0,1,0,0,1,0,0
29.141683778234086,81.0,4808.0,10.0,6.0,0.18718801996672213,0.11231281198003328,1,3000000,0,0,1,0,0,0,0,1
24.536618754277892,0.0,0.0,0.0,0.0,0.0,0.0,0,75000,0,1,0,0,0,0,1,0
26.54072553045859,76.0,6760.0,0.0,0.0,0.0,0.0,1,2500000,0,1,0,0,1,0,0,0
27.381245722108144,165.0,14916.0,0.0,0.0,0.0,0.0,1,12000000,0,1,0,0,0,0,0,1
19.419575633127995,0.0,0.0,0.0,0.0,0.0,0.0,0,75000,0,0,1,0,0,0,1,0
24.22450376454483,1.0,17.0,0.0,0.0,0.0,0.0,1,350000,0,0,1,0,0,0,1,0
27.09924709103354,152.0,11772.0,6.0,4.0,0.045871559633027525,0.030581039755351685,1,6000000,1,0,0,0,0,0,1,0
23.95071868583162,4.0,33.0,0.0,0.0,0.0,0.0,1,700000,0,0,0,0,0,0,1,0
24.15879534565366,0.0,0.0,0.0,0.0,0.0,0.0,0,10000,1,0,0,0,0,0,1,0
27.227926078028748,178.0,10250.0,2.0,17.0,0.0175609756097561,0.14926829268292682,1,4500000,1,0,0,0,0,0,1,0
28.591375770020534,242.0,15920.0,20.0,14.0,0.11306532663316583,0.07914572864321609,1,15000000,0,0,1,0,0,1,0,0
29.87542778918549,209.0,13126.0,43.0,22.0,0.2948346792625324,0.15084564985524912,1,5000000,0,0,0,0,0,0,1,0
23.956194387405887,31.0,2431.0,2.0,2.0,0.07404360345536816,0.07404360345536816,1,3000000,1,0,0,0,0,0,0,1
26.32991101984942,158.0,11939.0,15.0,28.0,0.11307479688416115,0.21107295418376748,1,15000000,0,0,1,0,0,0,0,1
26.026009582477755,91.0,3576.0,15.0,8.0,0.3775167785234899,0.20134228187919462,1,25000000,0,0,0,0,0,1,0,0
32.04106776180698,27.0,1223.0,2.0,2.0,0.1471790678659035,0.1471790678659035,1,450000,0,0,0,0,1,0,0,0
26.094455852156056,65.0,4160.0,9.0,9.0,0.19471153846153846,0.19471153846153846,1,5000000,0,0,0,0,0,0,1,0
25.43189596167009,0.0,0.0,0.0,0.0,0.0,0.0,0,300000,0,1,0,0,0,0,1,0
28.555783709787818,18.0,447.0,4.0,0.0,0.8053691275167785,0.0,1,400000,0,0,0,0,1,0,0,0
24.722792607802873,0.0,0.0,0.0,0.0,0.0,0.0,0,50000,0,0,1,0,0,0,0,1
19.26899383983573,0.0,0.0,0.0,0.0,0.0,0.0,0,25000,1,0,0,0,0,0,1,0
24.739219712525667,0.0,0.0,0.0,0.0,0.0,0.0,0,75000,0,0,0,0,0,0,1,0
25.22108145106092,0.0,0.0,0.0,0.0,0.0,0.0,0,125000,0,0,0,0,0,0,1,0
28.58590006844627,298.0,20643.0,15.0,20.0,0.06539747129777648,0.08719662839703532,1,16000000,1,0,0,0,0,1,0,0
24.301163586584533,7.0,381.0,0.0,0.0,0.0,0.0,1,125000,0,0,0,0,0,0,0,1
26.636550308008214,3.0,101.0,0.0,0.0,0.0,0.0,1,200000,0,0,1,0,0,0,1,0
25.3305954825462,0.0,0.0,0.0,0.0,0.0,0.0,0,100000,0,0,0,0,0,0,1,0
23.523613963039015,0.0,0.0,0.0,0.0,0.0,0.0,0,300000,1,0,0,0,0,0,0,0
27.531827515400412,0.0,0.0,0.0,0.0,0.0,0.0,0,300000,0,0,1,0,0,0,0,0
28.016427104722794,136.0,7363.0,5.0,6.0,0.061116392774684225,0.07333967132962108,1,1800000,0,0,0,0,0,0,1,0
24.969199178644764,0.0,0.0,0.0,0.0,0.0,0.0,0,50000,0,1,0,0,0,0,1,0
21.730321697467488,0.0,0.0,0.0,0.0,0.0,0.0,0,75000,0,1,0,0,0,0,1,0
25.125256673511295,1.0,68.0,0.0,0.0,0.0,0.0,1,350000,0,1,0,0,0,0,0,1
30.154688569472963,295.0,16368.0,43.0,32.0,0.23643695014662755,0.17595307917888564,1,8000000,0,0,1,0,0,0,0,0
24.161533196440793,0.0,0.0,0.0,0.0,0.0,0.0,0,25000,0,0,0,0,0,0,1,0
26.699520876112253,287.0,18475.0,123.0,27.0,0.5991880920162381,0.13152909336941812,1,85000000,0,0,0,0,0,1,0,0
24.7419575633128,0.0,0.0,0.0,0.0,0.0,0.0,0,75000,1,0,0,0,0,0,1,0
24.83778234086242,22.0,1607.0,1.0,2.0,0.056004978220286245,0.11200995644057249,1,2500000,0,0,1,0,0,0,0,1
28.79397672826831,23.0,944.0,2.0,1.0,0.1906779661016949,0.09533898305084745,1,4000000,0,0,0,0,0,1,0,0
28.35044490075291,237.0,16328.0,7.0,25.0,0.03858402743753062,0.1378000979911808,1,12000000,1,0,0,0,0,0,1,0
28.8186173853525,175.0,14367.0,1.0,19.0,0.006264355815410315,0.11902276049279599,1,22000000,1,0,0,0,0,1,0,0
24.83504449007529,3.0,158.0,0.0,0.0,0.0,0.0,1,450000,1,0,0,0,0,0,1,0
25.377138945927445,0.0,0.0,0.0,0.0,0.0,0.0,0,25000,0,0,1,0,0,0,1,0
25.352498288843258,15.0,438.0,0.0,2.0,0.0,0.410958904109589,1,50000,0,0,0,0,0,0,1,0
28.706365503080082,96.0,6303.0,3.0,0.0,0.042836744407425034,0.0,1,1200000,1,0,0,0,0,0,0,0
29.207392197125255,62.0,3564.0,1.0,1.0,0.025252525252525256,0.025252525252525256,1,1000000,1,0,0,0,0,0,0,0
28.520191649555098,8.0,303.0,2.0,0.0,0.594059405940594,0.0,1,400000,0,0,0,0,0,0,0,0
31.345653661875428,21.0,1212.0,0.0,1.0,0.0,0.07425742574257425,1,600000,1,0,0,0,0,0,0,0
25.464750171115675,0.0,0.0,0.0,0.0,0.0,0.0,0,125000,1,0,0,0,0,0,1,0
25.44284736481862,2.0,210.0,0.0,0.0,0.0,0.0,1,275000,0,1,0,0,0,0,1,0
30.16016427104723,367.0,25222.0,39.0,45.0,0.13916422171120452,0.16057410197446673,1,30000000,0,0,1,0,1,0,0,0
23.318275154004105,8.0,388.0,0.0,0.0,0.0,0.0,1,250000,1,0,0,0,0,0,0,1
29.12251882272416,436.0,32087.0,133.0,65.0,0.3730482750023374,0.18231682612896186,1,25000000,0,0,0,0,0,0,0,0
31.077344284736483,0.0,0.0,0.0,0.0,0.0,0.0,0,150000,0,0,0,0,0,0,0,0
24.479123887748116,0.0,0.0,0.0,0.0,0.0,0.0,0,800000,0,0,0,0,0,1,0,0
29.34428473648186,23.0,1552.0,2.0,2.0,0.11597938144329897,0.11597938144329897,1,150000,1,0,0,0,0,0,0,0
30.48596851471595,112.0,6716.0,3.0,3.0,0.04020250148898154,0.04020250148898154,1,2500000,0,0,1,0,0,1,0,0
27.583846680355922,39.0,3229.0,1.0,3.0,0.02787240631774543,0.08361721895323629,1,3500000,1,0,0,0,0,1,0,0
29.56331279945243,306.0,24431.0,10.0,8.0,0.03683844296181081,0.02947075436944865,1,20000000,1,0,0,0,0,0,0,0
31.531827515400412,97.0,7997.0,2.0,2.0,0.022508440665249468,0.022508440665249468,1,1500000,1,0,0,0,1,0,0,0
24.487337440109513,0.0,0.0,0.0,0.0,0.0,0.0,0,300000,0,0,0,0,0,0,1,0
29.686516084873375,146.0,12999.0,7.0,2.0,0.048465266558966075,0.01384721901684745,1,3500000,1,0,0,0,0,0,1,0
28.479123887748116,64.0,5850.0,0.0,0.0,0.0,0.0,1,10000000,0,1,0,0,0,1,0,0
25.727583846680357,4.0,32.0,0.0,0.0,0.0,0.0,1,500000,1,0,0,0,1,0,0,0
30.067077344284737,0.0,0.0,0.0,0.0,0.0,0.0,0,250000,0,0,0,0,1,0,0,0
28.438056125941138,5.0,242.0,0.0,0.0,0.0,0.0,1,800000,0,0,0,0,0,0,0,0
25.149897330595483,0.0,0.0,0.0,0.0,0.0,0.0,0,25000,1,0,0,0,0,0,1,0
19.956194387405887,1.0,59.0,0.0,0.0,0.0,0.0,1,75000,1,0,0,0,0,0,1,0
29.43463381245722,187.0,15106.0,5.0,3.0,0.029789487620812922,0.017873692572487755,1,13000000,1,0,0,0,0,1,0,0
28.40520191649555,0.0,0.0,0.0,0.0,0.0,0.0,0,50000,1,0,0,0,0,0,0,0
31.252566735112936,8.0,368.0,0.0,0.0,0.0,0.0,1,150000,1,0,0,0,1,0,0,0
27.613963039014372,3.0,270.0,0.0,0.0,0.0,0.0,1,225000,1,0,0,0,1,0,0,0
30.17659137577002,353.0,27956.0,15.0,18.0,0.04829017026756332,0.057948204321075975,1,12000000,1,0,0,0,1,0,0,0
25.360711841204655,0.0,0.0,0.0,0.0,0.0,0.0,0,25000,0,1,0,0,1,0,0,0
20.917180013689254,0.0,0.0,0.0,0.0,0.0,0.0,0,50000,0,0,0,0,1,0,0,0
26.50513347022587,3.0,252.0,0.0,0.0,0.0,0.0,1,900000,1,0,0,0,1,0,0,0
27.315537303216974,0.0,0.0,0.0,0.0,0.0,0.0,0,50000,1,0,0,0,1,0,0,0
30.17385352498289,240.0,12993.0,32.0,42.0,0.22165781574694066,0.2909258831678596,1,7000000,0,0,0,0,1,0,0,0
26.46406570841889,0.0,0.0,0.0,0.0,0.0,0.0,0,250000,1,0,0,0,1,0,0,0
29.982203969883642,109.0,5574.0,17.0,16.0,0.2744886975242196,0.25834230355220666,1,5000000,0,0,0,0,1,0,0,0
24.438056125941138,4.0,420.0,0.0,0.0,0.0,0.0,1,200000,0,1,0,0,0,0,1,0
28.1533196440794,1.0,24.0,0.0,0.0,0.0,0.0,1,300000,0,0,0,0,0,1,0,0
26.234086242299796,117.0,8174.0,11.0,8.0,0.12111573281135307,0.08808416931734768,1,3500000,0,0,1,0,0,0,1,0
24.569472963723477,1.0,90.0,0.0,0.0,0.0,0.0,1,25000,1,0,0,0,0,0,1,0
27.041752224503764,125.0,9371.0,4.0,7.0,0.038416390993490555,0.06722868423860848,1,18000000,1,0,0,0,0,0,0,1
26.633812457221083,0.0,0.0,0.0,0.0,0.0,0.0,0,300000,0,0,1,0,1,0,0,0
26.704996577686515,0.0,0.0,0.0,0.0,0.0,0.0,0,25000,1,0,0,0,1,0,0,0
29.089664613278575,308.0,21404.0,16.0,13.0,0.06727714445897963,0.05466267987292094,1,2000000,0,0,1,0,1,0,0,0
20.982888432580424,1.0,7.0,0.0,0.0,0.0,0.0,1,25000,0,0,0,0,0,0,1,0
22.863791923340177,0.0,0.0,0.0,0.0,0.0,0.0,0,150000,0,1,0,0,0,1,0,0
24.607802874743328,0.0,0.0,0.0,0.0,0.0,0.0,0,500000,0,0,1,0,0,1,0,0
22.357289527720738,2.0,23.0,0.0,0.0,0.0,0.0,1,250000,0,0,1,0,1,0,0,0
31.43600273785079,296.0,24335.0,5.0,19.0,0.018491884117526197,0.07026915964659955,1,800000,1,0,0,0,1,0,0,0
27.94524298425736,0.0,0.0,0.0,0.0,0.0,0.0,0,150000,1,0,0,0,0,0,0,0
30.532511978097194,369.0,26443.0,17.0,27.0,0.057860303293877396,0.09189577581968762,1,15000000,0,0,1,0,0,0,1,0
28.93908281998631,323.0,21402.0,13.0,26.0,0.054667788057190914,0.10933557611438183,1,20000000,0,0,1,0,0,1,0,0
24.139630390143736,0.0,0.0,0.0,0.0,0.0,0.0,0,50000,0,1,0,0,0,0,1,0
30.272416153319643,192.0,14676.0,19.0,19.0,0.11651676206050694,0.11651676206050694,1,7000000,1,0,0,0,1,0,0,0
27.41409993155373,0.0,0.0,0.0,0.0,0.0,0.0,0,350000,0,0,0,0,1,0,0,0
26.088980150581794,21.0,1296.0,0.0,0.0,0.0,0.0,1,400000,0,0,1,0,0,0,0,0
27.592060232717316,26.0,1481.0,7.0,5.0,0.42538825118163404,0.3038487508440243,1,125000,1,0,0,0,0,0,1,0
35.60027378507871,206.0,13733.0,30.0,25.0,0.19660671375518826,0.16383892812932352,1,1200000,0,0,0,0,1,0,0,0
29.776865160848732,176.0,10941.0,43.0,12.0,0.3537153825061695,0.09871126953660542,1,4000000,0,0,0,0,0,0,1,0
25.45927446954141,1.0,10.0,0.0,0.0,0.0,0.0,1,250000,0,0,0,0,0,0,1,0
27.340177960301162,36.0,2565.0,1.0,0.0,0.03508771929824561,0.0,1,800000,1,0,0,0,0,0,1,0
24.413415468856947,0.0,0.0,0.0,0.0,0.0,0.0,0,50000,1,0,0,0,0,0,1,0
24.97741273100616,0.0,0.0,0.0,0.0,0.0,0.0,0,50000,1,0,0,0,0,0,1,0
23.279945242984258,0.0,0.0,0.0,0.0,0.0,0.0,0,75000,1,0,0,0,0,0,1,0
27.808350444900753,41.0,1660.0,0.0,3.0,0.0,0.16265060240963855,1,1000000,0,0,1,0,0,0,1,0
24.908966461327857,4.0,23.0,0.0,0.0,0.0,0.0,1,300000,0,0,0,0,0,0,0,0
26.754277891854894,0.0,0.0,0.0,0.0,0.0,0.0,0,300000,0,0,0,0,0,0,0,0
27.33196440793977,0.0,0.0,0.0,0.0,0.0,0.0,0,275000,0,1,0,0,0,0,1,0
25.423682409308693,3.0,145.0,3.0,0.0,0.0,0.0,1,200000,0,0,0,0,0,0,1,0
22.90485968514716,0.0,0.0,0.0,0.0,0.0,0.0,0,100000,0,1,0,0,0,0,1,0
26.302532511978097,5.0,381.0,0.0,0.0,0.0,0.0,1,1200000,0,0,1,0,0,0,0,0
26.46406570841889,65.0,5153.0,5.0,1.0,0.08732777023093344,0.017465554046186688,1,7000000,1,0,0,0,1,0,0,0
29.182751540041068,330.0,25700.0,5.0,12.0,0.017509727626459144,0.04202334630350194,1,6000000,1,0,0,0,0,0,0,0
25.232032854209447,0.0,0.0,0.0,0.0,0.0,0.0,0,100000,0,0,0,0,0,0,0,0
25.43189596167009,2.0,180.0,0.0,0.0,0.0,0.0,1,200000,1,0,0,0,0,0,1,0
29.34154688569473,191.0,10401.0,39.0,13.0,0.3374675511970003,0.11248918373233344,1,3000000,0,0,0,0,0,0,0,0
28.10130047912389,253.0,21529.0,19.0,15.0,0.07942774861814296,0.06270611733011287,1,45000000,1,0,0,0,0,1,0,0
23.857631759069132,1.0,31.0,0.0,0.0,0.0,0.0,1,50000,1,0,0,0,0,0,1,0
24.944558521560573,0.0,0.0,0.0,0.0,0.0,0.0,0,250000,0,1,0,0,0,0,1,0
25.478439425051334,0.0,0.0,0.0,0.0,0.0,0.0,0,10000,1,0,0,0,0,0,1,0
26.757015742642025,6.0,153.0,1.0,0.0,0.0,0.0,1,300000,0,0,0,0,0,0,0,1
29.82614647501711,313.0,20930.0,55.0,40.0,0.23650262780697562,0.17200191113234592,1,10000000,0,0,1,0,0,1,0,0
22.559890485968516,0.0,0.0,0.0,0.0,0.0,0.0,0,250000,0,0,0,0,0,1,0,0
27.488021902806295,0.0,0.0,0.0,0.0,0.0,0.0,0,250000,1,0,0,0,0,0,0,0
30.154688569472963,291.0,18283.0,18.0,35.0,0.08860690258710278,0.17229119947492205,1,2500000,1,0,0,0,0,0,0,0
24.164271047227928,0.0,0.0,0.0,0.0,0.0,0.0,0,175000,1,0,0,0,0,0,0,1
24.635181382614647,0.0,0.0,0.0,0.0,0.0,0.0,0,500000,0,0,1,0,0,0,0,1
28.79671457905544,96.0,8581.0,0.0,0.0,0.0,0.0,1,3000000,0,1,0,0,1,0,0,0
25.921971252566735,162.0,9991.0,11.0,15.0,0.09908918026223602,0.13512160944850365,1,4000000,1,0,0,0,0,0,0,0
27.025325119780973,270.0,21710.0,11.0,5.0,0.045601105481345,0.020727775218793182,1,45000000,1,0,0,0,0,1,0,0
27.211498973305954,277.0,21246.0,12.0,22.0,0.05083309799491669,0.0931940129906806,1,30000000,1,0,0,0,0,1,0,0
27.340177960301162,210.0,16742.0,5.0,5.0,0.026878509138693104,0.026878509138693104,1,12000000,1,0,0,0,0,0,0,1
26.78986995208761,232.0,15027.0,4.0,9.0,0.02395687762028349,0.05390297464563785,1,16000000,0,0,1,0,0,1,0,0
26.967830253251197,319.0,21101.0,89.0,69.0,0.3796028624235818,0.29429884839581066,1,50000000,0,0,0,0,0,0,1,0
24.33675564681725,18.0,781.0,0.0,0.0,0.0,0.0,1,600000,1,0,0,0,0,0,1,0
23.81930184804928,0.0,0.0,0.0,0.0,0.0,0.0,0,125000,1,0,0,0,0,0,1,0
20.459958932238195,0.0,0.0,0.0,0.0,0.0,0.0,0,25000,0,0,0,0,0,0,1,0
25.05407255304586,2.0,11.0,0.0,0.0,0.0,0.0,1,250000,0,0,0,0,0,1,0,0
26.33264887063655,276.0,18139.0,117.0,24.0,0.5805171178124483,0.11908043442306632,1,35000000,0,0,0,0,0,0,1,0
26.23134839151266,0.0,0.0,0.0,0.0,0.0,0.0,0,50000,0,0,1,0,0,0,0,0
29.946611909650922,416.0,31425.0,32.0,37.0,0.09164677804295943,0.10596658711217184,1,50000000,0,0,1,0,0,1,0,0
27.08829568788501,55.0,2479.0,11.0,5.0,0.39935457845905603,0.18152480839048002,1,3000000,0,0,0,0,0,0,0,0
26.809034907597535,4.0,99.0,0.0,0.0,0.0,0.0,1,3500000,0,0,1,0,0,1,0,0
27.044490075290895,31.0,2775.0,0.0,0.0,0.0,0.0,1,3000000,0,1,0,0,0,1,0,0
27.38398357289528,379.0,31579.0,34.0,41.0,0.09689983850026918,0.11684980525032458,1,120000000,0,0,1,0,0,1,0,0
26.483230663928815,31.0,1240.0,7.0,2.0,0.5080645161290323,0.14516129032258066,1,3500000,0,0,0,0,0,0,1,0
26.466803559206024,199.0,13189.0,3.0,11.0,0.020471605125483357,0.0750625521267723,1,1500000,1,0,0,0,0,0,1,0
23.529089664613277,0.0,0.0,0.0,0.0,0.0,0.0,0,75000,0,0,1,0,0,0,1,0
30.72416153319644,157.0,10902.0,2.0,1.0,0.01651073197578426,0.00825536598789213,1,2000000,1,0,0,0,0,0,0,0
30.28336755646817,438.0,29206.0,48.0,51.0,0.1479148120249264,0.15715948777648428,1,8000000,0,0,1,0,0,0,0,0
23.915126625598905,0.0,0.0,0.0,0.0,0.0,0.0,0,100000,1,0,0,0,0,1,0,0
23.633127994524298,1.0,76.0,0.0,1.0,0.0,0.0,1,500000,0,0,1,0,0,1,0,0
23.23066392881588,0.0,0.0,0.0,0.0,0.0,0.0,0,350000,0,1,0,0,0,0,1,0
23.184120465434635,0.0,0.0,0.0,0.0,0.0,0.0,0,275000,0,0,0,0,0,0,1,0
23.274469541409992,0.0,0.0,0.0,0.0,0.0,0.0,0,600000,0,1,0,0,0,0,1,0
26.031485284052017,176.0,11598.0,3.0,23.0,0.023279875840662184,0.1784790481117434,1,15000000,0,0,1,0,0,0,1,0
25.678302532511978,1.0,2.0,0.0,0.0,0.0,0.0,1,300000,1,0,0,0,0,0,1,0
23.15400410677618,0.0,0.0,0.0,0.0,0.0,0.0,0,175000,0,0,1,0,0,0,1,0
23.23340177960301,1.0,10.0,0.0,0.0,0.0,0.0,1,400000,0,0,0,0,0,0,1,0
22.154688569472963,0.0,0.0,0.0,0.0,0.0,0.0,0,50000,0,0,0,0,0,0,1,0
25.711156741957563,39.0,3381.0,1.0,0.0,0.02661934338952972,0.0,1,4500000,1,0,0,0,0,0,1,0
26.064339493497606,102.0,4397.0,11.0,11.0,0.2251535137593814,0.2251535137593814,1,6500000,0,0,1,0,0,0,1,0
26.026009582477755,169.0,8291.0,29.0,14.0,0.31479917983355443,0.15197201785068146,1,7000000,0,0,0,0,0,0,1,0
29.412731006160165,183.0,14575.0,3.0,5.0,0.018524871355060035,0.03087478559176672,1,2500000,1,0,0,0,1,0,0,0
30.68309377138946,214.0,16836.0,9.0,2.0,0.048111190306486105,0.010691375623663579,1,1000000,1,0,0,0,0,0,0,0
27.94524298425736,320.0,24103.0,66.0,44.0,0.2464423515744928,0.16429490104966188,1,17000000,0,0,0,0,0,0,0,1
27.55373032169747,1.0,49.0,0.0,0.0,0.0,0.0,1,300000,0,1,0,0,1,0,0,0
23.23066392881588,0.0,0.0,0.0,0.0,0.0,0.0,0,150000,0,1,0,0,1,0,0,0
25.93839835728953,3.0,44.0,0.0,0.0,0.0,0.0,1,150000,0,0,1,0,1,0,0,0
26.8911704312115,23.0,795.0,2.0,0.0,0.22641509433962262,0.0,1,700000,0,0,0,0,1,0,0,0
28.87337440109514,31.0,1309.0,2.0,2.0,0.13750954927425516,0.13750954927425516,1,3500000,0,0,0,0,1,0,0,0
27.370294318959616,0.0,0.0,0.0,0.0,0.0,0.0,0,50000,1,0,0,0,0,0,1,0
23.66324435318275,12.0,247.0,0.0,2.0,0.0,0.0,1,500000,0,0,0,0,0,0,0,1
24.774811772758383,1.0,45.0,0.0,0.0,0.0,0.0,1,150000,1,0,0,0,0,0,0,0
25.026694045174537,0.0,0.0,0.0,0.0,0.0,0.0,0,250000,0,0,0,0,0,1,0,0
25.259411362080765,0.0,0.0,0.0,0.0,0.0,0.0,0,400000,0,0,1,0,0,0,1,0
28.246406570841888,371.0,29030.0,79.0,36.0,0.24491904925938685,0.11160868067516362,1,14000000,0,0,1,0,0,0,1,0
27.655030800821354,0.0,0.0,0.0,0.0,0.0,0.0,0,250000,0,0,0,0,1,0,0,0
25.93839835728953,164.0,9316.0,10.0,12.0,0.09660798626019751,0.11592958351223702,1,2500000,0,0,1,0,0,0,1,0
26.146475017111566,196.0,10970.0,28.0,19.0,0.22971741112123975,0.15587967183226983,1,10000000,0,0,1,0,0,0,1,0
26.390143737166323,211.0,17711.0,9.0,9.0,0.045734289424651346,0.045734289424651346,1,35000000,1,0,0,0,0,1,0,0
28.9637234770705,203.0,10792.0,50.0,5.0,0.41697553743513716,0.041697553743513714,1,4000000,0,0,0,0,0,0,0,0
26.017796030116358,102.0,9043.0,0.0,1.0,0.0,0.009952449408382174,1,10000000,0,1,0,0,1,0,0,0
26.171115674195757,189.0,14843.0,18.0,6.0,0.1091423566664421,0.036380785555480695,1,15000000,1,0,0,0,0,0,0,1
23.567419575633128,2.0,9.0,0.0,0.0,0.0,0.0,1,250000,0,0,0,0,0,0,0,1
26.915811088295687,42.0,2133.0,1.0,2.0,0.042194092827004225,0.08438818565400845,1,1500000,1,0,0,0,0,0,0,1
30.171115674195757,213.0,18378.0,16.0,6.0,0.07835455435847209,0.029382957884427033,1,15000000,1,0,0,0,1,0,0,0
31.43874058863792,194.0,13479.0,24.0,19.0,0.16024927665257066,0.12686401068328512,1,2800000,0,0,0,0,0,0,0,0
27.096509240246405,193.0,11639.0,7.0,8.0,0.054128361543087894,0.061860984620671876,1,20000000,1,0,0,0,0,1,0,0
24.320328542094455,4.0,40.0,0.0,0.0,0.0,0.0,1,500000,0,0,0,0,0,0,0,1
25.700205338809035,1.0,3.0,0.0,0.0,0.0,0.0,1,250000,0,0,1,0,0,0,1,0
24.281998631074607,0.0,0.0,0.0,0.0,0.0,0.0,0,200000,0,0,0,0,0,0,0,1
27.59479808350445,1.0,10.0,0.0,0.0,0.0,0.0,1,200000,0,0,1,0,0,1,0,0
30.77891854893908,126.0,9149.0,12.0,10.0,0.11804568805333916,0.09837140671111597,1,2000000,1,0,0,0,0,0,0,1
25.010266940451746,0.0,0.0,0.0,0.0,0.0,0.0,0,300000,1,0,0,0,0,0,1,0
28.0,65.0,3429.0,5.0,1.0,0.13123359580052493,0.02624671916010499,1,3000000,0,0,1,0,0,0,0,0
27.255304585900067,0.0,0.0,0.0,0.0,0.0,0.0,0,200000,0,0,1,0,1,0,0,0
29.166324435318277,337.0,19478.0,116.0,64.0,0.535989321285553,0.29571824622651194,1,17000000,0,0,0,0,0,1,0,0
23.033538672142367,1.0,5.0,0.0,0.0,0.0,0.0,1,250000,0,0,1,0,0,0,0,1
26.17659137577002,1.0,25.0,0.0,0.0,0.0,0.0,1,150000,0,1,0,0,0,0,0,0
22.151950718685832,11.0,371.0,0.0,0.0,0.0,0.0,1,200000,0,0,1,0,0,0,1,0
27.485284052019164,0.0,0.0,0.0,0.0,0.0,0.0,0,150000,1,0,0,0,0,0,1,0
29.38261464750171,2.0,180.0,0.0,0.0,0.0,0.0,1,100000,0,1,0,0,0,1,0,0
23.381245722108144,0.0,0.0,0.0,0.0,0.0,0.0,0,600000,0,0,0,0,0,0,1,0
23.21971252566735,93.0,2337.0,11.0,3.0,0.42362002567394097,0.11553273427471115,1,3000000,0,0,0,0,0,0,1,0
21.73579739904175,0.0,0.0,0.0,0.0,0.0,0.0,0,25000,0,0,1,0,0,0,1,0
26.247775496235455,274.0,13429.0,74.0,12.0,0.49594161888450367,0.08042296522451411,1,32000000,0,0,0,0,0,0,1,0
23.446954140999317,0.0,0.0,0.0,0.0,0.0,0.0,0,200000,0,0,1,0,0,0,1,0
23.378507871321013,0.0,0.0,0.0,0.0,0.0,0.0,0,75000,0,0,1,0,0,0,1,0
23.367556468172484,5.0,188.0,1.0,0.0,0.0,0.0,1,200000,0,0,0,0,0,0,1,0
30.636550308008214,10.0,343.0,0.0,0.0,0.0,0.0,1,600000,0,0,0,0,1,0,0,0
26.6694045174538,245.0,17619.0,9.0,25.0,0.04597309722458709,0.12770304784607525,1,15000000,1,0,0,0,1,0,0,0
31.0362765229295,186.0,14768.0,3.0,3.0,0.018282773564463707,0.018282773564463707,1,4000000,1,0,0,0,0,0,0,1
25.78507871321013,23.0,2028.0,2.0,0.0,0.08875739644970415,0.0,1,3000000,1,0,0,0,1,0,0,0
28.725530458590008,25.0,754.0,1.0,0.0,0.11936339522546419,0.0,1,300000,0,0,0,0,1,0,0,0
30.71047227926078,87.0,2993.0,9.0,2.0,0.270631473438022,0.06014032743067157,1,900000,0,0,0,0,0,0,0,0
25.010266940451746,0.0,0.0,0.0,0.0,0.0,0.0,0,75000,0,0,1,0,0,0,1,0
26.47501711156742,44.0,3863.0,0.0,4.0,0.0,0.09319181982914834,1,2200000,1,0,0,0,1,0,0,0
24.164271047227928,0.0,0.0,0.0,0.0,0.0,0.0,0,1200000,0,0,1,0,0,1,0,0
29.09240246406571,175.0,14276.0,2.0,15.0,0.01260857383020454,0.09456430372653404,1,4000000,1,0,0,0,1,0,0,0
25.60438056125941,144.0,7744.0,14.0,12.0,0.16270661157024793,0.13946280991735538,1,32000000,0,0,0,0,0,1,0,0
25.048596851471594,64.0,2909.0,14.0,7.0,0.4331385355792368,0.2165692677896184,1,15000000,0,0,0,0,0,1,0,0
23.690622861054074,0.0,0.0,0.0,0.0,0.0,0.0,0,200000,0,0,0,0,1,0,0,0
25.37987679671458,15.0,924.0,0.0,0.0,0.0,0.0,1,500000,1,0,0,0,0,0,1,0
20.933607118412045,6.0,339.0,1.0,0.0,0.2654867256637168,0.0,1,50000,1,0,0,0,1,0,0,0
24.761122518822724,0.0,0.0,0.0,0.0,0.0,0.0,0,100000,0,0,1,0,0,0,1,0
25.749486652977414,201.0,12111.0,10.0,28.0,0.07431260837255388,0.20807530344315087,1,15000000,1,0,0,0,0,0,0,0
22.633812457221083,0.0,0.0,0.0,0.0,0.0,0.0,0,350000,0,0,0,0,0,0,0,0
28.750171115674195,71.0,4773.0,4.0,2.0,0.0754242614707731,0.03771213073538655,1,1500000,0,0,1,0,0,0,0,0
26.49965776865161,117.0,8771.0,10.0,1.0,0.10261087675293581,0.010261087675293582,1,13000000,1,0,0,0,0,0,1,0
27.241615331964407,165.0,11736.0,2.0,6.0,0.015337423312883436,0.04601226993865031,1,2500000,1,0,0,0,0,0,0,0
22.757015742642025,0.0,0.0,0.0,0.0,0.0,0.0,0,10000,0,0,1,0,0,0,1,0
29.34154688569473,318.0,18752.0,87.0,34.0,0.4175554607508532,0.1631825938566553,1,15000000,0,0,0,0,0,0,1,0
28.317590691307323,57.0,3900.0,1.0,1.0,0.023076923076923078,0.023076923076923078,1,1200000,0,0,1,0,0,0,1,0
26.781656399726216,2.0,20.0,0.0,0.0,0.0,0.0,1,300000,0,0,1,0,0,0,0,0
27.718001368925393,0.0,0.0,0.0,0.0,0.0,0.0,0,200000,0,0,0,0,0,0,0,0
24.23545516769336,11.0,283.0,0.0,0.0,0.0,0.0,1,225000,0,0,1,0,0,0,0,1
26.28062970568104,283.0,17464.0,99.0,33.0,0.5101923957856161,0.17006413192853873,1,25000000,0,0,0,0,0,0,1,0
26.0041067761807,214.0,18388.0,13.0,2.0,0.06362845333913422,0.009788992821405265,1,17000000,1,0,0,0,0,0,0,1
27.871321013004792,396.0,28283.0,41.0,44.0,0.13046706502139094,0.1400134356327122,1,90000000,0,0,1,0,0,0,0,0
24.05475701574264,0.0,0.0,0.0,0.0,0.0,0.0,0,450000,0,0,0,0,0,1,0,0
28.815879534565365,170.0,13943.0,3.0,3.0,0.019364555691027754,0.019364555691027754,1,900000,1,0,0,0,0,0,0,0
26.65571526351814,249.0,17213.0,19.0,21.0,0.0993435194329867,0.10980073200488003,1,35000000,1,0,0,0,0,1,0,0
22.46132785763176,0.0,0.0,0.0,0.0,0.0,0.0,0,50000,0,0,1,0,0,0,1,0
29.018480492813143,308.0,23140.0,16.0,42.0,0.06222990492653414,0.16335350043215213,1,7000000,1,0,0,0,0,0,0,1
28.876112251882272,232.0,17707.0,20.0,27.0,0.10165471282543627,0.13723386231433898,1,10000000,1,0,0,0,0,0,0,1
23.57015742642026,0.0,0.0,0.0,0.0,0.0,0.0,0,200000,1,0,0,0,0,0,0,1
26.836413415468858,55.0,1346.0,6.0,0.0,0.40118870728083206,0.0,1,10000000,0,0,0,0,0,1,0,0
23.329226557152634,0.0,0.0,0.0,0.0,0.0,0.0,0,200000,0,0,0,0,0,0,1,0
29.35523613963039,150.0,11359.0,5.0,5.0,0.039616163394665026,0.039616163394665026,1,3500000,1,0,0,0,0,0,0,1
27.301848049281315,43.0,3322.0,1.0,1.0,0.027092113184828417,0.027092113184828417,1,50000,1,0,0,0,0,0,0,0
25.418206707734427,16.0,1425.0,0.0,0.0,0.0,0.0,1,700000,0,1,0,0,0,0,1,0
25.32785763175907,4.0,360.0,0.0,0.0,0.0,0.0,1,250000,1,0,0,0,0,0,1,0
20.407939767282684,0.0,0.0,0.0,0.0,0.0,0.0,0,75000,0,0,1,0,0,0,1,0
28.522929500342233,239.0,16030.0,9.0,27.0,0.050530255770430445,0.15159076731129134,1,25000000,1,0,0,0,0,0,0,1
29.385352498288842,307.0,21835.0,11.0,18.0,0.04534005037783375,0.0741928097091825,1,8000000,0,0,1,0,1,0,0,0
22.083504449007528,0.0,0.0,0.0,0.0,0.0,0.0,0,25000,0,0,1,0,0,0,1,0
26.272416153319643,237.0,12135.0,24.0,19.0,0.17799752781211373,0.14091470951792337,1,20000000,0,0,1,0,1,0,0,0
26.17385352498289,60.0,5359.0,0.0,0.0,0.0,0.0,1,4500000,0,1,0,0,0,1,0,0
27.5564681724846,115.0,10360.0,0.0,0.0,0.0,0.0,1,7500000,0,1,0,0,0,0,1,0
22.234086242299796,0.0,0.0,0.0,0.0,0.0,0.0,0,25000,1,0,0,0,0,0,1,0
27.132101300479125,158.0,10818.0,2.0,6.0,0.016638935108153077,0.04991680532445924,1,2000000,1,0,0,0,0,0,0,1
23.039014373716633,0.0,0.0,0.0,0.0,0.0,0.0,0,125000,0,0,1,0,1,0,0,0
26.77344284736482,314.0,27175.0,18.0,15.0,0.05961361545538179,0.04967801287948482,1,35000000,1,0,0,0,0,0,1,0
20.320328542094455,0.0,0.0,0.0,0.0,0.0,0.0,0,25000,0,1,0,0,0,0,1,0
24.073921971252567,0.0,0.0,0.0,0.0,0.0,0.0,0,75000,0,0,0,0,0,0,1,0
26.321697467488022,139.0,9702.0,8.0,0.0,0.07421150278293134,0.0,1,3000000,1,0,0,0,0,0,0,0
29.07049965776865,23.0,1736.0,1.0,0.0,0.05184331797235023,0.0,1,1200000,1,0,0,0,1,0,0,0
29.924709103353866,116.0,9010.0,1.0,11.0,0.009988901220865706,0.10987791342952274,1,1800000,1,0,0,0,1,0,0,0
27.175906913073238,38.0,2627.0,1.0,1.0,0.03425961172440046,0.03425961172440046,1,3500000,1,0,0,0,0,1,0,0
27.32375085557837,223.0,15631.0,13.0,15.0,0.07485125711726698,0.08636683513530805,1,20000000,1,0,0,0,0,1,0,0
19.953456536618756,0.0,0.0,0.0,0.0,0.0,0.0,0,100000,1,0,0,0,1,0,0,0
23.364818617385353,1.0,88.0,0.0,0.0,0.0,0.0,1,1500000,1,0,0,0,0,0,1,0
25.897330595482547,325.0,24466.0,120.0,98.0,0.4414289217689855,0.3605002861113382,1,140000000,0,0,0,0,0,0,0,0
22.261464750171115,0.0,0.0,0.0,0.0,0.0,0.0,0,75000,0,1,0,0,0,0,1,0
29.420944558521562,322.0,20991.0,35.0,30.0,0.15006431327711875,0.1286265542375304,1,7000000,0,0,1,0,0,0,0,0
25.505817932922657,0.0,0.0,0.0,0.0,0.0,0.0,0,200000,0,0,1,0,0,1,0,0
20.125941136208077,0.0,0.0,0.0,0.0,0.0,0.0,0,150000,0,1,0,0,1,0,0,0
28.922655715263517,272.0,18065.0,26.0,48.0,0.1295322446720177,0.23913645170218656,1,5000000,0,0,0,0,1,0,0,0
28.594113620807665,232.0,15940.0,7.0,13.0,0.039523212045169384,0.07340025094102885,1,2000000,0,0,1,0,1,0,0,0
25.180013689253936,6.0,253.0,1.0,0.0,0.0,0.0,1,750000,0,0,0,0,0,0,1,0
24.281998631074607,30.0,1947.0,1.0,2.0,0.046224961479198766,0.09244992295839753,1,900000,1,0,0,0,0,0,1,0
29.686516084873375,0.0,0.0,0.0,0.0,0.0,0.0,0,300000,0,0,1,0,0,0,0,0
22.507871321013006,0.0,0.0,0.0,0.0,0.0,0.0,0,25000,0,1,0,0,0,0,1,0
25.267624914442163,1.0,40.0,0.0,0.0,0.0,0.0,1,25000,1,0,0,0,0,0,1,0
24.109514031485283,1.0,1.0,0.0,0.0,0.0,0.0,1,150000,0,0,0,0,0,0,1,0
24.043805612594113,0.0,0.0,0.0,0.0,0.0,0.0,0,275000,0,0,1,0,0,0,1,0
25.801505817932924,4.0,309.0,0.0,0.0,0.0,0.0,1,600000,1,0,0,0,0,0,0,0
26.313483915126625,15.0,525.0,0.0,0.0,0.0,0.0,1,1700000,0,0,1,0,0,0,1,0
26.42299794661191,1.0,90.0,0.0,0.0,0.0,0.0,1,700000,0,1,0,0,1,0,0,0
28.908966461327857,71.0,4256.0,2.0,5.0,0.042293233082706765,0.10573308270676691,1,1500000,0,0,1,0,1,0,0,0
25.930184804928132,61.0,3807.0,2.0,1.0,0.047281323877068564,0.023640661938534282,1,500000,0,0,1,0,0,0,0,0
25.338809034907598,19.0,1387.0,0.0,0.0,0.0,0.0,1,700000,1,0,0,0,0,0,0,0
25.31416837782341,6.0,221.0,0.0,0.0,0.0,0.0,1,200000,0,0,1,0,0,0,0,0
29.78507871321013,148.0,10278.0,9.0,16.0,0.0788091068301226,0.14010507880910683,1,3500000,1,0,0,0,0,0,0,0
24.709103353867214,6.0,155.0,0.0,0.0,0.0,0.0,1,500000,0,0,1,0,0,0,0,1
29.034907597535934,164.0,11335.0,7.0,6.0,0.05558006175562417,0.047640052933392144,1,6000000,0,0,1,0,0,0,0,1
20.449007529089666,0.0,0.0,0.0,0.0,0.0,0.0,0,25000,0,1,0,0,0,0,1,0
25.388090349075977,1.0,10.0,0.0,0.0,0.0,0.0,1,75000,1,0,0,0,0,0,1,0
26.015058179329227,206.0,11940.0,7.0,16.0,0.052763819095477386,0.1206030150753769,1,6000000,0,0,1,0,0,0,0,0
26.636550308008214,47.0,2480.0,6.0,4.0,0.21774193548387097,0.14516129032258066,1,900000,0,0,0,0,1,0,0,0
25.234770704996578,5.0,134.0,0.0,1.0,0.0,0.0,1,1400000,0,0,0,0,0,0,1,0
29.37987679671458,64.0,2960.0,14.0,5.0,0.4256756756756757,0.15202702702702703,1,2500000,0,0,0,0,0,0,1,0
28.501026694045173,294.0,22625.0,19.0,21.0,0.07558011049723756,0.08353591160220995,1,20000000,0,0,1,0,0,1,0,0
28.57494866529774,245.0,17361.0,5.0,17.0,0.02592016588906169,0.08812856402280975,1,15000000,1,0,0,0,0,0,1,0
28.37782340862423,7.0,538.0,0.0,0.0,0.0,0.0,1,500000,1,0,0,0,0,1,0,0
28.303901437371664,83.0,5641.0,7.0,1.0,0.11168232582875376,0.015954617975536253,1,5000000,0,0,1,0,0,0,1,0
26.075290896646134,0.0,0.0,0.0,0.0,0.0,0.0,0,275000,0,0,1,0,0,0,1,0
21.215605749486652,0.0,0.0,0.0,0.0,0.0,0.0,0,25000,0,0,1,0,0,0,1,0
29.034907597535934,154.0,9769.0,32.0,18.0,0.2948101136247313,0.16583068891391134,1,1500000,0,0,1,0,0,0,0,0
28.648870636550306,60.0,3115.0,3.0,3.0,0.08667736757624397,0.08667736757624397,1,4500000,0,0,1,0,0,0,1,0
33.01848049281314,309.0,24783.0,37.0,30.0,0.1343662994794819,0.10894564822660695,1,4500000,0,0,1,0,1,0,0,0
27.227926078028748,33.0,1654.0,5.0,2.0,0.2720677146311971,0.10882708585247883,1,3000000,0,0,0,0,0,0,0,1
30.203969883641342,231.0,13128.0,15.0,16.0,0.10283363802559416,0.1096892138939671,1,4000000,0,0,0,0,0,0,0,0
28.407939767282684,221.0,15383.0,22.0,12.0,0.1287135149190665,0.07020737177403627,1,6000000,0,0,1,0,0,0,0,0
27.906913073237508,1.0,1.0,0.0,0.0,0.0,0.0,1,250000,0,0,1,0,1,0,0,0
29.065023956194388,314.0,21496.0,85.0,33.0,0.3558801637513956,0.13816524004465947,1,25000000,0,0,0,0,0,1,0,0
24.399726214921287,12.0,310.0,0.0,0.0,0.0,0.0,1,2000000,0,0,1,0,0,0,0,1
26.20123203285421,112.0,8572.0,5.0,2.0,0.052496500233317776,0.020998600093327113,1,300000,1,0,0,0,0,0,0,0
27.745379876796715,25.0,1449.0,0.0,0.0,0.0,0.0,1,2800000,0,0,1,0,0,0,1,0
26.56810403832991,0.0,0.0,0.0,0.0,0.0,0.0,0,350000,0,0,0,0,0,0,0,0
27.15400410677618,4.0,385.0,0.0,0.0,0.0,0.0,1,800000,0,1,0,0,0,0,0,0
26.195756331279945,0.0,0.0,0.0,0.0,0.0,0.0,0,50000,1,0,0,0,0,0,0,0
27.707049965776864,20.0,907.0,0.0,1.0,0.0,0.09922822491730982,1,350000,0,0,1,0,1,0,0,0
30.157426420260094,48.0,4275.0,0.0,0.0,0.0,0.0,1,2500000,0,1,0,0,1,0,0,0
22.12183436002738,0.0,0.0,0.0,0.0,0.0,0.0,0,50000,0,1,0,0,0,0,0,1
24.150581793292265,0.0,0.0,0.0,0.0,0.0,0.0,0,150000,1,0,0,0,0,0,0,1
23.928815879534564,1.0,90.0,0.0,0.0,0.0,0.0,1,125000,1,0,0,0,0,0,0,1
23.586584531143053,0.0,0.0,0.0,0.0,0.0,0.0,0,350000,1,0,0,0,0,0,0,1
22.90485968514716,0.0,0.0,0.0,0.0,0.0,0.0,0,200000,0,0,1,0,0,0,0,1
23.761806981519506,0.0,0.0,0.0,0.0,0.0,0.0,0,50000,0,0,1,0,0,0,0,1
28.317590691307323,171.0,12125.0,1.0,2.0,0.007422680412371134,0.014845360824742268,1,10000000,1,0,0,0,0,1,0,0
24.309377138945926,0.0,0.0,0.0,0.0,0.0,0.0,0,200000,0,0,1,0,0,0,0,1
29.66461327857632,222.0,15748.0,17.0,13.0,0.09715519431038862,0.07429514859029718,1,8000000,0,0,1,0,0,0,0,0
28.826830937713893,1.0,90.0,0.0,0.0,0.0,0.0,1,1500000,0,1,0,0,0,1,0,0
18.466803559206024,0.0,0.0,0.0,0.0,0.0,0.0,0,100000,1,0,0,0,0,0,0,1
18.570841889117045,0.0,0.0,0.0,0.0,0.0,0.0,0,100000,0,0,1,0,0,0,0,1
24.451745379876797,7.0,91.0,0.0,1.0,0.0,0.0,1,150000,0,0,0,0,0,1,0,0
24.087611225188226,0.0,0.0,0.0,0.0,0.0,0.0,0,75000,0,0,1,0,0,0,1,0
24.57494866529774,0.0,0.0,0.0,0.0,0.0,0.0,0,75000,0,1,0,0,0,0,0,1
23.854893908281998,0.0,0.0,0.0,0.0,0.0,0.0,0,100000,0,0,0,0,0,0,0,1
25.87542778918549,0.0,0.0,0.0,0.0,0.0,0.0,0,100000,1,0,0,0,0,0,0,1
20.969199178644764,0.0,0.0,0.0,0.0,0.0,0.0,0,75000,0,1,0,0,0,0,1,0
26.921286789869953,118.0,7696.0,30.0,14.0,0.35083160083160086,0.16372141372141374,1,2500000,0,0,0,0,0,1,0,0
24.473648186173854,0.0,0.0,0.0,0.0,0.0,0.0,0,2400000,1,0,0,0,0,0,1,0
26.075290896646134,65.0,3533.0,0.0,3.0,0.0,0.07642230399094255,1,12000000,0,0,1,0,0,1,0,0
26.67214236824093,1.0,90.0,0.0,0.0,0.0,0.0,1,450000,1,0,0,0,0,0,1,0
26.921286789869953,286.0,17624.0,26.0,35.0,0.13277349069450747,0.17873354516568318,1,20000000,0,0,1,0,0,0,1,0
27.017111567419576,160.0,9722.0,23.0,49.0,0.21291915243777,0.4536103682369883,1,2000000,0,0,1,0,0,1,0,0
26.595482546201232,174.0,12440.0,9.0,10.0,0.06511254019292605,0.07234726688102894,1,12000000,0,0,1,0,0,0,0,1
27.805612594113622,4.0,191.0,0.0,0.0,0.0,0.0,1,350000,0,0,1,0,0,0,1,0
27.923340177960302,78.0,5682.0,0.0,2.0,0.0,0.03167898627243928,1,5000000,1,0,0,0,0,0,0,1
21.084188911704313,0.0,0.0,0.0,0.0,0.0,0.0,0,200000,0,0,1,0,0,1,0,0
23.83025325119781,4.0,75.0,0.0,0.0,0.0,0.0,1,2500000,0,0,0,0,0,1,0,0
24.700889801505816,1.0,8.0,0.0,0.0,0.0,0.0,1,75000,0,0,0,0,0,1,0,0
26.138261464750173,0.0,0.0,0.0,0.0,0.0,0.0,0,800000,1,0,0,0,0,0,1,0
24.618754277891856,0.0,0.0,0.0,0.0,0.0,0.0,0,50000,1,0,0,0,0,0,1,0
25.596167008898014,14.0,641.0,0.0,0.0,0.0,0.0,1,1500000,0,0,0,0,0,1,0,0
26.73511293634497,87.0,6164.0,2.0,0.0,0.029201817001946784,0.0,1,100000,1,0,0,0,0,0,0,1
27.972621492128678,167.0,9606.0,27.0,18.0,0.2529668956901936,0.16864459712679578,1,15000000,0,0,1,0,0,0,0,1
23.66050650239562,11.0,624.0,0.0,1.0,0.0,0.14423076923076922,1,1500000,0,0,1,0,0,0,0,1
30.373716632443532,143.0,10962.0,8.0,5.0,0.06568144499178981,0.041050903119868636,1,1000000,1,0,0,0,1,0,0,0
26.795345653661876,4.0,155.0,0.0,0.0,0.0,0.0,1,400000,0,0,1,0,0,0,0,0
28.82135523613963,118.0,8576.0,2.0,13.0,0.020988805970149252,0.13642723880597016,1,6000000,1,0,0,0,0,0,0,0
25.311430527036276,0.0,0.0,0.0,0.0,0.0,0.0,0,200000,0,0,1,0,0,0,1,0
27.6249144421629,72.0,5876.0,3.0,7.0,0.04594962559564329,0.10721579305650103,1,6000000,1,0,0,0,0,0,1,0
24.65160848733744,0.0,0.0,0.0,0.0,0.0,0.0,0,150000,1,0,0,0,0,0,0,0
28.301163586584533,18.0,1201.0,2.0,1.0,0.1498751040799334,0.0749375520399667,1,750000,1,0,0,0,0,1,0,0
28.229979466119097,229.0,18648.0,18.0,4.0,0.08687258687258688,0.019305019305019305,1,15000000,1,0,0,0,0,1,0,0
25.023956194387406,0.0,0.0,0.0,0.0,0.0,0.0,0,250000,0,0,1,0,1,0,0,0
30.579055441478438,106.0,9024.0,2.0,0.0,0.0199468085106383,0.0,1,2000000,1,0,0,0,1,0,0,0
24.555783709787818,0.0,0.0,0.0,0.0,0.0,0.0,0,125000,0,1,0,0,1,0,0,0
22.757015742642025,0.0,0.0,0.0,0.0,0.0,0.0,0,200000,0,0,1,0,0,0,0,1
20.361396303901437,0.0,0.0,0.0,0.0,0.0,0.0,0,100000,0,0,0,0,0,1,0,0
27.849418206707735,1.0,90.0,0.0,0.0,0.0,0.0,1,300000,1,0,0,0,0,0,0,0
24.706365503080082,0.0,0.0,0.0,0.0,0.0,0.0,0,100000,1,0,0,0,0,1,0,0
22.937713894592743,10.0,430.0,0.0,0.0,0.0,0.0,1,1750000,0,0,0,0,1,0,0,0
26.978781656399725,174.0,13465.0,5.0,6.0,0.03341997772001485,0.04010397326401782,1,30000000,1,0,0,0,0,0,1,0
24.229979466119097,0.0,0.0,0.0,0.0,0.0,0.0,0,300000,1,0,0,0,0,0,1,0
19.822039698836413,0.0,0.0,0.0,0.0,0.0,0.0,0,25000,1,0,0,0,0,0,1,0
26.986995208761122,174.0,8029.0,15.0,16.0,0.16814049072113588,0.17934985676921159,1,3000000,0,0,0,0,0,0,1,0
19.107460643394933,0.0,0.0,0.0,0.0,0.0,0.0,0,25000,0,0,0,0,0,0,1,0
30.132785763175907,313.0,21981.0,13.0,15.0,0.05322778763477549,0.06141667804012556,1,2200000,0,0,1,0,0,0,1,0
24.20807665982204,0.0,0.0,0.0,0.0,0.0,0.0,0,275000,0,1,0,0,0,0,1,0
22.067077344284737,0.0,0.0,0.0,0.0,0.0,0.0,0,25000,0,0,1,0,0,0,1,0
23.16495550992471,14.0,354.0,0.0,0.0,0.0,0.0,1,1800000,0,0,1,0,0,0,1,0
24.468172484599588,0.0,0.0,0.0,0.0,0.0,0.0,0,50000,0,0,0,0,0,0,1,0
27.43874058863792,2.0,130.0,0.0,0.0,0.0,0.0,1,600000,0,1,0,0,0,0,0,1
23.967145790554415,20.0,875.0,1.0,1.0,0.10285714285714287,0.10285714285714287,1,1400000,1,0,0,0,0,0,1,0
21.240246406570844,0.0,0.0,0.0,0.0,0.0,0.0,0,50000,1,0,0,0,0,0,1,0
25.0403832991102,0.0,0.0,0.0,0.0,0.0,0.0,0,150000,0,0,1,0,0,0,1,0
24.451745379876797,0.0,0.0,0.0,0.0,0.0,0.0,0,75000,0,0,0,0,0,0,1,0
23.756331279945243,1.0,3.0,0.0,0.0,0.0,0.0,1,10000,0,0,1,0,0,0,1,0
26.543463381245722,2.0,124.0,0.0,0.0,0.0,0.0,1,125000,0,0,1,0,0,1,0,0
27.906913073237508,261.0,22957.0,20.0,5.0,0.07840745742039465,0.019601864355098662,1,13000000,1,0,0,0,0,0,0,1
28.355920602327174,152.0,8717.0,21.0,29.0,0.21681771251577378,0.29941493633130667,1,8000000,0,0,1,0,0,0,0,1
24.673511293634498,0.0,0.0,0.0,0.0,0.0,0.0,0,25000,1,0,0,0,0,0,1,0
26.694045174537987,68.0,4054.0,10.0,4.0,0.22200296003946718,0.08880118401578689,1,2500000,0,0,1,0,0,0,1,0
25.347022587268995,0.0,0.0,0.0,0.0,0.0,0.0,0,150000,1,0,0,0,0,0,0,0
25.065023956194388,24.0,909.0,1.0,0.0,0.099009900990099,0.0,1,3500000,0,0,1,0,0,1,0,0
28.815879534565365,369.0,21623.0,69.0,64.0,0.28719419137030017,0.26638301808259723,1,14000000,0,0,0,0,0,0,1,0
23.38945927446954,2.0,95.0,0.0,0.0,0.0,0.0,1,200000,0,0,1,0,0,0,0,1
24.580424366872005,2.0,38.0,0.0,0.0,0.0,0.0,1,700000,0,0,0,0,0,0,0,1
24.487337440109513,12.0,356.0,0.0,0.0,0.0,0.0,1,450000,0,0,0,0,0,0,0,1
27.10198494182067,0.0,0.0,0.0,0.0,0.0,0.0,0,300000,0,1,0,0,0,0,0,1
24.826830937713893,0.0,0.0,0.0,0.0,0.0,0.0,0,325000,0,0,0,0,0,0,1,0
29.371663244353183,28.0,1873.0,0.0,0.0,0.0,0.0,1,1200000,0,0,1,0,0,0,0,0
24.709103353867214,60.0,3490.0,11.0,2.0,0.2836676217765043,0.051575931232091685,1,1200000,0,0,0,0,0,0,0,1
29.746748802190282,211.0,12230.0,58.0,19.0,0.4268192968111202,0.13982011447260834,1,25000000,0,0,0,0,0,1,0,0
26.48596851471595,234.0,19191.0,17.0,20.0,0.07972487103329685,0.09379396592152571,1,55000000,1,0,0,0,0,0,0,1
28.306639288158795,92.0,6881.0,0.0,8.0,0.0,0.10463595407644237,1,2000000,1,0,0,0,0,0,0,1
25.859000684462696,82.0,5317.0,1.0,1.0,0.016926838442730865,0.016926838442730865,1,1500000,1,0,0,0,0,0,0,1
28.26009582477755,61.0,4124.0,3.0,0.0,0.06547041707080505,0.0,1,4000000,0,0,1,0,0,0,0,1
23.852156057494867,4.0,333.0,0.0,0.0,0.0,0.0,1,200000,1,0,0,0,0,0,0,0
26.258726899383984,70.0,3605.0,1.0,4.0,0.024965325936199722,0.09986130374479889,1,1400000,1,0,0,0,0,0,0,0
28.005475701574266,60.0,5400.0,0.0,0.0,0.0,0.0,1,10000000,0,1,0,0,0,0,1,0
22.639288158795345,0.0,0.0,0.0,0.0,0.0,0.0,0,500000,0,1,0,0,0,0,0,1
23.301848049281315,2.0,5.0,0.0,0.0,0.0,0.0,1,175000,0,0,1,0,0,0,0,1
23.613963039014372,0.0,0.0,0.0,0.0,0.0,0.0,0,500000,1,0,0,0,0,0,0,1
27.59753593429158,1.0,4.0,0.0,0.0,0.0,0.0,1,300000,0,0,1,0,1,0,0,0
24.90075290896646,0.0,0.0,0.0,0.0,0.0,0.0,0,50000,0,0,1,0,0,0,1,0
24.83504449007529,1.0,90.0,0.0,0.0,0.0,0.0,1,325000,0,0,1,0,0,0,1,0
28.28473648186174,138.0,9701.0,1.0,4.0,0.009277394083084218,0.03710957633233687,1,3800000,1,0,0,0,0,0,1,0
24.999315537303218,0.0,0.0,0.0,0.0,0.0,0.0,0,50000,1,0,0,0,0,0,1,0
25.363449691991786,3.0,270.0,0.0,0.0,0.0,0.0,1,350000,0,0,1,0,0,0,1,0
25.141683778234086,0.0,0.0,0.0,0.0,0.0,0.0,0,200000,1,0,0,0,0,0,1,0
22.830937713894592,20.0,332.0,1.0,0.0,0.27108433734939763,0.0,1,800000,0,0,0,0,0,0,1,0
22.68583162217659,18.0,1221.0,1.0,0.0,0.07371007371007371,0.0,1,3300000,0,0,1,0,0,0,1,0
23.32375085557837,3.0,45.0,0.0,0.0,0.0,0.0,1,550000,0,0,1,0,0,0,1,0
26.546201232032853,53.0,4740.0,0.0,0.0,0.0,0.0,1,1800000,0,1,0,0,0,0,1,0
23.02258726899384,0.0,0.0,0.0,0.0,0.0,0.0,0,150000,0,0,1,0,1,0,0,0
27.923340177960302,175.0,12223.0,2.0,9.0,0.014726335596825655,0.06626851018571545,1,5000000,1,0,0,0,0,0,0,0
24.98836413415469,0.0,0.0,0.0,0.0,0.0,0.0,0,150000,1,0,0,0,0,0,1,0
25.270362765229294,1.0,71.0,0.0,0.0,0.0,0.0,1,50000,1,0,0,0,0,0,1,0
20.914442162902123,2.0,85.0,0.0,0.0,0.0,0.0,1,25000,0,0,0,0,0,0,1,0
30.39561943874059,3.0,191.0,0.0,0.0,0.0,0.0,1,800000,1,0,0,0,0,0,0,0
25.93839835728953,0.0,0.0,0.0,0.0,0.0,0.0,0,700000,0,1,0,0,1,0,0,0
26.362765229295004,1.0,24.0,0.0,0.0,0.0,0.0,1,150000,0,0,1,0,1,0,0,0
27.299110198494184,199.0,13661.0,68.0,27.0,0.4479906302613279,0.17787863260376255,1,4000000,0,0,0,0,0,0,0,1
26.926762491444215,123.0,7140.0,3.0,10.0,0.03781512605042017,0.12605042016806722,1,4000000,1,0,0,0,0,1,0,0
24.531143052703626,0.0,0.0,0.0,0.0,0.0,0.0,0,100000,0,0,1,0,0,0,0,0
20.309377138945926,0.0,0.0,0.0,0.0,0.0,0.0,0,25000,0,1,0,0,0,0,1,0
24.369609856262834,0.0,0.0,0.0,0.0,0.0,0.0,0,100000,0,1,0,0,0,0,1,0
20.407939767282684,0.0,0.0,0.0,0.0,0.0,0.0,0,25000,1,0,0,0,0,0,1,0
26.288843258042437,211.0,12246.0,33.0,17.0,0.24252817246447822,0.12493875551200392,1,15000000,0,0,0,0,1,0,0,0
29.462012320328544,52.0,3662.0,0.0,0.0,0.0,0.0,1,250000,1,0,0,0,1,0,0,0
25.38261464750171,2.0,21.0,0.0,0.0,0.0,0.0,1,200000,0,0,1,0,0,0,0,0
19.460643394934976,0.0,0.0,0.0,0.0,0.0,0.0,0,25000,0,1,0,0,0,0,1,0
24.895277207392198,1.0,90.0,0.0,0.0,0.0,0.0,1,25000,0,1,0,0,0,0,1,0
25.31690622861054,0.0,0.0,0.0,0.0,0.0,0.0,0,100000,0,0,1,0,0,0,1,0
24.451745379876797,0.0,0.0,0.0,0.0,0.0,0.0,0,25000,0,0,0,0,0,0,1,0
24.903490759753595,0.0,0.0,0.0,0.0,0.0,0.0,0,150000,0,0,1,0,0,0,1,0
25.472963723477072,2.0,29.0,0.0,0.0,0.0,0.0,1,300000,0,0,1,0,0,1,0,0
19.953456536618756,0.0,0.0,0.0,0.0,0.0,0.0,0,50000,0,1,0,0,0,0,1,0
24.06297056810404,0.0,0.0,0.0,0.0,0.0,0.0,0,50000,1,0,0,0,0,0,1,0
24.00273785078713,1.0,23.0,0.0,0.0,0.0,0.0,1,75000,0,0,1,0,0,0,1,0
24.550308008213552,56.0,2272.0,3.0,4.0,0.11883802816901408,0.15845070422535212,1,1500000,0,0,1,0,0,0,1,0
29.776865160848732,105.0,7134.0,2.0,2.0,0.025231286795626577,0.025231286795626577,1,1200000,1,0,0,0,1,0,0,0
27.890485968514717,68.0,3444.0,9.0,3.0,0.23519163763066203,0.078397212543554,1,4000000,0,0,0,0,0,0,0,1
27.307323750855577,142.0,10262.0,5.0,8.0,0.04385110114987332,0.0701617618397973,1,4000000,1,0,0,0,0,0,0,1
25.02943189596167,0.0,0.0,0.0,0.0,0.0,0.0,0,150000,1,0,0,0,1,0,0,0
23.498973305954827,0.0,0.0,0.0,0.0,0.0,0.0,0,250000,0,1,0,0,0,0,1,0
21.864476386036962,1.0,11.0,0.0,0.0,0.0,0.0,1,200000,1,0,0,0,0,0,1,0
23.173169062286107,0.0,0.0,0.0,0.0,0.0,0.0,0,550000,1,0,0,0,0,0,1,0
23.449691991786448,0.0,0.0,0.0,0.0,0.0,0.0,0,225000,0,0,1,0,0,0,1,0
23.20602327173169,0.0,0.0,0.0,0.0,0.0,0.0,0,50000,1,0,0,0,0,0,1,0
26.90759753593429,228.0,12444.0,35.0,25.0,0.25313404050144644,0.18081002892960465,1,15000000,0,0,0,0,0,0,1,0
25.204654346338124,0.0,0.0,0.0,0.0,0.0,0.0,0,150000,0,1,0,0,0,0,0,1
22.420260095824776,16.0,929.0,0.0,0.0,0.0,0.0,1,1500000,1,0,0,0,0,0,0,1
22.715947980835043,2.0,2.0,0.0,0.0,0.0,0.0,1,200000,0,0,0,0,0,0,0,1
21.82614647501711,0.0,0.0,0.0,0.0,0.0,0.0,0,125000,0,0,1,0,0,0,0,1
21.472963723477072,0.0,0.0,0.0,0.0,0.0,0.0,0,200000,1,0,0,0,0,0,0,1
22.297056810403834,1.0,7.0,0.0,0.0,0.0,0.0,1,350000,0,0,0,0,0,0,0,1
27.616700889801507,45.0,3506.0,0.0,1.0,0.0,0.025670279520821446,1,5000000,1,0,0,0,0,1,0,0
30.532511978097194,1.0,3.0,0.0,0.0,0.0,0.0,1,250000,0,0,1,0,1,0,0,0
25.905544147843944,0.0,0.0,0.0,0.0,0.0,0.0,0,75000,0,0,0,0,1,0,0,0
21.253935660506503,0.0,0.0,0.0,0.0,0.0,0.0,0,10000,0,1,0,0,0,0,1,0
24.27104722792608,0.0,0.0,0.0,0.0,0.0,0.0,0,75000,1,0,0,0,0,0,1,0
24.197125256673512,0.0,0.0,0.0,0.0,0.0,0.0,0,50000,1,0,0,0,0,0,1,0
24.36413415468857,0.0,0.0,0.0,0.0,0.0,0.0,0,250000,1,0,0,0,0,0,1,0
22.822724161533195,2.0,2.0,0.0,0.0,0.0,0.0,1,175000,0,0,1,0,0,0,1,0
23.392197125256672,2.0,150.0,0.0,0.0,0.0,0.0,1,25000,0,0,1,0,0,0,1,0
26.39561943874059,142.0,11143.0,0.0,12.0,0.0,0.09692183433545724,1,3500000,1,0,0,0,0,0,1,0
24.021902806297057,2.0,210.0,0.0,0.0,0.0,0.0,1,225000,1,0,0,0,0,0,1,0
23.978097193702943,0.0,0.0,0.0,0.0,0.0,0.0,0,500000,1,0,0,0,0,0,1,0
24.139630390143736,0.0,0.0,0.0,0.0,0.0,0.0,0,200000,0,1,0,0,0,0,1,0
26.872005475701574,164.0,8797.0,21.0,11.0,0.21484597021711946,0.11253836535182449,1,8000000,0,0,1,0,0,0,1,0
24.112251882272417,1.0,10.0,0.0,0.0,0.0,0.0,1,75000,0,0,0,0,0,0,1,0
23.88227241615332,39.0,1546.0,4.0,1.0,0.2328589909443726,0.05821474773609315,1,1200000,0,0,0,0,0,0,1,0
21.66461327857632,0.0,0.0,0.0,0.0,0.0,0.0,0,10000,0,0,1,0,0,0,1,0
26.43394934976044,178.0,11765.0,3.0,11.0,0.02294942626434339,0.08414789630259244,1,3000000,1,0,0,0,0,0,1,0
26.55441478439425,11.0,341.0,0.0,0.0,0.0,0.0,1,400000,1,0,0,0,0,0,1,0
24.320328542094455,0.0,0.0,0.0,0.0,0.0,0.0,0,175000,0,0,1,0,0,0,1,0
24.306639288158795,0.0,0.0,0.0,0.0,0.0,0.0,0,1700000,0,0,0,0,0,0,1,0
25.15811088295688,0.0,0.0,0.0,0.0,0.0,0.0,0,150000,1,0,0,0,0,0,1,0
29.073237508555785,43.0,2774.0,5.0,1.0,0.16222062004325882,0.032444124008651765,1,4000000,0,0,0,0,0,1,0,0
20.61327857631759,0.0,0.0,0.0,0.0,0.0,0.0,0,10000,0,1,0,0,0,0,1,0
26.633812457221083,75.0,4069.0,2.0,1.0,0.04423691324649791,0.022118456623248954,1,2500000,0,0,1,0,0,0,0,1
25.88911704312115,195.0,17009.0,13.0,8.0,0.06878711270503851,0.042330530895408315,1,70000000,1,0,0,0,0,1,0,0
25.848049281314168,192.0,9998.0,27.0,16.0,0.2430486097219444,0.14402880576115223,1,20000000,0,0,1,0,0,1,0,0
22.811772758384667,0.0,0.0,0.0,0.0,0.0,0.0,0,200000,0,0,1,0,0,1,0,0
25.75770020533881,129.0,5670.0,15.0,12.0,0.23809523809523808,0.1904761904761905,1,6000000,0,0,0,0,1,0,0,0
25.568788501026695,251.0,14115.0,35.0,32.0,0.22316684378320936,0.20403825717321997,1,30000000,0,0,0,0,0,1,0,0
25.754962354551676,187.0,12107.0,15.0,23.0,0.11150574048071364,0.17097546873709424,1,10000000,0,0,1,0,1,0,0,0
25.71663244353183,147.0,11847.0,1.0,5.0,0.007596859964547987,0.03798429982273993,1,30000000,0,0,1,0,0,1,0,0
22.5160848733744,1.0,16.0,0.0,0.0,0.0,0.0,1,300000,1,0,0,0,0,1,0,0
23.222450376454482,1.0,65.0,0.0,0.0,0.0,0.0,1,300000,1,0,0,0,0,1,0,0
26.04243668720055,171.0,10476.0,14.0,19.0,0.12027491408934707,0.16323024054982818,1,22000000,1,0,0,0,0,1,0,0
30.036960985626283,150.0,7952.0,22.0,11.0,0.24899396378269617,0.12449698189134809,1,600000,0,0,0,0,1,0,0,0
25.623545516769337,28.0,1954.0,0.0,1.0,0.0,0.04605936540429888,1,900000,1,0,0,0,0,0,1,0
23.2580424366872,0.0,0.0,0.0,0.0,0.0,0.0,0,225000,0,0,1,0,0,0,1,0
21.481177275838466,0.0,0.0,0.0,0.0,0.0,0.0,0,25000,0,0,1,0,0,0,1,0
23.969883641341546,2.0,180.0,0.0,0.0,0.0,0.0,1,25000,0,1,0,0,0,0,1,0
24.42984257357974,0.0,0.0,0.0,0.0,0.0,0.0,0,75000,1,0,0,0,0,0,1,0
26.548939082819988,73.0,6147.0,6.0,0.0,0.08784773060029283,0.0,1,6000000,1,0,0,0,0,0,1,0
23.84394250513347,0.0,0.0,0.0,0.0,0.0,0.0,0,50000,1,0,0,0,0,0,1,0
26.587268993839835,97.0,5506.0,14.0,9.0,0.22884126407555394,0.14711224119142755,1,6000000,0,0,1,0,0,0,1,0
23.526351813826146,1.0,51.0,0.0,0.0,0.0,0.0,1,275000,0,0,1,0,0,0,1,0
23.95071868583162,0.0,0.0,0.0,0.0,0.0,0.0,0,750000,0,0,0,0,0,0,1,0
26.94318959616701,151.0,9379.0,10.0,16.0,0.09595905746881332,0.15353449195010127,1,7000000,1,0,0,0,0,0,1,0
26.275154004106778,178.0,8166.0,30.0,10.0,0.33063923585598826,0.11021307861866275,1,6000000,0,0,0,0,0,0,1,0
22.039698836413415,0.0,0.0,0.0,0.0,0.0,0.0,0,50000,0,0,1,0,0,0,0,1
25.61259411362081,120.0,6738.0,7.0,10.0,0.09349955476402494,0.13357079252003562,1,22000000,0,0,1,0,0,1,0,0
24.73100616016427,0.0,0.0,0.0,0.0,0.0,0.0,0,1300000,1,0,0,0,0,0,1,0
23.37303216974675,0.0,0.0,0.0,0.0,0.0,0.0,0,100000,0,1,0,0,0,0,1,0
23.737166324435318,0.0,0.0,0.0,0.0,0.0,0.0,0,100000,1,0,0,0,0,0,1,0
26.663928815879533,82.0,5134.0,5.0,6.0,0.0876509544215037,0.10518114530580444,1,4500000,1,0,0,0,0,0,0,1
19.939767282683093,0.0,0.0,0.0,0.0,0.0,0.0,0,75000,0,1,0,0,0,0,1,0
23.71526351813826,0.0,0.0,0.0,0.0,0.0,0.0,0,150000,0,0,1,0,0,0,1,0
23.991786447638603,0.0,0.0,0.0,0.0,0.0,0.0,0,175000,1,0,0,0,0,0,1,0
23.72347707049966,0.0,0.0,0.0,0.0,0.0,0.0,0,100000,1,0,0,0,0,0,1,0
24.317590691307323,0.0,0.0,0.0,0.0,0.0,0.0,0,275000,0,0,0,0,0,0,1,0
26.206707734428473,1.0,22.0,0.0,0.0,0.0,0.0,1,2000000,1,0,0,0,0,0,0,1
25.032169746748803,0.0,0.0,0.0,0.0,0.0,0.0,0,250000,0,1,0,0,0,0,1,0
25.253935660506503,0.0,0.0,0.0,0.0,0.0,0.0,0,50000,0,0,1,0,0,0,1,0
24.128678986995208,6.0,423.0,0.0,0.0,0.0,0.0,1,300000,1,0,0,0,0,0,1,0
32.07939767282683,59.0,1357.0,7.0,2.0,0.46425939572586583,0.13264554163596168,1,300000,0,0,0,0,0,0,0,1
18.206707734428473,0.0,0.0,0.0,0.0,0.0,0.0,0,25000,0,0,0,0,0,0,1,0
23.84120465434634,2.0,59.0,0.0,0.0,0.0,0.0,1,175000,0,0,1,0,0,0,1,0
26.68309377138946,198.0,10637.0,26.0,16.0,0.21998683839428412,0.13537651593494407,1,22000000,0,0,1,0,0,0,1,0
21.976728268309376,0.0,0.0,0.0,0.0,0.0,0.0,0,25000,0,0,1,0,0,0,1,0
23.356605065023956,33.0,1735.0,1.0,1.0,0.05187319884726225,0.05187319884726225,1,400000,0,0,1,0,0,0,1,0
20.019164955509925,0.0,0.0,0.0,0.0,0.0,0.0,0,200000,1,0,0,0,0,0,1,0
26.527036276522928,268.0,20747.0,6.0,13.0,0.02602785944955897,0.056393695474044436,1,40000000,0,0,1,0,0,1,0,0
24.251882272416154,1.0,9.0,0.0,0.0,0.0,0.0,1,150000,0,0,0,0,1,0,0,0
23.742642026009584,0.0,0.0,0.0,0.0,0.0,0.0,0,75000,0,0,1,0,0,0,1,0
21.872689938398356,0.0,0.0,0.0,0.0,0.0,0.0,0,25000,0,1,0,0,0,0,1,0
24.290212183436,0.0,0.0,0.0,0.0,0.0,0.0,0,750000,0,0,1,0,0,0,1,0
29.475701574264203,36.0,2519.0,0.0,5.0,0.0,0.17864231838030964,1,2000000,0,0,1,0,0,0,0,0
21.333333333333332,0.0,0.0,0.0,0.0,0.0,0.0,0,25000,0,1,0,0,0,0,1,0
20.290212183436,0.0,0.0,0.0,0.0,0.0,0.0,0,25000,1,0,0,0,0,0,1,0
24.254620123203285,0.0,0.0,0.0,0.0,0.0,0.0,0,75000,1,0,0,0,0,0,1,0
24.292950034223136,0.0,0.0,0.0,0.0,0.0,0.0,0,50000,0,0,1,0,0,0,1,0
31.81930184804928,124.0,9331.0,1.0,4.0,0.009645268459972135,0.03858107383988854,1,500000,1,0,0,0,1,0,0,0
24.476386036960985,0.0,0.0,0.0,0.0,0.0,0.0,0,25000,0,1,0,0,0,0,1,0
21.136208076659823,0.0,0.0,0.0,0.0,0.0,0.0,0,25000,0,1,0,0,0,0,1,0
25.05681040383299,0.0,0.0,0.0,0.0,0.0,0.0,0,400000,1,0,0,0,0,0,1,0
25.09514031485284,0.0,0.0,0.0,0.0,0.0,0.0,0,50000,0,0,1,0,0,0,1,0
23.71252566735113,0.0,0.0,0.0,0.0,0.0,0.0,0,50000,0,1,0,0,0,0,1,0
29.37987679671458,100.0,7448.0,4.0,10.0,0.048335123523093444,0.12083780880773362,1,2500000,0,0,1,0,0,0,0,0
24.410677618069816,0.0,0.0,0.0,0.0,0.0,0.0,0,150000,1,0,0,0,0,0,1,0
25.541409993155373,0.0,0.0,0.0,0.0,0.0,0.0,0,350000,0,0,1,0,0,0,1,0
26.39561943874059,170.0,12973.0,4.0,3.0,0.027749942187620443,0.02081245664071533,1,7500000,0,0,1,0,0,0,0,0
26.28336755646817,216.0,14956.0,9.0,22.0,0.05415886600695373,0.1323883391281091,1,13000000,0,0,1,0,0,0,1,0
22.885694729637233,2.0,19.0,0.0,0.0,0.0,0.0,1,1400000,0,0,1,0,0,1,0,0
25.28952772073922,3.0,270.0,0.0,0.0,0.0,0.0,1,300000,0,1,0,0,1,0,0,0
21.155373032169745,3.0,52.0,0.0,0.0,0.0,0.0,1,100000,0,0,1,0,1,0,0,0
27.00889801505818,50.0,3176.0,2.0,2.0,0.05667506297229219,0.05667506297229219,1,3500000,0,0,1,0,0,0,1,0
24.67898699520876,0.0,0.0,0.0,0.0,0.0,0.0,0,175000,1,0,0,0,0,0,1,0
20.479123887748116,0.0,0.0,0.0,0.0,0.0,0.0,0,25000,0,0,0,0,0,0,1,0
22.819986310746064,1.0,51.0,0.0,0.0,0.0,0.0,1,10000,1,0,0,0,0,0,1,0
24.060232717316907,0.0,0.0,0.0,0.0,0.0,0.0,0,175000,1,0,0,0,0,0,1,0
29.82067077344285,1.0,90.0,0.0,0.0,0.0,0.0,1,150000,0,1,0,0,1,0,0,0
24.906228610540726,9.0,60.0,0.0,1.0,0.0,0.0,1,300000,0,0,0,0,1,0,0,0
27.704312114989733,17.0,583.0,2.0,0.0,0.30874785591766724,0.0,1,200000,0,0,0,0,1,0,0,0
26.151950718685832,1.0,11.0,0.0,0.0,0.0,0.0,1,250000,0,0,1,0,0,0,0,0
28.56399726214921,156.0,11587.0,1.0,3.0,0.007767325450936394,0.023301976352809183,1,4000000,0,0,1,0,1,0,0,0
25.919233401779604,0.0,0.0,0.0,0.0,0.0,0.0,0,250000,0,0,1,0,1,0,0,0
26.220396988364133,0.0,0.0,0.0,0.0,0.0,0.0,0,100000,0,0,0,0,1,0,0,0
25.363449691991786,1.0,20.0,0.0,0.0,0.0,0.0,1,175000,0,0,0,0,0,0,1,0
22.310746064339494,0.0,0.0,0.0,0.0,0.0,0.0,0,25000,0,0,1,0,0,0,1,0
26.1492128678987,1.0,90.0,0.0,0.0,0.0,0.0,1,350000,1,0,0,0,0,1,0,0
25.711156741957563,13.0,974.0,0.0,0.0,0.0,0.0,1,900000,1,0,0,0,0,0,1,0
23.863107460643395,1.0,11.0,0.0,0.0,0.0,0.0,1,125000,0,0,0,0,0,0,1,0
24.199863107460644,0.0,0.0,0.0,0.0,0.0,0.0,0,350000,0,0,0,0,0,0,1,0
20.859685147159478,0.0,0.0,0.0,0.0,0.0,0.0,0,10000,1,0,0,0,0,0,1,0
23.43600273785079,0.0,0.0,0.0,0.0,0.0,0.0,0,75000,0,1,0,0,0,0,1,0
21.415468856947296,0.0,0.0,0.0,0.0,0.0,0.0,0,75000,0,0,1,0,0,0,1,0
26.412046543463383,2.0,180.0,0.0,0.0,0.0,0.0,1,250000,0,1,0,0,0,0,0,0
25.557837097878167,1.0,90.0,0.0,0.0,0.0,0.0,1,600000,0,0,1,0,0,0,0,0
26.666666666666668,3.0,284.0,0.0,0.0,0.0,0.0,1,150000,1,0,0,0,0,0,0,0
27.485284052019164,20.0,743.0,0.0,0.0,0.0,0.0,1,200000,0,0,1,0,1,0,0,0
25.125256673511295,3.0,57.0,0.0,0.0,0.0,0.0,1,200000,0,0,1,0,0,0,0,0
28.605065023956193,18.0,1564.0,3.0,1.0,0.17263427109974425,0.05754475703324809,1,5000000,1,0,0,0,0,1,0,0
24.71457905544148,0.0,0.0,0.0,0.0,0.0,0.0,0,150000,0,0,1,0,0,0,0,0
24.262833675564682,5.0,72.0,0.0,0.0,0.0,0.0,1,1000000,0,0,0,0,0,0,0,0
25.916495550992472,1.0,90.0,0.0,0.0,0.0,0.0,1,500000,0,1,0,0,0,0,0,0
23.45242984257358,0.0,0.0,0.0,0.0,0.0,0.0,0,100000,0,1,0,0,0,0,0,0
19.247091033538673,0.0,0.0,0.0,0.0,0.0,0.0,0,25000,0,0,1,0,0,0,1,0
26.847364818617386,149.0,7048.0,28.0,12.0,0.3575482406356413,0.1532349602724177,1,8000000,0,0,0,0,0,0,0,0
23.416837782340863,2.0,24.0,0.0,0.0,0.0,0.0,1,200000,0,0,1,0,0,0,1,0
22.92950034223135,5.0,146.0,1.0,1.0,0.0,0.0,1,200000,0,0,0,0,0,0,1,0
19.27173169062286,0.0,0.0,0.0,0.0,0.0,0.0,0,25000,0,1,0,0,0,0,1,0
24.427104722792606,0.0,0.0,0.0,0.0,0.0,0.0,0,250000,0,0,0,0,0,1,0,0
23.583846680355922,0.0,0.0,0.0,0.0,0.0,0.0,0,1000000,0,1,0,0,0,1,0,0
24.79397672826831,0.0,0.0,0.0,0.0,0.0,0.0,0,150000,1,0,0,0,0,1,0,0
27.813826146475016,247.0,17298.0,59.0,27.0,0.3069719042663892,0.1404786680541103,1,2000000,0,0,0,0,0,0,0,0
26.069815195071868,271.0,19839.0,16.0,29.0,0.0725843036443369,0.13155905035536064,1,80000000,0,0,1,0,0,1,0,0
25.472963723477072,0.0,0.0,0.0,0.0,0.0,0.0,0,50000,0,0,0,0,0,0,1,0
23.509924709103355,9.0,378.0,0.0,0.0,0.0,0.0,1,350000,0,0,1,0,0,1,0,0
27.871321013004792,149.0,11593.0,0.0,6.0,0.0,0.04657983265763823,1,4000000,1,0,0,0,1,0,0,0
22.47501711156742,0.0,0.0,0.0,0.0,0.0,0.0,0,10000,0,0,0,0,0,0,1,0
24.449007529089666,2.0,180.0,0.0,0.0,0.0,0.0,1,25000,1,0,0,0,0,0,1,0
25.650924024640656,115.0,6309.0,4.0,8.0,0.05706134094151213,0.11412268188302425,1,4500000,1,0,0,0,0,0,1,0
19.329226557152634,0.0,0.0,0.0,0.0,0.0,0.0,0,25000,0,1,0,0,0,0,1,0
24.83230663928816,1.0,60.0,0.0,0.0,0.0,0.0,1,50000,1,0,0,0,0,0,1,0
20.238193018480494,0.0,0.0,0.0,0.0,0.0,0.0,0,50000,0,0,0,0,0,0,1,0
29.188227241615333,60.0,5520.0,0.0,0.0,0.0,0.0,1,1800000,0,1,0,0,0,0,0,0
24.13141683778234,1.0,12.0,0.0,0.0,0.0,0.0,1,500000,1,0,0,0,0,0,0,1
23.4031485284052,0.0,0.0,0.0,0.0,0.0,0.0,0,50000,0,1,0,0,0,0,1,0
31.753593429158112,0.0,0.0,0.0,0.0,0.0,0.0,0,175000,1,0,0,0,0,0,1,0
20.386036960985628,0.0,0.0,0.0,0.0,0.0,0.0,0,50000,1,0,0,0,0,0,1,0
23.40041067761807,0.0,0.0,0.0,0.0,0.0,0.0,0,300000,0,0,0,0,0,0,1,0
21.949349760438057,0.0,0.0,0.0,0.0,0.0,0.0,0,25000,0,0,1,0,0,0,1,0
27.477070499657767,17.0,703.0,1.0,2.0,0.12802275960170698,0.25604551920341395,1,275000,0,0,0,0,0,0,0,0
31.67419575633128,3.0,31.0,0.0,0.0,0.0,0.0,1,350000,0,0,1,0,0,0,1,0
24.750171115674195,0.0,0.0,0.0,0.0,0.0,0.0,0,50000,1,0,0,0,0,0,1,0
25.489390828199863,18.0,600.0,1.0,2.0,0.15000000000000002,0.30000000000000004,1,1500000,0,0,0,0,0,0,1,0
25.1854893908282,0.0,0.0,0.0,0.0,0.0,0.0,0,900000,0,0,1,0,0,0,1,0
23.701574264202602,0.0,0.0,0.0,0.0,0.0,0.0,0,300000,1,0,0,0,0,0,1,0
20.687200547570157,0.0,0.0,0.0,0.0,0.0,0.0,0,25000,0,0,0,0,0,0,1,0
21.360711841204655,0.0,0.0,0.0,0.0,0.0,0.0,0,25000,1,0,0,0,0,0,1,0
24.246406570841888,0.0,0.0,0.0,0.0,0.0,0.0,0,125000,0,0,0,0,0,0,1,0
28.48186173853525,287.0,17686.0,72.0,42.0,0.36639149609860905,0.21372837272418863,1,32000000,0,0,0,0,0,1,0,0
27.572895277207394,336.0,26692.0,48.0,72.0,0.16184624606623707,0.24276936909935562,1,80000000,1,0,0,0,1,0,0,0
28.20807665982204,5.0,446.0,0.0,0.0,0.0,0.0,1,100000,0,1,0,0,0,0,0,0
26.26420260095825,343.0,18125.0,88.0,38.0,0.43696551724137933,0.1886896551724138,1,50000000,0,0,0,0,0,0,0,0
20.5968514715948,0.0,0.0,0.0,0.0,0.0,0.0,0,25000,0,0,0,0,0,0,1,0
23.43874058863792,0.0,0.0,0.0,0.0,0.0,0.0,0,100000,1,0,0,0,0,0,0,0
25.76865160848734,0.0,0.0,0.0,0.0,0.0,0.0,0,400000,0,0,1,0,0,0,1,0
25.998631074606433,4.0,247.0,0.0,0.0,0.0,0.0,1,200000,0,0,1,0,0,0,0,0
23.37577002053388,0.0,0.0,0.0,0.0,0.0,0.0,0,200000,0,0,0,0,0,0,1,0
29.467488021902806,4.0,136.0,0.0,0.0,0.0,0.0,1,25000,0,0,1,0,0,0,0,0
25.541409993155373,2.0,12.0,0.0,0.0,0.0,0.0,1,500000,0,0,0,0,0,0,0,0
24.369609856262834,2.0,111.0,0.0,0.0,0.0,0.0,1,175000,1,0,0,0,0,1,0,0
24.733744010951405,2.0,139.0,0.0,0.0,0.0,0.0,1,100000,0,1,0,0,1,0,0,0
29.1854893908282,124.0,7249.0,15.0,9.0,0.1862325838046627,0.11173955028279763,1,1500000,0,0,0,0,1,0,0,0
27.200547570157426,125.0,9093.0,20.0,18.0,0.1979544704717915,0.17815902342461234,1,25000000,0,0,1,0,0,1,0,0
27.54551676933607,197.0,11972.0,28.0,18.0,0.2104911460073505,0.135315736719011,1,3500000,0,0,1,0,0,0,1,0
27.4031485284052,21.0,1385.0,0.0,1.0,0.0,0.06498194945848375,1,500000,1,0,0,0,0,0,0,0
29.377138945927445,273.0,23312.0,14.0,9.0,0.05404941660947152,0.03474605353466026,1,20000000,1,0,0,0,0,1,0,0
25.9958932238193,8.0,313.0,0.0,1.0,0.0,0.2875399361022364,1,500000,0,0,1,0,0,0,0,0
23.619438740588638,0.0,0.0,0.0,0.0,0.0,0.0,0,25000,0,1,0,0,0,0,0,0
23.589322381930184,5.0,73.0,0.0,0.0,0.0,0.0,1,50000,0,0,0,0,0,0,1,0
26.677618069815196,311.0,13860.0,28.0,16.0,0.18181818181818182,0.1038961038961039,1,13000000,0,0,1,0,0,0,1,0
25.894592744695416,97.0,8745.0,0.0,1.0,0.0,0.010291595197255574,1,15000000,0,1,0,0,0,1,0,0
26.258726899383984,59.0,2505.0,4.0,4.0,0.1437125748502994,0.1437125748502994,1,10000000,0,0,1,0,0,0,0,1
30.223134839151268,59.0,4036.0,4.0,6.0,0.08919722497522299,0.1337958374628345,1,1800000,1,0,0,0,1,0,0,0
23.71526351813826,0.0,0.0,0.0,0.0,0.0,0.0,0,50000,1,0,0,0,0,0,1,0
23.238877481177276,0.0,0.0,0.0,0.0,0.0,0.0,0,75000,1,0,0,0,0,0,1,0
22.2258726899384,0.0,0.0,0.0,0.0,0.0,0.0,0,275000,0,1,0,0,0,0,1,0
23.40041067761807,0.0,0.0,0.0,0.0,0.0,0.0,0,75000,0,0,0,0,0,0,1,0
26.190280629705683,309.0,19844.0,69.0,81.0,0.31294093932674866,0.36736545051400926,1,18000000,0,0,0,0,0,1,0,0
27.23340177960301,104.0,8714.0,4.0,6.0,0.04131282992885013,0.0619692448932752,1,16000000,1,0,0,0,0,1,0,0
28.57221081451061,236.0,16965.0,15.0,10.0,0.07957559681697612,0.05305039787798408,1,15000000,0,0,1,0,0,1,0,0
28.366872005475702,171.0,12804.0,3.0,9.0,0.021087160262417994,0.06326148078725398,1,1000000,1,0,0,0,0,0,0,1
27.529089664613277,224.0,18417.0,9.0,29.0,0.04398110441439974,0.1417168920019547,1,16000000,1,0,0,0,0,0,1,0
28.37782340862423,235.0,18995.0,19.0,11.0,0.09002369044485391,0.05211897867859964,1,20000000,1,0,0,0,0,0,0,0
27.641341546885695,184.0,11341.0,15.0,17.0,0.11903712194691826,0.13490873820650737,1,25000000,0,0,1,0,0,0,0,1
22.60369609856263,13.0,940.0,0.0,1.0,0.0,0.09574468085106383,1,4000000,1,0,0,0,0,1,0,0
24.78302532511978,2.0,18.0,1.0,0.0,0.0,0.0,1,75000,0,0,0,0,0,0,0,1
22.77344284736482,0.0,0.0,0.0,0.0,0.0,0.0,0,50000,0,0,0,0,0,0,1,0
26.581793292265573,0.0,0.0,0.0,0.0,0.0,0.0,0,25000,0,1,0,0,0,0,0,0
24.27652292950034,5.0,311.0,0.0,0.0,0.0,0.0,1,150000,0,0,1,0,0,0,1,0
27.033538672142367,300.0,15513.0,46.0,40.0,0.2668729452717076,0.2320634306710501,1,18000000,0,0,0,0,0,0,1,0
24.37782340862423,30.0,766.0,3.0,1.0,0.3524804177545692,0.1174934725848564,1,1300000,0,0,0,0,0,0,1,0
23.00889801505818,3.0,95.0,0.0,0.0,0.0,0.0,1,300000,0,0,0,0,0,0,0,0
28.331279945242983,239.0,12989.0,17.0,15.0,0.11779197782739241,0.10393409808299331,1,5000000,0,0,1,0,0,0,0,1
25.180013689253936,0.0,0.0,0.0,0.0,0.0,0.0,0,200000,1,0,0,0,1,0,0,0
23.753593429158112,20.0,600.0,2.0,1.0,0.30000000000000004,0.15000000000000002,1,300000,0,0,0,0,1,0,0,0
24.071184120465436,14.0,420.0,1.0,1.0,0.2142857142857143,0.2142857142857143,1,400000,0,0,0,0,0,0,1,0
28.539356605065024,199.0,17840.0,0.0,1.0,0.0,0.005044843049327354,1,22000000,0,1,0,0,0,1,0,0
27.531827515400412,4.0,230.0,0.0,0.0,0.0,0.0,1,1700000,0,0,0,0,0,0,0,1
25.19917864476386,1.0,90.0,0.0,0.0,0.0,0.0,1,275000,1,0,0,0,0,0,1,0
22.767967145790553,9.0,371.0,0.0,0.0,0.0,0.0,1,900000,0,0,1,0,0,0,1,0
26.039698836413415,55.0,4181.0,0.0,2.0,0.0,0.04305190145898111,1,1500000,1,0,0,0,0,1,0,0
20.416153319644078,0.0,0.0,0.0,0.0,0.0,0.0,0,200000,0,0,1,0,0,0,0,1
23.003422313483917,0.0,0.0,0.0,0.0,0.0,0.0,0,300000,0,0,1,0,0,1,0,0
28.476386036960985,196.0,17139.0,18.0,16.0,0.09452126728513917,0.08401890425345702,1,35000000,1,0,0,0,0,0,0,0
23.953456536618756,8.0,293.0,1.0,1.0,0.30716723549488056,0.30716723549488056,1,3500000,0,0,0,0,0,1,0,0
26.850102669404517,1.0,28.0,0.0,0.0,0.0,0.0,1,75000,0,0,1,0,0,0,0,0
27.312799452429843,134.0,12199.0,0.0,1.0,0.0,0.007377653906057874,1,12000000,0,1,0,0,0,0,0,0
27.014373716632445,275.0,23673.0,10.0,23.0,0.038017995184387275,0.08744138892409073,1,25000000,1,0,0,0,0,1,0,0
25.062286105407257,105.0,6936.0,0.0,5.0,0.0,0.06487889273356402,1,25000000,0,0,1,0,0,0,0,1
19.49349760438056,0.0,0.0,0.0,0.0,0.0,0.0,0,75000,0,0,1,0,0,0,1,0
25.911019849418206,230.0,16004.0,14.0,32.0,0.07873031742064485,0.1799550112471882,1,5500000,1,0,0,0,0,0,0,1
25.982203969883642,30.0,2625.0,0.0,0.0,0.0,0.0,1,5000000,1,0,0,0,1,0,0,0
25.555099247091032,0.0,0.0,0.0,0.0,0.0,0.0,0,1800000,0,0,0,0,0,0,0,0
25.82614647501711,80.0,5153.0,22.0,4.0,0.3842421890161071,0.06986221618474675,1,10000000,0,0,0,0,1,0,0,0
25.00205338809035,268.0,16744.0,33.0,34.0,0.17737697085523174,0.18275203057811756,1,20000000,0,0,0,0,0,0,0,0
25.297741273100616,59.0,3824.0,3.0,3.0,0.07060669456066945,0.07060669456066945,1,7000000,0,0,1,0,0,0,0,1
22.510609171800137,1.0,26.0,0.0,0.0,0.0,0.0,1,50000,0,0,0,0,0,0,0,1
22.305270362765228,1.0,1.0,0.0,0.0,0.0,0.0,1,250000,0,0,0,0,0,0,0,1
24.908966461327857,42.0,1666.0,1.0,3.0,0.054021608643457376,0.16206482593037214,1,1200000,0,0,1,0,1,0,0,0
24.928131416837783,106.0,7006.0,3.0,4.0,0.03853839566086212,0.05138452754781616,1,4500000,0,0,1,0,0,0,0,1
23.359342915811087,20.0,464.0,0.0,0.0,0.0,0.0,1,1000000,0,0,1,0,0,0,0,1
26.275154004106778,222.0,10539.0,41.0,23.0,0.35012809564474806,0.1964133219470538,1,22000000,0,0,0,0,0,0,1,0
28.62422997946612,305.0,18031.0,88.0,48.0,0.4392435250402085,0.2395873772946592,1,40000000,0,0,0,0,0,0,1,0
25.31416837782341,72.0,3612.0,3.0,7.0,0.07475083056478406,0.1744186046511628,1,1200000,0,0,0,0,0,0,1,0
28.97741273100616,70.0,5067.0,2.0,1.0,0.03552397868561279,0.017761989342806397,1,3000000,1,0,0,0,0,0,1,0
26.190280629705683,1.0,64.0,0.0,0.0,0.0,0.0,1,500000,0,1,0,0,0,1,0,0
23.08829568788501,2.0,153.0,1.0,2.0,0.0,0.0,1,800000,1,0,0,0,0,1,0,0
23.359342915811087,1.0,11.0,0.0,0.0,0.0,0.0,1,500000,1,0,0,0,0,1,0,0
24.1533196440794,46.0,1665.0,0.0,0.0,0.0,0.0,1,3000000,0,0,0,0,0,1,0,0
19.515400410677618,0.0,0.0,0.0,0.0,0.0,0.0,0,150000,0,0,1,0,0,0,0,1
28.76659822039699,375.0,26252.0,174.0,55.0,0.5965259789730306,0.18855706231906139,1,85000000,0,0,0,0,0,0,1,0
23.039014373716633,32.0,2811.0,1.0,0.0,0.032017075773746,0.0,1,1500000,1,0,0,0,0,0,1,0
21.352498288843258,0.0,0.0,0.0,0.0,0.0,0.0,0,300000,0,0,1,0,0,1,0,0
25.530458590006845,156.0,10018.0,25.0,39.0,0.22459572769015773,0.35036933519664604,1,18000000,0,0,1,0,1,0,0,0
26.015058179329227,347.0,21148.0,105.0,60.0,0.4468507660298846,0.2553432948742198,1,70000000,0,0,1,0,0,1,0,0
25.21286789869952,121.0,5924.0,1.0,2.0,0.015192437542201216,0.03038487508440243,1,7000000,0,0,1,0,0,1,0,0
25.626283367556468,164.0,9316.0,16.0,16.0,0.15457277801631603,0.15457277801631603,1,50000000,0,0,1,0,0,0,0,1
26.751540041067763,72.0,2994.0,2.0,2.0,0.06012024048096193,0.06012024048096193,1,1300000,0,0,1,0,0,0,1,0
23.279945242984258,0.0,0.0,0.0,0.0,0.0,0.0,0,500000,1,0,0,0,0,0,1,0
26.414784394250514,33.0,2316.0,5.0,0.0,0.19430051813471502,0.0,1,3000000,1,0,0,0,0,1,0,0
23.975359342915812,114.0,7229.0,12.0,15.0,0.14939825702033477,0.18674782127541845,1,17000000,0,0,0,0,0,0,0,1
24.89801505817933,19.0,994.0,0.0,1.0,0.0,0.09054325955734407,1,1800000,0,0,0,0,0,0,1,0
26.439425051334702,0.0,0.0,0.0,0.0,0.0,0.0,0,300000,0,1,0,0,0,0,0,0
28.030116358658454,143.0,9531.0,30.0,9.0,0.28328611898017,0.08498583569405099,1,7500000,0,0,0,0,0,0,0,0
24.030116358658454,0.0,0.0,0.0,0.0,0.0,0.0,0,400000,0,0,1,0,0,0,0,0
28.711841204654345,1.0,102.0,0.0,0.0,0.0,0.0,1,800000,0,0,0,0,0,1,0,0
24.021902806297057,1.0,90.0,0.0,0.0,0.0,0.0,1,100000,0,1,0,0,0,0,0,0
24.788501026694046,1.0,90.0,0.0,0.0,0.0,0.0,1,400000,1,0,0,0,0,0,0,0
27.444216290212182,222.0,16102.0,33.0,49.0,0.18444913675319835,0.27387902123959756,1,4500000,0,0,1,0,0,0,1,0
27.857631759069132,1.0,14.0,0.0,0.0,0.0,0.0,1,600000,0,0,0,0,0,0,1,0
28.791238877481177,0.0,0.0,0.0,0.0,0.0,0.0,0,200000,0,0,0,0,0,0,1,0
34.02874743326489,88.0,7590.0,4.0,2.0,0.04743083003952569,0.023715415019762844,1,400000,1,0,0,0,1,0,0,0
28.268309377138944,265.0,19213.0,61.0,45.0,0.2857440274813928,0.21079477437151928,1,40000000,0,0,0,0,0,1,0,0
26.806297056810404,1.0,20.0,0.0,0.0,0.0,0.0,1,75000,0,0,0,0,1,0,0,0
29.75770020533881,280.0,17778.0,11.0,4.0,0.055686803914951066,0.020249746878164023,1,10000000,0,0,1,0,0,1,0,0
25.44832306639288,0.0,0.0,0.0,0.0,0.0,0.0,0,50000,0,0,1,0,0,0,1,0
20.142368240930868,2.0,41.0,0.0,0.0,0.0,0.0,1,200000,0,0,0,0,0,0,0,1
26.811772758384667,124.0,9632.0,4.0,2.0,0.03737541528239203,0.018687707641196014,1,22000000,1,0,0,0,0,1,0,0
22.026009582477755,0.0,0.0,0.0,0.0,0.0,0.0,0,25000,1,0,0,0,0,0,1,0
29.472963723477072,390.0,27426.0,129.0,91.0,0.4233209363377817,0.2986217457886677,1,70000000,0,0,0,0,0,0,0,0
23.356605065023956,1.0,14.0,0.0,0.0,0.0,0.0,1,200000,0,0,1,0,1,0,0,0
25.861738535249827,3.0,144.0,0.0,0.0,0.0,0.0,1,600000,1,0,0,0,1,0,0,0
20.999315537303218,0.0,0.0,0.0,0.0,0.0,0.0,0,150000,0,0,1,0,1,0,0,0
25.571526351813826,2.0,16.0,0.0,1.0,0.0,0.0,1,175000,0,0,0,0,1,0,0,0
23.433264887063654,0.0,0.0,0.0,0.0,0.0,0.0,0,150000,0,0,1,0,0,0,1,0
24.427104722792606,1.0,10.0,0.0,0.0,0.0,0.0,1,275000,0,0,1,0,0,1,0,0
27.838466803559207,93.0,6223.0,30.0,5.0,0.4338743371364294,0.07231238952273823,1,12000000,0,0,0,0,0,1,0,0
26.151950718685832,0.0,0.0,0.0,0.0,0.0,0.0,0,200000,0,0,0,0,0,0,0,0
27.561943874058862,386.0,32435.0,23.0,26.0,0.06381994758748266,0.07214428857715431,1,60000000,1,0,0,0,0,0,0,0
25.456536618754278,1.0,90.0,0.0,0.0,0.0,0.0,1,200000,0,1,0,0,0,0,0,0
26.663928815879533,84.0,4958.0,2.0,2.0,0.03630496167809601,0.03630496167809601,1,6000000,0,0,1,0,0,0,0,0
24.109514031485283,0.0,0.0,0.0,0.0,0.0,0.0,0,600000,0,0,0,0,0,0,0,0
34.75975359342916,28.0,1449.0,0.0,2.0,0.0,0.12422360248447205,1,350000,0,0,0,0,1,0,0,0
29.3305954825462,57.0,3904.0,0.0,0.0,0.0,0.0,1,500000,1,0,0,0,1,0,0,0
25.90280629705681,42.0,1551.0,0.0,2.0,0.0,0.11605415860735009,1,500000,0,0,0,0,1,0,0,0
25.401779603011637,296.0,17216.0,70.0,58.0,0.3659386617100372,0.30320631970260226,1,45000000,0,0,0,0,0,0,0,0
25.322381930184804,1.0,1.0,0.0,0.0,0.0,0.0,1,300000,1,0,0,0,0,0,0,0
23.523613963039015,0.0,0.0,0.0,0.0,0.0,0.0,0,150000,0,1,0,0,0,1,0,0
26.746064339493497,50.0,2900.0,5.0,7.0,0.15517241379310345,0.21724137931034485,1,3500000,0,0,1,0,0,1,0,0
25.921971252566735,3.0,209.0,0.0,0.0,0.0,0.0,1,800000,1,0,0,0,0,0,1,0
28.28747433264887,103.0,4508.0,15.0,7.0,0.2994676131322094,0.13975155279503104,1,10000000,0,0,0,0,0,0,1,0
23.32101300479124,10.0,311.0,1.0,0.0,0.28938906752411575,0.0,1,4000000,0,0,0,0,0,0,1,0
19.08829568788501,0.0,0.0,0.0,0.0,0.0,0.0,0,50000,0,0,0,0,1,0,0,0
29.138945927446954,89.0,6341.0,2.0,3.0,0.028386689796562056,0.04258003469484309,1,1500000,1,0,0,0,0,0,0,0
22.406570841889117,0.0,0.0,0.0,0.0,0.0,0.0,0,250000,0,0,0,0,1,0,0,0
22.17385352498289,28.0,1595.0,2.0,3.0,0.11285266457680251,0.16927899686520376,1,2500000,0,0,1,0,0,0,0,1
25.27310061601643,65.0,3772.0,8.0,10.0,0.19088016967126195,0.23860021208907742,1,20000000,0,0,1,0,0,0,0,1
24.722792607802873,97.0,5484.0,0.0,3.0,0.0,0.04923413566739606,1,6500000,0,0,1,0,0,1,0,0
26.822724161533195,183.0,14530.0,57.0,33.0,0.35306262904335856,0.20440467997247075,1,75000000,0,0,0,0,0,1,0,0
26.354551676933607,313.0,23840.0,14.0,15.0,0.052852348993288584,0.056627516778523485,1,70000000,0,0,1,0,0,0,0,0
28.27378507871321,147.0,11686.0,10.0,8.0,0.0770152319014205,0.0616121855211364,1,12000000,1,0,0,0,0,1,0,0
27.463381245722108,11.0,705.0,0.0,0.0,0.0,0.0,1,600000,1,0,0,0,1,0,0,0
30.600958247775495,120.0,5466.0,19.0,17.0,0.3128430296377607,0.27991218441273324,1,1200000,0,0,0,0,0,0,0,0
28.61054072553046,266.0,22989.0,11.0,3.0,0.043064074122406364,0.011744747487929008,1,40000000,1,0,0,0,0,1,0,0
24.772073921971252,0.0,0.0,0.0,0.0,0.0,0.0,0,400000,0,0,1,0,0,0,0,0
28.640657084188913,339.0,28855.0,22.0,5.0,0.06861895685323167,0.015595217466643564,1,28000000,1,0,0,0,0,1,0,0
27.923340177960302,264.0,21992.0,5.0,5.0,0.02046198617679156,0.02046198617679156,1,22000000,1,0,0,0,0,0,1,0
28.747433264887064,184.0,10158.0,40.0,11.0,0.3544004725339634,0.09746012994683993,1,1400000,0,0,0,0,0,0,1,0
29.078713210130047,168.0,12103.0,12.0,7.0,0.08923407419648022,0.05205320994794679,1,6000000,1,0,0,0,0,0,0,1
26.978781656399725,1.0,3.0,0.0,0.0,0.0,0.0,1,400000,0,0,0,0,0,0,0,1
29.94113620807666,196.0,14561.0,29.0,18.0,0.17924593091133853,0.111256095048417,1,15000000,0,0,1,0,1,0,0,0
28.752908966461327,82.0,6628.0,0.0,1.0,0.0,0.013578756789378395,1,6000000,1,0,0,0,0,0,0,1
25.3305954825462,0.0,0.0,0.0,0.0,0.0,0.0,0,125000,1,0,0,0,0,0,1,0
27.972621492128678,32.0,1413.0,2.0,2.0,0.12738853503184713,0.12738853503184713,1,1000000,0,0,0,0,0,0,0,1
26.546201232032853,133.0,9152.0,12.0,19.0,0.11800699300699301,0.1868444055944056,1,25000000,1,0,0,0,0,1,0,0
29.623545516769337,177.0,15691.0,0.0,0.0,0.0,0.0,1,6000000,0,1,0,0,1,0,0,0
24.35044490075291,0.0,0.0,0.0,0.0,0.0,0.0,0,25000,0,0,0,0,0,0,1,0
26.22861054072553,0.0,0.0,0.0,0.0,0.0,0.0,0,125000,0,0,1,0,1,0,0,0
23.567419575633128,0.0,0.0,0.0,0.0,0.0,0.0,0,100000,0,1,0,0,0,0,1,0
28.476386036960985,218.0,16871.0,14.0,3.0,0.07468436962835635,0.01600379349179065,1,18000000,1,0,0,0,0,1,0,0
29.39356605065024,87.0,6403.0,3.0,0.0,0.04216773387474621,0.0,1,2000000,1,0,0,0,0,1,0,0
22.102669404517453,0.0,0.0,0.0,0.0,0.0,0.0,0,50000,0,1,0,0,1,0,0,0
27.83025325119781,96.0,4280.0,16.0,11.0,0.33644859813084116,0.23130841121495327,1,9000000,0,0,0,0,0,0,0,1
28.372347707049965,164.0,9079.0,19.0,17.0,0.1883467342218306,0.16852076219848,1,1600000,0,0,1,0,0,0,1,0
28.331279945242983,0.0,0.0,0.0,0.0,0.0,0.0,0,125000,0,0,0,0,0,1,0,0
28.22450376454483,167.0,14984.0,1.0,1.0,0.00600640683395622,0.00600640683395622,1,1500000,0,1,0,0,1,0,0,0
29.519507186858316,214.0,15019.0,28.0,26.0,0.1677874692056728,0.15580264997669618,1,6500000,0,0,0,0,0,1,0,0
23.748117727583846,1.0,10.0,0.0,0.0,0.0,0.0,1,50000,0,1,0,0,0,0,1,0
24.580424366872005,0.0,0.0,0.0,0.0,0.0,0.0,0,75000,0,0,1,0,0,0,1,0
23.488021902806295,0.0,0.0,0.0,0.0,0.0,0.0,0,50000,0,0,1,0,0,0,1,0
23.15126625598905,0.0,0.0,0.0,0.0,0.0,0.0,0,200000,0,0,0,0,0,0,1,0
28.862422997946613,70.0,6234.0,0.0,0.0,0.0,0.0,1,7000000,0,1,0,0,0,0,0,0
22.48870636550308,0.0,0.0,0.0,0.0,0.0,0.0,0,50000,1,0,0,0,0,0,1,0
23.531827515400412,0.0,0.0,0.0,0.0,0.0,0.0,0,75000,0,0,1,0,0,0,1,0
24.525667351129364,138.0,9353.0,5.0,6.0,0.048112904950283336,0.05773548594034,1,25000000,1,0,0,0,0,0,1,0
25.867214236824093,290.0,23456.0,255.0,51.0,0.9784276944065485,0.19568553888130968,1,200000000,0,0,0,0,0,1,0,0
25.177275838466805,30.0,1328.0,2.0,0.0,0.13554216867469882,0.0,1,1700000,0,0,1,0,0,0,1,0
23.51813826146475,44.0,1581.0,3.0,2.0,0.17077798861480076,0.11385199240986718,1,600000,0,0,0,0,1,0,0,0
26.288843258042437,226.0,15090.0,71.0,35.0,0.42345924453280315,0.20874751491053678,1,28000000,0,0,0,0,1,0,0,0
25.22108145106092,9.0,368.0,0.0,0.0,0.0,0.0,1,200000,0,0,1,0,1,0,0,0
22.209445585215605,0.0,0.0,0.0,0.0,0.0,0.0,0,50000,1,0,0,0,0,0,1,0
24.05475701574264,1.0,79.0,0.0,0.0,0.0,0.0,1,50000,0,0,1,0,0,0,1,0
24.985626283367555,1.0,85.0,0.0,0.0,0.0,0.0,1,400000,1,0,0,0,0,0,1,0
25.533196440793976,50.0,2990.0,4.0,3.0,0.12040133779264213,0.0903010033444816,1,3000000,0,0,0,0,1,0,0,0
25.32785763175907,3.0,129.0,0.0,0.0,0.0,0.0,1,500000,0,0,1,0,0,0,0,1
23.27173169062286,0.0,0.0,0.0,0.0,0.0,0.0,0,900000,1,0,0,0,0,1,0,0
25.467488021902806,2.0,210.0,0.0,0.0,0.0,0.0,1,200000,1,0,0,0,0,0,0,0
28.251882272416154,54.0,2301.0,10.0,6.0,0.39113428943937417,0.2346805736636245,1,3500000,0,0,0,0,0,0,0,0
33.31690622861054,0.0,0.0,0.0,0.0,0.0,0.0,0,50000,0,1,0,0,1,0,0,0
30.494182067077343,29.0,1399.0,0.0,0.0,0.0,0.0,1,200000,0,0,1,0,1,0,0,0
28.930869267624914,257.0,15734.0,86.0,15.0,0.4919283081225372,0.0858014490911402,1,30000000,0,0,0,0,0,1,0,0
28.83504449007529,198.0,15215.0,3.0,40.0,0.01774564574433125,0.2366086099244167,1,12000000,1,0,0,0,1,0,0,0
22.97056810403833,0.0,0.0,0.0,0.0,0.0,0.0,0,200000,0,1,0,0,0,0,1,0
25.87542778918549,255.0,19066.0,24.0,11.0,0.11329067449910836,0.051924892478758,1,20000000,1,0,0,0,0,0,0,1
24.955509924709105,171.0,13284.0,23.0,22.0,0.15582655826558267,0.14905149051490515,1,25000000,0,0,1,0,1,0,0,0
24.960985626283367,211.0,16896.0,12.0,15.0,0.06392045454545454,0.07990056818181818,1,70000000,1,0,0,0,0,1,0,0
22.729637234770706,0.0,0.0,0.0,0.0,0.0,0.0,0,150000,0,0,1,0,0,0,1,0
23.10198494182067,1.0,1.0,0.0,0.0,0.0,0.0,1,175000,0,0,0,0,1,0,0,0
27.279945242984258,35.0,1081.0,6.0,2.0,0.49953746530989823,0.16651248843663274,1,10000000,0,0,0,0,0,1,0,0
19.225188227241617,0.0,0.0,0.0,0.0,0.0,0.0,0,50000,1,0,0,0,0,0,1,0
28.40246406570842,208.0,13169.0,11.0,14.0,0.07517655099096363,0.0956792467157719,1,8000000,0,0,1,0,0,1,0,0
21.97946611909651,0.0,0.0,0.0,0.0,0.0,0.0,0,250000,0,1,0,0,0,0,1,0
22.21492128678987,0.0,0.0,0.0,0.0,0.0,0.0,0,325000,0,0,1,0,0,0,1,0
22.132785763175907,0.0,0.0,0.0,0.0,0.0,0.0,0,150000,0,1,0,0,0,0,1,0
23.392197125256672,1.0,5.0,0.0,0.0,0.0,0.0,1,400000,0,0,1,0,0,0,1,0
22.00684462696783,1.0,5.0,0.0,0.0,0.0,0.0,1,200000,1,0,0,0,0,0,1,0
22.38740588637919,0.0,0.0,0.0,0.0,0.0,0.0,0,100000,0,0,0,0,0,0,1,0
22.288843258042437,4.0,48.0,0.0,0.0,0.0,0.0,1,250000,1,0,0,0,0,0,1,0
22.209445585215605,0.0,0.0,0.0,0.0,0.0,0.0,0,150000,0,0,1,0,0,0,1,0
21.322381930184804,0.0,0.0,0.0,0.0,0.0,0.0,0,50000,1,0,0,0,0,0,1,0
22.368240930869266,8.0,174.0,0.0,0.0,0.0,0.0,1,450000,0,0,0,0,0,0,1,0
22.187542778918548,0.0,0.0,0.0,0.0,0.0,0.0,0,150000,0,0,1,0,0,0,1,0
23.27173169062286,0.0,0.0,0.0,0.0,0.0,0.0,0,125000,0,0,1,0,0,0,1,0
24.758384668035593,88.0,7884.0,0.0,0.0,0.0,0.0,1,15000000,0,1,0,0,0,0,1,0
29.639972621492127,60.0,5025.0,4.0,2.0,0.07164179104477612,0.03582089552238806,1,1800000,1,0,0,0,0,0,0,1
23.20602327173169,0.0,0.0,0.0,0.0,0.0,0.0,0,175000,1,0,0,0,0,0,0,1
26.031485284052017,13.0,590.0,0.0,2.0,0.0,0.30508474576271183,1,5500000,0,0,0,0,0,0,0,1
25.204654346338124,79.0,3276.0,10.0,5.0,0.27472527472527475,0.13736263736263737,1,1200000,0,0,0,0,0,0,0,0
22.483230663928815,0.0,0.0,0.0,0.0,0.0,0.0,0,25000,1,0,0,0,0,0,1,0
28.605065023956193,23.0,1009.0,0.0,0.0,0.0,0.0,1,600000,1,0,0,0,1,0,0,0
27.6249144421629,75.0,4765.0,10.0,8.0,0.1888772298006296,0.15110178384050366,1,1200000,0,0,1,0,0,0,0,1
22.02053388090349,0.0,0.0,0.0,0.0,0.0,0.0,0,250000,0,0,0,0,0,0,1,0
23.718001368925393,0.0,0.0,0.0,0.0,0.0,0.0,0,200000,0,0,1,0,0,0,1,0
25.678302532511978,0.0,0.0,0.0,0.0,0.0,0.0,0,50000,1,0,0,0,0,0,1,0
23.857631759069132,3.0,24.0,0.0,0.0,0.0,0.0,1,800000,0,0,1,0,1,0,0,0
27.62217659137577,320.0,26235.0,4.0,4.0,0.013722126929674101,0.013722126929674101,1,6000000,1,0,0,0,0,0,1,0
27.33196440793977,291.0,22125.0,16.0,12.0,0.06508474576271187,0.0488135593220339,1,75000000,0,0,1,0,0,1,0,0
24.772073921971252,59.0,4106.0,1.0,5.0,0.021919142717973697,0.10959571358986848,1,1200000,1,0,0,0,0,0,0,0
27.3347022587269,280.0,18332.0,9.0,3.0,0.04418503163866463,0.014728343879554878,1,4000000,0,0,1,0,0,0,0,0
23.731690622861056,0.0,0.0,0.0,0.0,0.0,0.0,0,100000,0,0,1,0,0,1,0,0
22.861054072553046,0.0,0.0,0.0,0.0,0.0,0.0,0,50000,1,0,0,0,0,0,1,0
23.61122518822724,3.0,211.0,0.0,0.0,0.0,0.0,1,600000,1,0,0,0,0,0,1,0
24.9637234770705,152.0,8799.0,1.0,6.0,0.010228435049437436,0.06137061029662461,1,20000000,0,0,1,0,0,0,1,0
24.629705681040384,88.0,4795.0,2.0,4.0,0.037539103232533885,0.07507820646506777,1,10000000,1,0,0,0,0,1,0,0
28.164271047227928,249.0,16256.0,19.0,26.0,0.10519192913385828,0.14394685039370078,1,15000000,1,0,0,0,0,0,0,0
26.146475017111566,125.0,7718.0,19.0,20.0,0.22155998963462037,0.23322104172065303,1,2500000,0,0,0,0,0,1,0,0
29.48665297741273,201.0,10742.0,20.0,19.0,0.16756656116179483,0.15918823310370508,1,2500000,0,0,0,0,0,0,0,1
25.56331279945243,249.0,17571.0,15.0,40.0,0.07683114222298106,0.20488304592794945,1,40000000,1,0,0,0,0,0,0,1
26.028747433264886,30.0,1569.0,1.0,1.0,0.05736137667304015,0.05736137667304015,1,300000,0,0,0,0,1,0,0,0
23.41409993155373,0.0,0.0,0.0,0.0,0.0,0.0,0,25000,0,1,0,0,0,0,1,0
25.752224503764545,2.0,180.0,1.0,0.0,0.0,0.0,1,1000000,1,0,0,0,0,1,0,0
28.82135523613963,215.0,17062.0,12.0,15.0,0.06329855819950768,0.07912319774938459,1,22000000,1,0,0,0,0,1,0,0
26.288843258042437,60.0,1822.0,4.0,1.0,0.19758507135016465,0.04939626783754116,1,800000,0,0,0,0,1,0,0,0
24.594113620807665,0.0,0.0,0.0,0.0,0.0,0.0,0,150000,0,0,1,0,0,0,0,0
26.11088295687885,0.0,0.0,0.0,0.0,0.0,0.0,0,150000,0,0,0,0,0,0,0,0
24.580424366872005,16.0,1381.0,0.0,0.0,0.0,0.0,1,300000,1,0,0,0,0,1,0,0
23.83025325119781,0.0,0.0,0.0,0.0,0.0,0.0,0,150000,1,0,0,0,0,1,0,0
28.531143052703626,141.0,7948.0,8.0,10.0,0.09058882737795672,0.1132360342224459,1,7000000,0,0,1,0,0,1,0,0
26.28062970568104,150.0,11259.0,3.0,5.0,0.023980815347721823,0.039968025579536375,1,35000000,1,0,0,0,0,1,0,0
24.700889801505816,0.0,0.0,0.0,0.0,0.0,0.0,0,200000,0,0,0,0,0,0,1,0
27.110198494182068,49.0,2397.0,7.0,1.0,0.26282853566958697,0.03754693366708385,1,5000000,0,0,0,0,0,1,0,0
21.48665297741273,0.0,0.0,0.0,0.0,0.0,0.0,0,450000,0,1,0,0,0,0,0,1
28.870636550308006,36.0,2849.0,2.0,0.0,0.06318006318006318,0.0,1,400000,1,0,0,0,1,0,0,0
24.49828884325804,0.0,0.0,0.0,0.0,0.0,0.0,0,175000,1,0,0,0,0,0,1,0
28.347707049965777,120.0,5843.0,26.0,7.0,0.4004792058873866,0.1078213246619887,1,1500000,0,0,0,0,1,0,0,0
23.123887748117728,7.0,488.0,0.0,0.0,0.0,0.0,1,200000,1,0,0,0,0,0,1,0
23.359342915811087,0.0,0.0,0.0,0.0,0.0,0.0,0,150000,0,0,0,0,0,0,0,1
22.0041067761807,0.0,0.0,0.0,0.0,0.0,0.0,0,50000,0,1,0,0,0,0,1,0
28.05475701574264,224.0,20143.0,0.0,1.0,0.0,0.004468053418060864,1,12000000,0,1,0,0,0,1,0,0
25.27310061601643,81.0,6071.0,11.0,8.0,0.16307033437654422,0.11859660681930488,1,12000000,0,0,0,0,1,0,0,0
27.40041067761807,3.0,270.0,0.0,0.0,0.0,0.0,1,500000,0,1,0,0,0,1,0,0
27.567419575633128,0.0,0.0,0.0,0.0,0.0,0.0,0,3500000,0,0,1,0,0,1,0,0
19.43874058863792,0.0,0.0,0.0,0.0,0.0,0.0,0,25000,0,0,1,0,0,0,1,0
26.76249144421629,297.0,24153.0,47.0,32.0,0.1751335237858651,0.1192398459818656,1,14000000,0,0,1,0,0,0,1,0
26.521560574948666,2.0,119.0,0.0,0.0,0.0,0.0,1,300000,0,1,0,0,0,0,0,0
26.349075975359344,229.0,15924.0,38.0,36.0,0.21477015825169557,0.20346646571213264,1,70000000,0,0,1,0,0,1,0,0
27.263518138261464,147.0,12178.0,2.0,7.0,0.014780752176055182,0.05173263261619314,1,7000000,1,0,0,0,1,0,0,0
23.044490075290895,4.0,175.0,0.0,0.0,0.0,0.0,1,50000,0,0,0,0,0,0,1,0
26.926762491444215,73.0,3380.0,6.0,5.0,0.15976331360946744,0.1331360946745562,1,1400000,0,0,1,0,0,0,0,0
24.3750855578371,183.0,9988.0,26.0,21.0,0.23428113736483783,0.1892270724869844,1,15000000,0,0,0,0,0,0,0,1
26.45311430527036,52.0,2538.0,0.0,1.0,0.0,0.03546099290780142,1,1500000,0,0,1,0,1,0,0,0
25.44558521560575,140.0,10518.0,16.0,24.0,0.13690815744438106,0.20536223616657157,1,22000000,1,0,0,0,0,1,0,0
26.321697467488022,221.0,15413.0,68.0,24.0,0.3970674106273925,0.14014143904496204,1,40000000,0,0,0,0,0,1,0,0
25.94387405886379,86.0,5476.0,5.0,10.0,0.08217677136596056,0.16435354273192113,1,6000000,0,0,1,0,0,0,1,0
26.017796030116358,44.0,2195.0,1.0,5.0,0.04100227790432802,0.20501138952164008,1,4500000,0,0,1,0,0,1,0,0
22.622861054072555,3.0,99.0,0.0,0.0,0.0,0.0,1,1200000,0,0,1,0,0,0,1,0
23.38945927446954,0.0,0.0,0.0,0.0,0.0,0.0,0,150000,0,0,1,0,0,0,1,0
23.2580424366872,0.0,0.0,0.0,0.0,0.0,0.0,0,50000,1,0,0,0,0,0,1,0
24.355920602327174,7.0,573.0,0.0,0.0,0.0,0.0,1,1200000,1,0,0,0,0,1,0,0
28.18343600273785,69.0,2606.0,5.0,2.0,0.17267843438219493,0.06907137375287797,1,1000000,0,0,1,0,0,0,0,0
26.302532511978097,0.0,0.0,0.0,0.0,0.0,0.0,0,50000,0,1,0,0,0,0,1,0
24.89801505817933,1.0,25.0,0.0,0.0,0.0,0.0,1,250000,0,0,1,0,0,1,0,0
23.912388774811774,1.0,90.0,0.0,0.0,0.0,0.0,1,175000,1,0,0,0,0,0,1,0
26.105407255304584,256.0,16696.0,43.0,46.0,0.23179204599904168,0.2479635840919981,1,17000000,0,0,1,0,0,1,0,0
21.746748802190282,1.0,2.0,0.0,0.0,0.0,0.0,1,450000,0,0,1,0,0,0,1,0
25.28952772073922,120.0,7241.0,6.0,13.0,0.07457533489849467,0.16157989228007183,1,16000000,0,0,1,0,0,0,1,0
25.333333333333332,175.0,8763.0,33.0,7.0,0.3389250256761383,0.0718931872646354,1,14000000,0,0,0,0,0,0,1,0
21.984941820670773,0.0,0.0,0.0,0.0,0.0,0.0,0,10000,0,1,0,0,0,0,1,0
25.267624914442163,56.0,3661.0,18.0,5.0,0.4425020486205955,0.12291723572794318,1,25000000,0,0,0,0,0,1,0,0
24.298425735797398,29.0,2014.0,0.0,4.0,0.0,0.17874875868917575,1,2500000,1,0,0,0,0,0,0,1
23.770020533880903,81.0,7275.0,0.0,0.0,0.0,0.0,1,20000000,0,1,0,0,0,0,1,0
21.848049281314168,0.0,0.0,0.0,0.0,0.0,0.0,0,75000,0,1,0,0,0,0,1,0
25.492128678986994,8.0,750.0,0.0,0.0,0.0,0.0,1,750000,0,1,0,0,0,0,0,1
27.802874743326488,108.0,5638.0,8.0,7.0,0.12770485987938984,0.11174175239446613,1,1500000,0,0,0,0,1,0,0,0
30.302532511978097,13.0,1188.0,0.0,0.0,0.0,0.0,1,5000000,0,1,0,0,0,1,0,0
24.7419575633128,300.0,22491.0,80.0,74.0,0.3201280512204882,0.2961184473789516,1,110000000,0,0,0,0,0,1,0,0
22.412046543463383,1.0,1.0,0.0,0.0,0.0,0.0,1,200000,0,0,1,0,0,1,0,0
24.511978097193705,43.0,1597.0,2.0,3.0,0.11271133375078271,0.16906700062617408,1,4000000,0,0,1,0,0,0,1,0
22.77618069815195,0.0,0.0,0.0,0.0,0.0,0.0,0,150000,0,0,0,0,0,1,0,0
24.61054072553046,66.0,2803.0,1.0,2.0,0.03210845522654299,0.06421691045308597,1,7000000,0,0,1,0,0,1,0,0
22.417522245037645,0.0,0.0,0.0,0.0,0.0,0.0,0,200000,0,0,0,0,0,1,0,0
22.050650239561943,4.0,191.0,1.0,1.0,0.0,0.0,1,1500000,1,0,0,0,0,1,0,0
25.338809034907598,215.0,11629.0,20.0,22.0,0.15478545016768422,0.17026399518445268,1,35000000,0,0,1,0,0,1,0,0
26.425735797399042,74.0,5121.0,2.0,0.0,0.0351493848857645,0.0,1,900000,1,0,0,0,0,0,1,0
25.675564681724847,27.0,1715.0,1.0,0.0,0.052478134110787174,0.0,1,2000000,1,0,0,0,0,0,0,1
27.238877481177276,94.0,4786.0,4.0,8.0,0.07521938988717092,0.15043877977434184,1,2000000,0,0,1,0,0,0,1,0
24.862422997946613,1.0,59.0,0.0,0.0,0.0,0.0,1,3000000,0,0,1,0,0,1,0,0
26.099931553730322,10.0,305.0,0.0,0.0,0.0,0.0,1,400000,1,0,0,0,1,0,0,0
27.529089664613277,174.0,13085.0,9.0,4.0,0.061902942300343905,0.027512418800152844,1,22000000,1,0,0,0,0,0,1,0
25.045859000684462,6.0,420.0,1.0,0.0,0.2142857142857143,0.0,1,2500000,0,0,1,0,0,1,0,0
21.059548254620122,0.0,0.0,0.0,0.0,0.0,0.0,0,200000,0,0,0,0,0,1,0,0
25.00205338809035,65.0,3441.0,3.0,4.0,0.07846556233653008,0.10462074978204011,1,9000000,0,0,1,0,0,0,0,1
23.745379876796715,49.0,2369.0,5.0,3.0,0.18995356690586748,0.11397214014352046,1,3500000,0,0,0,0,0,1,0,0
26.157426420260094,211.0,17930.0,9.0,5.0,0.04517568321249303,0.02509760178471835,1,50000000,1,0,0,0,0,1,0,0
27.84120465434634,64.0,4819.0,1.0,3.0,0.01867607387424777,0.056028221622743304,1,150000,1,0,0,0,1,0,0,0
26.146475017111566,125.0,8353.0,31.0,15.0,0.33401173231174425,0.16161858015084402,1,30000000,0,0,0,0,0,0,1,0
26.55441478439425,9.0,453.0,0.0,0.0,0.0,0.0,1,2400000,0,0,1,0,0,0,1,0
27.912388774811774,7.0,307.0,0.0,0.0,0.0,0.0,1,600000,1,0,0,0,0,0,0,0
27.07460643394935,328.0,20715.0,97.0,70.0,0.4214337436640116,0.3041274438812455,1,60000000,0,0,0,0,0,1,0,0
26.559890485968516,79.0,3622.0,1.0,5.0,0.024848150193263394,0.12424075096631695,1,2000000,0,0,0,0,0,0,0,0
26.168377823408623,2.0,210.0,0.0,0.0,0.0,0.0,1,3000000,1,0,0,0,0,1,0,0
29.659137577002053,154.0,12060.0,1.0,3.0,0.007462686567164179,0.022388059701492536,1,5000000,1,0,0,0,0,0,1,0
28.45448323066393,296.0,25292.0,26.0,9.0,0.0925193737150087,0.03202593705519532,1,75000000,1,0,0,0,0,1,0,0
25.295003422313485,2.0,180.0,0.0,0.0,0.0,0.0,1,350000,0,1,0,0,0,0,1,0
29.752224503764545,45.0,2161.0,7.0,4.0,0.2915316982878297,0.16658954187875985,1,1500000,0,0,0,0,1,0,0,0
25.453798767967147,19.0,1373.0,1.0,0.0,0.06554989075018208,0.0,1,300000,1,0,0,0,0,0,0,0
26.414784394250514,1.0,90.0,0.0,0.0,0.0,0.0,1,700000,1,0,0,0,0,0,0,0
25.032169746748803,186.0,9355.0,41.0,22.0,0.3944414751469802,0.21165152324959913,1,20000000,0,0,0,0,0,1,0,0
25.218343600273784,280.0,17257.0,52.0,47.0,0.2711942979660428,0.24511792316161557,1,30000000,0,0,1,0,0,0,1,0
25.620807665982205,64.0,4336.0,1.0,2.0,0.020756457564575646,0.04151291512915129,1,4000000,1,0,0,0,0,0,0,1
24.856947296372347,126.0,8312.0,0.0,5.0,0.0,0.054138594802694895,1,25000000,1,0,0,0,0,0,0,1
24.969199178644764,103.0,5786.0,19.0,6.0,0.2955409609402005,0.09332872450743174,1,1800000,0,0,0,0,0,0,0,1
27.564681724845997,120.0,9449.0,4.0,4.0,0.03809926976399619,0.03809926976399619,1,10000000,1,0,0,0,0,1,0,0
23.857631759069132,11.0,341.0,0.0,0.0,0.0,0.0,1,800000,0,0,1,0,0,0,0,1
24.657084188911703,21.0,1452.0,0.0,0.0,0.0,0.0,1,900000,1,0,0,0,0,0,1,0
29.998631074606433,223.0,17977.0,9.0,4.0,0.0450575735662235,0.020025588251654892,1,2500000,1,0,0,0,0,0,0,0
22.9596167008898,32.0,1441.0,2.0,1.0,0.12491325468424705,0.062456627342123525,1,1500000,0,0,0,0,0,0,1,0
19.964407939767284,0.0,0.0,0.0,0.0,0.0,0.0,0,150000,0,0,1,0,1,0,0,0
25.87816563997262,0.0,0.0,0.0,0.0,0.0,0.0,0,125000,0,0,0,0,0,0,1,0
19.920602327173167,0.0,0.0,0.0,0.0,0.0,0.0,0,25000,0,1,0,0,0,0,1,0
24.908966461327857,1.0,45.0,0.0,0.0,0.0,0.0,1,100000,0,0,1,0,0,0,1,0
29.374401095140314,0.0,0.0,0.0,0.0,0.0,0.0,0,200000,0,0,0,0,1,0,0,0
29.793292265571527,257.0,20862.0,5.0,26.0,0.02157031924072476,0.11216566005176877,1,3000000,1,0,0,0,0,0,0,0
22.767967145790553,0.0,0.0,0.0,0.0,0.0,0.0,0,150000,1,0,0,0,0,0,0,1
26.275154004106778,1.0,120.0,0.0,0.0,0.0,0.0,1,150000,1,0,0,0,0,0,1,0
27.433264887063654,36.0,2347.0,2.0,0.0,0.07669365146996165,0.0,1,4000000,0,0,1,0,0,0,1,0
25.49486652977413,154.0,11051.0,13.0,11.0,0.10587277169486924,0.08958465297258167,1,50000000,1,0,0,0,0,0,1,0
22.417522245037645,0.0,0.0,0.0,0.0,0.0,0.0,0,125000,0,1,0,0,0,0,0,1
33.01300479123888,124.0,10752.0,8.0,1.0,0.06696428571428571,0.008370535714285714,1,3000000,1,0,0,0,0,1,0,0
30.127310061601644,183.0,14845.0,5.0,7.0,0.030313236780060628,0.04243853149208488,1,1800000,0,0,1,0,0,0,1,0
26.535249828884325,1.0,16.0,0.0,0.0,0.0,0.0,1,200000,0,0,0,0,0,0,0,0
27.578370978781656,0.0,0.0,0.0,0.0,0.0,0.0,0,400000,0,0,1,0,0,0,0,0
28.3750855578371,120.0,8390.0,1.0,0.0,0.010727056019070322,0.0,1,2200000,0,0,1,0,0,0,0,0
31.88227241615332,25.0,1906.0,0.0,1.0,0.0,0.0472193074501574,1,500000,1,0,0,0,0,0,0,0
29.229295003422312,272.0,16006.0,72.0,31.0,0.4048481819317756,0.17430963388729226,1,8000000,0,0,0,0,0,0,0,1
28.917180013689254,99.0,3532.0,11.0,9.0,0.28029445073612685,0.22933182332955832,1,1400000,0,0,0,0,0,0,0,0
26.316221765913756,129.0,8006.0,5.0,5.0,0.05620784411691232,0.05620784411691232,1,12000000,0,0,1,0,0,0,0,1
25.144421629021217,187.0,13986.0,11.0,30.0,0.07078507078507078,0.19305019305019303,1,45000000,0,0,1,0,0,0,0,1
21.65639972621492,0.0,0.0,0.0,0.0,0.0,0.0,0,50000,0,1,0,0,0,0,0,0
25.848049281314168,32.0,860.0,3.0,2.0,0.313953488372093,0.20930232558139533,1,600000,0,0,0,0,0,1,0,0
28.744695414099933,247.0,18046.0,43.0,26.0,0.2144519561121578,0.1296686246259559,1,32000000,0,0,1,0,0,1,0,0
22.47501711156742,1.0,120.0,0.0,0.0,0.0,0.0,1,175000,0,1,0,0,0,1,0,0
27.17864476386037,85.0,5820.0,1.0,1.0,0.015463917525773196,0.015463917525773196,1,700000,1,0,0,0,1,0,0,0
23.38398357289528,0.0,0.0,0.0,0.0,0.0,0.0,0,25000,0,0,0,0,0,0,0,1
27.474332648870636,129.0,9939.0,4.0,15.0,0.03622094778146695,0.13582855418050105,1,3000000,1,0,0,0,0,0,1,0
23.082819986310746,1.0,39.0,0.0,0.0,0.0,0.0,1,300000,1,0,0,0,0,0,1,0
25.530458590006845,1.0,8.0,0.0,0.0,0.0,0.0,1,200000,0,0,0,0,0,0,0,0
23.080082135523615,0.0,0.0,0.0,0.0,0.0,0.0,0,50000,0,0,1,0,0,0,1,0
27.318275154004105,195.0,11665.0,60.0,32.0,0.46292327475353623,0.24689241320188599,1,50000000,0,0,0,0,0,1,0,0
25.66461327857632,16.0,924.0,2.0,0.0,0.19480519480519481,0.0,1,1000000,0,0,1,0,0,0,0,0
24.0684462696783,0.0,0.0,0.0,0.0,0.0,0.0,0,50000,0,0,1,0,0,0,0,0
26.677618069815196,0.0,0.0,0.0,0.0,0.0,0.0,0,300000,0,0,1,0,1,0,0,0
28.0684462696783,289.0,19558.0,22.0,21.0,0.10123734533183353,0.09663564781675019,1,18000000,0,0,1,0,0,1,0,0
23.307323750855577,1.0,10.0,0.0,0.0,0.0,0.0,1,350000,0,0,0,0,0,0,0,1
22.680355920602327,0.0,0.0,0.0,0.0,0.0,0.0,0,100000,0,0,0,0,0,0,0,1
29.39630390143737,56.0,3924.0,12.0,3.0,0.27522935779816515,0.06880733944954129,1,2800000,0,0,0,0,0,1,0,0
23.89596167008898,32.0,1121.0,3.0,0.0,0.2408563782337199,0.0,1,2500000,0,0,1,0,0,0,0,1
22.33538672142368,0.0,0.0,0.0,0.0,0.0,0.0,0,50000,0,0,1,0,0,0,0,1
23.761806981519506,1.0,20.0,0.0,0.0,0.0,0.0,1,75000,0,0,0,0,0,0,0,1
25.456536618754278,123.0,7695.0,8.0,13.0,0.0935672514619883,0.152046783625731,1,10000000,1,0,0,0,0,0,0,1
26.78986995208761,158.0,7919.0,3.0,11.0,0.034095214042177045,0.1250157848213158,1,2000000,0,0,1,0,0,0,0,0
24.569472963723477,0.0,0.0,0.0,0.0,0.0,0.0,0,25000,1,0,0,0,0,0,1,0
31.54277891854894,229.0,18039.0,3.0,20.0,0.014967570264427073,0.09978380176284717,1,1800000,1,0,0,0,0,0,0,0
26.54072553045859,135.0,12105.0,0.0,0.0,0.0,0.0,1,7000000,0,1,0,0,1,0,0,0
24.684462696783026,71.0,6232.0,0.0,1.0,0.0,0.014441591784338894,1,7000000,0,1,0,0,0,0,0,1
26.12183436002738,0.0,0.0,0.0,0.0,0.0,0.0,0,150000,0,1,0,0,0,0,0,0
27.98631074606434,128.0,10774.0,0.0,6.0,0.0,0.05012066085019492,1,2500000,1,0,0,0,0,0,0,0
35.044490075290895,163.0,9726.0,27.0,12.0,0.2498457742134485,0.11104256631708823,1,1100000,0,0,0,0,0,0,1,0
27.11567419575633,38.0,2146.0,3.0,2.0,0.12581547064305684,0.08387698042870456,1,3000000,0,0,1,0,0,0,0,0
27.772758384668034,117.0,6427.0,14.0,22.0,0.1960479228255796,0.30807530729733934,1,7000000,0,0,1,0,0,0,0,1
26.469541409993155,26.0,1125.0,2.0,1.0,0.16,0.08,1,2200000,1,0,0,0,0,0,0,1
31.603011635865844,190.0,16485.0,8.0,11.0,0.04367606915377616,0.060054595086442224,1,2600000,1,0,0,0,0,0,0,0
25.620807665982205,2.0,45.0,0.0,0.0,0.0,0.0,1,200000,0,0,0,0,0,0,0,0
27.93429158110883,227.0,13404.0,12.0,25.0,0.08057296329453895,0.16786034019695611,1,16000000,0,0,1,0,0,1,0,0
22.157426420260094,21.0,1384.0,0.0,1.0,0.0,0.06502890173410404,1,1500000,1,0,0,0,0,0,0,1
23.15126625598905,0.0,0.0,0.0,0.0,0.0,0.0,0,10000,0,0,0,0,0,0,1,0
29.423682409308693,282.0,15849.0,17.0,30.0,0.09653605905735378,0.17035775127768316,1,2500000,0,0,1,0,1,0,0,0
24.427104722792606,2.0,95.0,0.0,0.0,0.0,0.0,1,200000,0,1,0,0,0,0,1,0
25.60438056125941,243.0,17140.0,51.0,47.0,0.2677946324387398,0.24679113185530924,1,100000000,0,0,1,0,0,1,0,0
26.31895961670089,0.0,0.0,0.0,0.0,0.0,0.0,0,1200000,1,0,0,0,0,0,1,0
25.17453798767967,2.0,40.0,0.0,0.0,0.0,0.0,1,350000,0,0,1,0,0,0,0,1
27.99726214921287,161.0,12563.0,4.0,1.0,0.028655575897476717,0.007163893974369179,1,3000000,1,0,0,0,0,0,0,0
26.850102669404517,2.0,11.0,0.0,0.0,0.0,0.0,1,150000,0,0,0,1,1,0,0,0
25.190965092402465,32.0,2691.0,0.0,1.0,0.0,0.033444816053511704,1,2500000,1,0,0,0,0,0,0,1
22.781656399726216,0.0,0.0,0.0,0.0,0.0,0.0,0,175000,1,0,0,0,0,0,0,1
21.99041752224504,0.0,0.0,0.0,0.0,0.0,0.0,0,75000,0,0,1,0,0,0,0,1
24.692676249144423,58.0,3006.0,0.0,2.0,0.0,0.059880239520958084,1,400000,0,0,1,0,0,0,0,1
22.965092402464066,0.0,0.0,0.0,0.0,0.0,0.0,0,3000000,0,0,1,0,0,0,0,1
24.692676249144423,0.0,0.0,0.0,0.0,0.0,0.0,0,50000,0,1,0,0,0,0,0,1
23.080082135523615,1.0,45.0,0.0,0.0,0.0,0.0,1,150000,1,0,0,0,0,0,0,1
24.95277207392197,73.0,3126.0,8.0,5.0,0.23032629558541265,0.14395393474088292,1,3000000,0,0,0,0,0,0,0,1
25.21286789869952,39.0,3096.0,1.0,2.0,0.029069767441860465,0.05813953488372093,1,20000000,1,0,0,0,0,0,0,0
22.663928815879533,0.0,0.0,0.0,0.0,0.0,0.0,0,150000,0,1,0,0,1,0,0,0
24.62696783025325,0.0,0.0,0.0,0.0,0.0,0.0,0,50000,0,0,1,0,0,0,1,0
25.95756331279945,6.0,187.0,0.0,0.0,0.0,0.0,1,100000,0,0,1,0,1,0,0,0
28.418891170431213,21.0,1182.0,0.0,1.0,0.0,0.07614213197969542,1,450000,0,0,0,0,1,0,0,0
28.903490759753595,220.0,16625.0,7.0,24.0,0.037894736842105266,0.1299248120300752,1,7000000,1,0,0,0,0,0,0,1
27.02258726899384,84.0,6815.0,3.0,1.0,0.03961848862802641,0.013206162876008804,1,9000000,1,0,0,0,1,0,0,0
26.154688569472963,13.0,433.0,1.0,0.0,0.20785219399538105,0.0,1,350000,0,0,0,0,1,0,0,0
25.166324435318277,47.0,4185.0,0.0,0.0,0.0,0.0,1,2500000,0,1,0,0,0,0,0,0
24.56125941136208,10.0,884.0,0.0,0.0,0.0,0.0,1,500000,0,1,0,0,0,0,0,1
25.462012320328544,4.0,301.0,0.0,0.0,0.0,0.0,1,500000,0,1,0,0,0,0,0,1
22.39835728952772,0.0,0.0,0.0,0.0,0.0,0.0,0,100000,0,1,0,0,0,0,0,1
24.468172484599588,63.0,2687.0,12.0,2.0,0.4019352437662821,0.06698920729438035,1,5000000,0,0,0,0,1,0,0,0
22.00684462696783,1.0,7.0,0.0,0.0,0.0,0.0,1,350000,0,0,1,0,0,0,0,1
25.026694045174537,82.0,5067.0,15.0,8.0,0.2664298401420959,0.14209591474245117,1,8000000,0,0,0,0,0,0,0,1
21.672826830937716,0.0,0.0,0.0,0.0,0.0,0.0,0,125000,0,1,0,0,0,0,0,1
29.809719370294317,0.0,0.0,0.0,0.0,0.0,0.0,0,150000,0,1,0,0,1,0,0,0
27.720739219712527,0.0,0.0,0.0,0.0,0.0,0.0,0,100000,0,1,0,0,0,0,0,0
24.73100616016427,29.0,1726.0,1.0,1.0,0.05214368482039397,0.05214368482039397,1,1000000,0,0,1,0,0,0,0,0
26.524298425735797,114.0,7645.0,22.0,7.0,0.2589928057553957,0.08240680183126227,1,2500000,0,0,0,0,0,1,0,0
22.702258726899384,0.0,0.0,0.0,0.0,0.0,0.0,0,175000,0,0,1,0,0,0,1,0
27.121149897330596,113.0,6156.0,5.0,6.0,0.07309941520467836,0.08771929824561403,1,4500000,0,0,1,0,0,0,0,1
27.509924709103355,10.0,661.0,0.0,0.0,0.0,0.0,1,200000,0,0,1,0,0,0,0,0
29.286789869952088,192.0,11680.0,29.0,26.0,0.22345890410958907,0.20034246575342465,1,12000000,0,0,0,0,0,0,0,0
21.78507871321013,0.0,0.0,0.0,0.0,0.0,0.0,0,25000,1,0,0,0,0,0,1,0
25.295003422313485,0.0,0.0,0.0,0.0,0.0,0.0,0,100000,0,0,0,0,0,0,0,0
23.67693360711841,0.0,0.0,0.0,0.0,0.0,0.0,0,200000,0,0,1,0,0,0,0,0
25.075975359342916,46.0,1584.0,2.0,3.0,0.11363636363636365,0.17045454545454547,1,1500000,0,0,0,0,0,0,0,0
24.298425735797398,132.0,6748.0,31.0,9.0,0.4134558387670421,0.12003556609365738,1,55000000,0,0,0,0,0,1,0,0
23.46611909650924,10.0,343.0,3.0,1.0,0.7871720116618076,0.26239067055393583,1,300000,0,0,0,0,0,0,0,1
24.520191649555098,4.0,360.0,0.0,0.0,0.0,0.0,1,450000,0,1,0,0,0,0,0,1
22.390143737166323,0.0,0.0,0.0,0.0,0.0,0.0,0,250000,0,0,0,0,0,0,0,1
29.338809034907598,13.0,286.0,0.0,0.0,0.0,0.0,1,475000,0,0,0,0,1,0,0,0
25.09514031485284,0.0,0.0,0.0,0.0,0.0,0.0,0,150000,0,1,0,0,0,1,0,0
26.633812457221083,37.0,3330.0,0.0,2.0,0.0,0.05405405405405405,1,400000,0,1,0,0,0,1,0,0
20.744695414099933,0.0,0.0,0.0,0.0,0.0,0.0,0,150000,1,0,0,0,1,0,0,0
24.413415468856947,50.0,1622.0,5.0,1.0,0.27743526510480887,0.055487053020961775,1,1000000,0,0,0,0,0,0,1,0
22.652977412731005,0.0,0.0,0.0,0.0,0.0,0.0,0,10000,0,0,0,0,0,0,1,0
23.252566735112936,6.0,219.0,0.0,0.0,0.0,0.0,1,400000,0,0,1,0,0,1,0,0
26.390143737166323,0.0,0.0,0.0,0.0,0.0,0.0,0,200000,1,0,0,0,0,0,0,0
21.828884325804243,0.0,0.0,0.0,0.0,0.0,0.0,0,300000,1,0,0,0,0,0,1,0
23.329226557152634,2.0,16.0,0.0,0.0,0.0,0.0,1,175000,1,0,0,0,0,0,1,0
24.35318275154004,0.0,0.0,0.0,0.0,0.0,0.0,0,200000,1,0,0,0,0,0,1,0
23.66050650239562,30.0,686.0,2.0,1.0,0.26239067055393583,0.13119533527696792,1,4000000,0,0,0,0,0,0,1,0
23.55373032169747,0.0,0.0,0.0,0.0,0.0,0.0,0,700000,0,0,1,0,0,0,1,0
26.43394934976044,28.0,720.0,1.0,0.0,0.125,0.0,1,800000,1,0,0,0,0,0,1,0
23.94798083504449,0.0,0.0,0.0,0.0,0.0,0.0,0,100000,0,0,0,0,0,0,1,0
25.073237508555785,0.0,0.0,0.0,0.0,0.0,0.0,0,150000,0,0,1,0,0,0,1,0
26.89390828199863,160.0,7612.0,26.0,14.0,0.30740935365212824,0.16552811350499214,1,8000000,0,0,0,0,0,0,1,0
23.65776865160849,0.0,0.0,0.0,0.0,0.0,0.0,0,25000,0,0,1,0,0,0,1,0
25.968514715947983,0.0,0.0,0.0,0.0,0.0,0.0,0,1000000,0,0,0,0,0,0,0,0
24.09034907597536,0.0,0.0,0.0,0.0,0.0,0.0,0,250000,0,1,0,0,0,0,1,0
21.935660506502394,0.0,0.0,0.0,0.0,0.0,0.0,0,50000,0,1,0,0,0,0,1,0
29.204654346338124,193.0,14339.0,2.0,6.0,0.012553176651091428,0.03765952995327428,1,2000000,1,0,0,0,0,0,0,0
24.27104722792608,0.0,0.0,0.0,0.0,0.0,0.0,0,10000,1,0,0,0,0,0,1,0
27.928815879534564,39.0,1261.0,2.0,0.0,0.14274385408406026,0.0,1,3000000,0,0,1,0,0,1,0,0
25.089664613278575,2.0,71.0,0.0,0.0,0.0,0.0,1,500000,0,0,0,0,0,0,0,0
26.425735797399042,1.0,8.0,0.0,0.0,0.0,0.0,1,150000,1,0,0,0,0,0,0,0
22.239561943874058,0.0,0.0,0.0,0.0,0.0,0.0,0,25000,1,0,0,0,0,0,1,0
23.641341546885695,82.0,5896.0,2.0,6.0,0.030529172320217093,0.09158751696065129,1,1700000,1,0,0,0,0,0,1,0
20.32580424366872,0.0,0.0,0.0,0.0,0.0,0.0,0,25000,0,0,0,0,0,0,1,0
21.968514715947983,0.0,0.0,0.0,0.0,0.0,0.0,0,10000,1,0,0,0,0,0,1,0
21.916495550992472,0.0,0.0,0.0,0.0,0.0,0.0,0,25000,0,0,1,0,0,0,1,0
26.354551676933607,109.0,5007.0,12.0,5.0,0.21569802276812464,0.08987417615338526,1,9000000,0,0,1,0,0,0,1,0
23.4031485284052,0.0,0.0,0.0,0.0,0.0,0.0,0,200000,0,0,0,0,0,0,1,0
25.415468856947296,128.0,6759.0,13.0,17.0,0.17310252996005326,0.22636484687083888,1,14000000,0,0,0,0,0,0,1,0
21.998631074606433,0.0,0.0,0.0,0.0,0.0,0.0,0,300000,1,0,0,0,0,0,1,0
23.430527036276523,0.0,0.0,0.0,0.0,0.0,0.0,0,75000,0,1,0,0,0,0,1,0
21.541409993155373,1.0,75.0,0.0,1.0,0.0,0.0,1,150000,0,0,0,1,0,1,0,0
22.496919917864478,3.0,127.0,0.0,0.0,0.0,0.0,1,200000,0,0,1,0,0,0,1,0
27.12662559890486,162.0,10712.0,36.0,13.0,0.30246452576549665,0.10922330097087378,1,18000000,0,0,0,0,0,0,0,0
22.182067077344286,2.0,22.0,0.0,0.0,0.0,0.0,1,75000,0,0,1,0,0,0,1,0
23.260780287474333,0.0,0.0,0.0,0.0,0.0,0.0,0,125000,1,0,0,0,0,0,1,0
24.306639288158795,93.0,5430.0,0.0,1.0,0.0,0.016574585635359115,1,4000000,1,0,0,0,0,0,1,0
26.269678302532512,194.0,13680.0,9.0,24.0,0.05921052631578947,0.15789473684210525,1,20000000,1,0,0,0,0,0,1,0
25.333333333333332,57.0,3137.0,1.0,1.0,0.02868983104877271,0.02868983104877271,1,4200000,0,0,1,0,0,0,1,0
22.258726899383984,0.0,0.0,0.0,0.0,0.0,0.0,0,225000,0,1,0,0,0,0,1,0
22.171115674195757,0.0,0.0,0.0,0.0,0.0,0.0,0,75000,1,0,0,0,0,0,1,0
22.327173169062284,1.0,76.0,0.0,0.0,0.0,0.0,1,75000,1,0,0,0,0,0,1,0
25.908281998631075,154.0,13910.0,0.0,1.0,0.0,0.006470165348670022,1,30000000,0,1,0,0,0,0,1,0
22.915811088295687,0.0,0.0,0.0,0.0,0.0,0.0,0,25000,0,0,1,0,0,0,1,0
26.633812457221083,1.0,90.0,0.0,0.0,0.0,0.0,1,250000,1,0,0,0,0,1,0,0
23.789185489390828,0.0,0.0,0.0,0.0,0.0,0.0,0,100000,0,0,1,0,0,0,1,0
21.451060917180012,0.0,0.0,0.0,0.0,0.0,0.0,0,25000,0,0,0,0,0,0,1,0
25.371663244353183,2.0,31.0,0.0,0.0,0.0,0.0,1,650000,0,0,1,0,0,0,1,0
22.746064339493497,3.0,14.0,0.0,0.0,0.0,0.0,1,300000,0,0,0,0,0,0,1,0
26.217659137577,31.0,1485.0,6.0,2.0,0.36363636363636365,0.12121212121212122,1,3000000,0,0,0,0,0,0,1,0
23.055441478439427,0.0,0.0,0.0,0.0,0.0,0.0,0,450000,0,0,1,0,0,0,1,0
23.041752224503764,0.0,0.0,0.0,0.0,0.0,0.0,0,50000,0,1,0,0,0,0,1,0
22.442162902121833,0.0,0.0,0.0,0.0,0.0,0.0,0,100000,1,0,0,0,0,0,1,0
21.281314168377822,0.0,0.0,0.0,0.0,0.0,0.0,0,25000,0,1,0,0,0,0,1,0
27.07460643394935,111.0,9095.0,5.0,1.0,0.049477735019241346,0.009895547003848268,1,5000000,1,0,0,0,0,0,0,1
22.47501711156742,0.0,0.0,0.0,0.0,0.0,0.0,0,200000,0,0,0,0,0,0,1,0
24.024640657084188,0.0,0.0,0.0,0.0,0.0,0.0,0,20000,0,1,0,0,1,0,0,0
23.920602327173167,33.0,1268.0,1.0,1.0,0.07097791798107256,0.07097791798107256,1,450000,0,0,0,0,1,0,0,0
23.652292950034223,3.0,39.0,0.0,0.0,0.0,0.0,1,150000,0,0,0,0,1,0,0,0
23.449691991786448,0.0,0.0,0.0,0.0,0.0,0.0,0,100000,1,0,0,0,0,1,0,0
22.135523613963038,0.0,0.0,0.0,0.0,0.0,0.0,0,100000,1,0,0,0,0,0,1,0
25.976728268309376,8.0,256.0,1.0,0.0,0.0,0.0,1,400000,0,0,0,0,0,0,1,0
27.8466803559206,269.0,18092.0,36.0,31.0,0.17908467831085562,0.1542118063232368,1,50000000,0,0,1,0,0,1,0,0
26.39835728952772,91.0,5222.0,3.0,5.0,0.05170432784373803,0.08617387973956339,1,2500000,1,0,0,0,0,0,1,0
24.05201916495551,0.0,0.0,0.0,0.0,0.0,0.0,0,50000,0,1,0,0,1,0,0,0
23.685147159479808,0.0,0.0,0.0,0.0,0.0,0.0,0,200000,0,0,1,0,0,0,1,0
26.119096509240247,62.0,4336.0,30.0,5.0,0.6226937269372693,0.10378228782287822,1,35000000,0,0,0,0,1,0,0,0
23.11567419575633,0.0,0.0,0.0,0.0,0.0,0.0,0,25000,0,1,0,0,0,0,0,0
26.17385352498289,148.0,6606.0,17.0,12.0,0.23160762942779292,0.16348773841961853,1,4000000,0,0,0,0,0,0,0,0
25.66461327857632,1.0,45.0,0.0,0.0,0.0,0.0,1,250000,1,0,0,0,0,0,0,0
23.548254620123203,1.0,12.0,0.0,0.0,0.0,0.0,1,500000,1,0,0,0,0,0,0,0
24.758384668035593,0.0,0.0,0.0,0.0,0.0,0.0,0,200000,0,0,0,0,0,0,0,0
23.345653661875428,0.0,0.0,0.0,0.0,0.0,0.0,0,500000,0,0,0,0,0,0,0,0
28.955509924709105,15.0,520.0,2.0,0.0,0.34615384615384615,0.0,1,1000000,0,0,0,0,1,0,0,0
22.89664613278576,54.0,4168.0,0.0,1.0,0.0,0.021593090211132437,1,8000000,1,0,0,0,0,1,0,0
25.065023956194388,1.0,7.0,0.0,0.0,0.0,0.0,1,100000,0,0,1,0,0,0,0,0
23.600273785078713,1.0,9.0,0.0,0.0,0.0,0.0,1,200000,0,0,0,0,0,0,0,0
22.718685831622178,1.0,90.0,0.0,0.0,0.0,0.0,1,200000,1,0,0,0,0,0,0,0
19.67693360711841,0.0,0.0,0.0,0.0,0.0,0.0,0,100000,0,0,1,0,0,1,0,0
26.42299794661191,202.0,16298.0,5.0,9.0,0.027610749785249723,0.0496993496134495,1,28000000,1,0,0,0,0,1,0,0
20.78576317590691,0.0,0.0,0.0,0.0,0.0,0.0,0,25000,0,1,0,0,0,0,1,0
27.627652292950035,19.0,1020.0,0.0,0.0,0.0,0.0,1,3000000,0,0,1,0,0,0,0,0
23.381245722108144,0.0,0.0,0.0,0.0,0.0,0.0,0,50000,1,0,0,0,0,0,1,0
28.50650239561944,190.0,9580.0,42.0,13.0,0.394572025052192,0.12212943632567849,1,3500000,0,0,0,0,1,0,0,0
25.37987679671458,0.0,0.0,0.0,0.0,0.0,0.0,0,50000,0,0,0,0,0,0,0,0
25.456536618754278,1.0,1.0,0.0,0.0,0.0,0.0,1,250000,1,0,0,0,0,0,1,0
25.1088295687885,227.0,12506.0,35.0,20.0,0.25187909803294417,0.14393091316168238,1,15000000,0,0,0,0,0,0,1,0
26.595482546201232,2.0,12.0,0.0,0.0,0.0,0.0,1,450000,0,0,0,0,0,0,0,0
22.600958247775495,0.0,0.0,0.0,0.0,0.0,0.0,0,10000,0,0,0,0,0,0,1,0
21.831622176591377,0.0,0.0,0.0,0.0,0.0,0.0,0,10000,0,1,0,0,0,0,1,0
24.566735112936346,140.0,12660.0,0.0,0.0,0.0,0.0,1,25000000,0,1,0,0,1,0,0,0
25.188227241615333,181.0,14530.0,8.0,4.0,0.04955264969029594,0.02477632484514797,1,15000000,1,0,0,0,0,1,0,0
25.404517453798768,146.0,11843.0,14.0,3.0,0.10639196149624251,0.022798277463480537,1,25000000,1,0,0,0,0,1,0,0
21.9958932238193,4.0,314.0,0.0,0.0,0.0,0.0,1,150000,1,0,0,0,1,0,0,0
25.377138945927445,172.0,10544.0,22.0,20.0,0.1877845220030349,0.17071320182094082,1,18000000,0,0,0,0,1,0,0,0
25.17453798767967,243.0,15541.0,18.0,22.0,0.10424039637088992,0.12740492889775434,1,38000000,0,0,1,0,0,0,1,0
24.791238877481177,70.0,2353.0,10.0,1.0,0.3824904377390565,0.03824904377390565,1,5000000,0,0,0,0,1,0,0,0
26.305270362765228,59.0,4964.0,4.0,3.0,0.072522159548751,0.05439161966156326,1,23000000,1,0,0,0,0,0,1,0
21.94387405886379,0.0,0.0,0.0,0.0,0.0,0.0,0,300000,0,0,1,0,0,1,0,0
22.93223819301848,0.0,0.0,0.0,0.0,0.0,0.0,0,125000,0,1,0,0,0,0,1,0
23.923340177960302,4.0,390.0,0.0,0.0,0.0,0.0,1,300000,0,1,0,0,0,0,1,0
22.68583162217659,0.0,0.0,0.0,0.0,0.0,0.0,0,25000,1,0,0,0,0,0,1,0
21.22655715263518,0.0,0.0,0.0,0.0,0.0,0.0,0,10000,0,1,0,0,0,0,1,0
27.37577002053388,38.0,2871.0,0.0,0.0,0.0,0.0,1,13000000,1,0,0,0,0,0,1,0
24.66803559206023,0.0,0.0,0.0,0.0,0.0,0.0,0,75000,0,0,1,0,0,0,1,0
22.379192334017795,0.0,0.0,0.0,0.0,0.0,0.0,0,125000,0,1,0,0,0,0,1,0
24.84873374401095,0.0,0.0,0.0,0.0,0.0,0.0,0,50000,0,0,1,0,0,0,0,0
19.129363449691994,1.0,1.0,0.0,0.0,0.0,0.0,1,250000,0,0,1,0,1,0,0,0
20.134154688569474,0.0,0.0,0.0,0.0,0.0,0.0,0,25000,1,0,0,0,0,0,1,0
20.15605749486653,0.0,0.0,0.0,0.0,0.0,0.0,0,25000,1,0,0,0,0,0,1,0
23.222450376454482,1.0,1.0,0.0,0.0,0.0,0.0,1,75000,0,0,1,0,0,0,1,0
21.848049281314168,1.0,12.0,0.0,0.0,0.0,0.0,1,600000,1,0,0,0,0,1,0,0
26.652977412731005,102.0,9156.0,0.0,0.0,0.0,0.0,1,28000000,0,1,0,0,0,1,0,0
25.8507871321013,95.0,7472.0,8.0,5.0,0.09635974304068523,0.06022483940042826,1,15000000,1,0,0,0,0,1,0,0
27.10198494182067,325.0,24107.0,18.0,28.0,0.06720039822458207,0.10453395279379434,1,27000000,0,0,1,0,0,0,1,0
24.438056125941138,2.0,180.0,0.0,0.0,0.0,0.0,1,300000,0,1,0,0,1,0,0,0
22.075290896646134,1.0,1.0,0.0,0.0,0.0,0.0,1,50000,0,0,1,0,0,1,0,0
28.91170431211499,206.0,12147.0,4.0,4.0,0.029636947394418373,0.029636947394418373,1,2500000,0,0,1,0,0,0,0,0
23.33744010951403,0.0,0.0,0.0,0.0,0.0,0.0,0,300000,0,0,1,0,0,0,1,0
26.351813826146476,34.0,2306.0,0.0,1.0,0.0,0.03902862098872507,1,2000000,0,0,1,0,0,0,0,0
22.23134839151266,0.0,0.0,0.0,0.0,0.0,0.0,0,100000,0,1,0,0,0,0,1,0
21.347022587268995,26.0,452.0,1.0,1.0,0.19911504424778761,0.19911504424778761,1,900000,0,0,1,0,1,0,0,0
25.01574264202601,22.0,1998.0,0.0,2.0,0.0,0.09009009009009009,1,4000000,0,1,0,0,0,0,0,0
25.401779603011637,225.0,15326.0,12.0,7.0,0.07046848492757406,0.04110661620775154,1,40000000,1,0,0,0,0,0,0,0
24.777549623545518,95.0,5299.0,4.0,4.0,0.06793734666918286,0.06793734666918286,1,20000000,0,0,1,0,0,0,0,0
25.00752908966461,55.0,4027.0,4.0,3.0,0.0893965731313633,0.06704742984852248,1,15000000,0,0,1,0,0,0,1,0
24.413415468856947,180.0,10837.0,16.0,10.0,0.13287810279597675,0.08304881424748546,1,40000000,0,0,1,0,0,1,0,0
22.327173169062284,1.0,12.0,0.0,0.0,0.0,0.0,1,700000,0,0,1,0,0,0,0,0
23.195071868583163,18.0,1345.0,0.0,0.0,0.0,0.0,1,2000000,1,0,0,0,0,0,0,0
21.806981519507186,3.0,73.0,0.0,0.0,0.0,0.0,1,600000,0,0,0,0,0,0,1,0
23.583846680355922,180.0,7034.0,45.0,11.0,0.575774808075064,0.14074495308501564,1,15000000,0,0,0,0,1,0,0,0
20.810403832991103,0.0,0.0,0.0,0.0,0.0,0.0,0,150000,1,0,0,0,1,0,0,0
26.639288158795345,0.0,0.0,0.0,0.0,0.0,0.0,0,1800000,0,0,1,0,1,0,0,0
21.377138945927445,4.0,31.0,0.0,1.0,0.0,0.0,1,650000,0,0,0,0,0,0,0,1
23.994524298425734,138.0,8791.0,11.0,10.0,0.11261517461039701,0.10237743146399728,1,20000000,0,0,1,0,0,0,0,1
23.99726214921287,162.0,10045.0,46.0,26.0,0.41214534594325536,0.23295171727227476,1,30000000,0,0,1,0,0,0,0,1
24.462696783025326,82.0,6117.0,0.0,2.0,0.0,0.02942618930848455,1,7000000,1,0,0,0,0,0,1,0
23.572895277207394,9.0,403.0,0.0,0.0,0.0,0.0,1,6000000,1,0,0,0,0,0,1,0
25.746748802190282,104.0,6387.0,17.0,12.0,0.2395490840770315,0.1690934711131987,1,8000000,0,0,0,0,0,1,0,0
26.362765229295004,102.0,7730.0,4.0,10.0,0.04657179818887452,0.1164294954721863,1,9000000,0,0,1,0,1,0,0,0
22.590006844626966,0.0,0.0,0.0,0.0,0.0,0.0,0,200000,0,0,0,0,0,0,1,0
24.76933607118412,171.0,11786.0,6.0,12.0,0.04581707110130664,0.09163414220261328,1,22000000,0,0,1,0,0,0,1,0
24.744695414099933,1.0,63.0,0.0,0.0,0.0,0.0,1,700000,0,0,1,0,0,0,1,0
25.859000684462696,123.0,7197.0,3.0,4.0,0.03751563151313047,0.0500208420175073,1,7000000,1,0,0,0,0,1,0,0
26.316221765913756,168.0,9062.0,8.0,5.0,0.0794526594570735,0.049657912160670926,1,8000000,0,0,1,0,0,1,0,0
29.8507871321013,191.0,13751.0,29.0,24.0,0.1898043778634281,0.15707948512835432,1,1800000,0,0,1,0,0,1,0,0
25.880903490759753,18.0,1557.0,0.0,0.0,0.0,0.0,1,4000000,0,1,0,0,0,0,0,1
29.322381930184804,0.0,0.0,0.0,0.0,0.0,0.0,0,200000,1,0,0,0,0,0,0,0
22.414784394250514,2.0,87.0,0.0,0.0,0.0,0.0,1,300000,1,0,0,0,1,0,0,0
25.09240246406571,163.0,13438.0,8.0,9.0,0.05357940169668105,0.060276826908766186,1,30000000,1,0,0,0,0,1,0,0
23.87953456536619,0.0,0.0,0.0,0.0,0.0,0.0,0,300000,0,0,1,0,0,1,0,0
29.415468856947296,88.0,6138.0,3.0,4.0,0.04398826979472141,0.05865102639296188,1,2000000,0,0,1,0,0,0,0,0
25.946611909650922,37.0,3141.0,2.0,1.0,0.05730659025787966,0.02865329512893983,1,2500000,1,0,0,0,0,0,0,1
25.27857631759069,0.0,0.0,0.0,0.0,0.0,0.0,0,200000,0,1,0,0,0,0,0,0
29.065023956194388,228.0,18512.0,14.0,17.0,0.06806395851339672,0.08264909248055316,1,25000000,1,0,0,0,0,1,0,0
29.23750855578371,313.0,18027.0,72.0,76.0,0.3594608087868198,0.37943085371942087,1,23000000,0,0,0,0,0,0,1,0
23.156741957563312,6.0,103.0,0.0,0.0,0.0,0.0,1,200000,0,0,0,0,0,0,0,1
25.11978097193703,43.0,2732.0,0.0,1.0,0.0,0.03294289897510981,1,600000,1,0,0,0,0,0,0,1
26.130047912388775,22.0,1142.0,3.0,0.0,0.23642732049036777,0.0,1,4000000,0,0,0,0,0,1,0,0
24.700889801505816,36.0,2630.0,6.0,0.0,0.20532319391634982,0.0,1,5000000,0,0,0,0,0,0,0,1
21.749486652977414,16.0,446.0,1.0,0.0,0.20179372197309417,0.0,1,800000,0,0,0,0,0,0,1,0
24.035592060232716,200.0,14845.0,38.0,29.0,0.23038059952846077,0.1758167733243516,1,25000000,0,0,1,0,0,0,1,0
27.482546201232033,0.0,0.0,0.0,0.0,0.0,0.0,0,250000,0,0,0,0,1,0,0,0
22.21218343600274,5.0,132.0,0.0,0.0,0.0,0.0,1,500000,1,0,0,0,0,0,0,1
22.636550308008214,4.0,172.0,1.0,0.0,0.0,0.0,1,350000,0,0,1,0,0,1,0,0
21.864476386036962,1.0,13.0,0.0,0.0,0.0,0.0,1,175000,0,0,1,0,0,1,0,0
25.02943189596167,165.0,10644.0,34.0,21.0,0.2874859075535513,0.17756482525366402,1,30000000,0,0,0,0,0,1,0,0
25.19917864476386,152.0,10331.0,12.0,12.0,0.10453973477882103,0.10453973477882103,1,7000000,0,0,1,0,0,0,1,0
25.270362765229294,21.0,657.0,0.0,0.0,0.0,0.0,1,350000,0,0,1,0,0,0,0,1
23.019849418206707,0.0,0.0,0.0,0.0,0.0,0.0,0,200000,0,1,0,0,0,0,0,1
26.64476386036961,94.0,5700.0,17.0,10.0,0.26842105263157895,0.15789473684210525,1,3000000,0,0,0,0,0,0,0,1
24.257357973990416,0.0,0.0,0.0,0.0,0.0,0.0,0,250000,0,0,0,0,1,0,0,0
26.023271731690624,52.0,2069.0,3.0,4.0,0.13049782503624938,0.17399710004833252,1,800000,0,0,1,0,0,0,0,0
21.89185489390828,0.0,0.0,0.0,0.0,0.0,0.0,0,200000,0,0,1,0,0,0,0,1
24.4435318275154,20.0,1375.0,1.0,2.0,0.06545454545454545,0.1309090909090909,1,1200000,1,0,0,0,0,0,0,1
22.321697467488022,2.0,37.0,0.0,0.0,0.0,0.0,1,200000,0,0,1,0,0,0,0,1
25.3305954825462,27.0,1629.0,2.0,0.0,0.11049723756906077,0.0,1,1300000,0,0,1,0,0,0,1,0
22.039698836413415,0.0,0.0,0.0,0.0,0.0,0.0,0,125000,1,0,0,0,0,0,1,0
21.018480492813143,0.0,0.0,0.0,0.0,0.0,0.0,0,200000,1,0,0,0,0,0,0,1
20.93634496919918,0.0,0.0,0.0,0.0,0.0,0.0,0,125000,1,0,0,0,0,0,0,1
21.7741273100616,24.0,427.0,0.0,0.0,0.0,0.0,1,800000,0,0,1,0,0,0,0,1
21.349760438056126,0.0,0.0,0.0,0.0,0.0,0.0,0,100000,0,0,0,0,0,0,0,1
24.00273785078713,146.0,7374.0,12.0,12.0,0.14646053702196907,0.14646053702196907,1,5000000,0,0,0,0,0,0,0,1
24.591375770020534,0.0,0.0,0.0,0.0,0.0,0.0,0,75000,1,0,0,0,0,0,1,0
26.48596851471595,215.0,14479.0,14.0,29.0,0.08702258443262656,0.18026106775329787,1,60000000,1,0,0,0,0,1,0,0
24.514715947980836,146.0,7960.0,27.0,13.0,0.3052763819095477,0.14698492462311558,1,35000000,0,0,0,0,0,1,0,0
23.720739219712527,2.0,135.0,0.0,0.0,0.0,0.0,1,3500000,0,0,1,0,0,1,0,0
24.334017796030118,205.0,10567.0,63.0,27.0,0.5365761332450081,0.2299611999621463,1,30000000,0,0,0,0,0,1,0,0
21.869952087611225,0.0,0.0,0.0,0.0,0.0,0.0,0,350000,0,0,1,0,0,0,1,0
23.279945242984258,0.0,0.0,0.0,0.0,0.0,0.0,0,250000,1,0,0,0,0,1,0,0
28.005475701574266,189.0,12063.0,6.0,6.0,0.04476498383486695,0.04476498383486695,1,6000000,0,0,1,0,1,0,0,0
24.591375770020534,114.0,6888.0,14.0,12.0,0.1829268292682927,0.156794425087108,1,35000000,0,0,0,0,0,1,0,0
27.01163586584531,177.0,15050.0,6.0,10.0,0.035880398671096346,0.059800664451827246,1,18000000,1,0,0,0,1,0,0,0
22.60917180013689,0.0,0.0,0.0,0.0,0.0,0.0,0,175000,1,0,0,0,0,0,1,0
24.136892539356605,0.0,0.0,0.0,0.0,0.0,0.0,0,250000,1,0,0,0,0,0,1,0
27.73990417522245,122.0,8277.0,13.0,11.0,0.14135556361000362,0.11960855382384922,1,35000000,0,0,1,0,0,1,0,0
26.354551676933607,38.0,1974.0,2.0,2.0,0.09118541033434652,0.09118541033434652,1,4500000,0,0,1,0,0,0,1,0
25.45927446954141,140.0,11159.0,3.0,3.0,0.02419571646204857,0.02419571646204857,1,28000000,1,0,0,0,0,1,0,0
25.683778234086244,169.0,11821.0,7.0,12.0,0.05329498350393368,0.0913628288638863,1,10000000,1,0,0,0,0,0,0,1
27.33744010951403,27.0,1430.0,1.0,3.0,0.06293706293706294,0.1888111888111888,1,14000000,0,0,0,0,0,1,0,0
24.358658453114305,207.0,16442.0,18.0,13.0,0.09852815959129059,0.07115922637148765,1,70000000,1,0,0,0,0,1,0,0
24.0684462696783,4.0,316.0,0.0,0.0,0.0,0.0,1,250000,0,1,0,0,1,0,0,0
29.204654346338124,1.0,61.0,0.0,0.0,0.0,0.0,1,100000,0,1,0,0,0,0,0,0
27.83299110198494,1.0,80.0,0.0,0.0,0.0,0.0,1,150000,1,0,0,0,0,0,0,0
26.90485968514716,134.0,9028.0,52.0,8.0,0.5183872396987151,0.07975188303057155,1,2500000,0,0,0,0,0,0,0,0
22.99794661190965,0.0,0.0,0.0,0.0,0.0,0.0,0,150000,0,0,1,0,0,1,0,0
22.297056810403834,0.0,0.0,0.0,0.0,0.0,0.0,0,100000,0,0,1,0,0,0,0,1
22.31895961670089,3.0,120.0,0.0,1.0,0.0,0.0,1,450000,1,0,0,0,0,0,1,0
25.144421629021217,199.0,12615.0,4.0,14.0,0.02853745541022592,0.09988109393579073,1,25000000,0,0,1,0,0,1,0,0
28.11498973305955,134.0,10345.0,10.0,18.0,0.08699855002416626,0.15659739004349926,1,5000000,0,0,1,0,1,0,0,0
24.618754277891856,25.0,1034.0,4.0,0.0,0.3481624758220503,0.0,1,800000,0,0,0,0,0,0,0,1
27.479808350444902,2.0,25.0,0.0,0.0,0.0,0.0,1,50000,0,0,0,0,0,0,0,0
21.765913757700204,0.0,0.0,0.0,0.0,0.0,0.0,0,100000,1,0,0,0,1,0,0,0
21.78781656399726,0.0,0.0,0.0,0.0,0.0,0.0,0,125000,1,0,0,0,0,0,1,0
21.5523613963039,0.0,0.0,0.0,0.0,0.0,0.0,0,500000,0,0,1,0,0,0,1,0
28.517453798767967,290.0,24752.0,4.0,24.0,0.014544279250161603,0.08726567550096961,1,15000000,1,0,0,0,0,1,0,0
24.520191649555098,0.0,0.0,0.0,0.0,0.0,0.0,0,150000,0,0,1,0,1,0,0,0
24.164271047227928,3.0,206.0,0.0,0.0,0.0,0.0,1,300000,0,1,0,0,1,0,0,0
24.04928131416838,271.0,18837.0,23.0,26.0,0.10989010989010989,0.12422360248447205,1,80000000,0,0,1,0,0,1,0,0
24.605065023956193,1.0,1.0,0.0,0.0,0.0,0.0,1,50000,1,0,0,0,0,0,1,0
24.95277207392197,82.0,4139.0,11.0,10.0,0.23918820971249094,0.21744382701135542,1,3500000,0,0,0,0,1,0,0,0
25.35523613963039,123.0,8665.0,21.0,17.0,0.2181188690132718,0.17657241777264857,1,10000000,0,0,0,0,1,0,0,0
22.64476386036961,0.0,0.0,0.0,0.0,0.0,0.0,0,25000,1,0,0,0,0,0,1,0
23.32101300479124,1.0,1.0,0.0,0.0,0.0,0.0,1,50000,0,0,1,0,0,1,0,0
27.928815879534564,215.0,14894.0,48.0,33.0,0.2900496844366859,0.19940915805022158,1,65000000,0,0,1,0,0,1,0,0
27.644079397672826,133.0,10316.0,3.0,6.0,0.026172935246219466,0.05234587049243893,1,23000000,1,0,0,0,0,0,1,0
27.16221765913758,2.0,210.0,0.0,0.0,0.0,0.0,1,600000,1,0,0,0,0,1,0,0
29.021218343600275,0.0,0.0,0.0,0.0,0.0,0.0,0,150000,1,0,0,0,0,0,0,0
27.247091033538673,213.0,14541.0,14.0,7.0,0.08665153703321643,0.043325768516608215,1,20000000,1,0,0,0,0,0,0,0
29.366187542778917,303.0,20512.0,104.0,59.0,0.45631825273010923,0.25887285491419654,1,70000000,0,0,0,0,0,0,0,1
25.71937029431896,4.0,315.0,1.0,1.0,0.2857142857142857,0.2857142857142857,1,20000000,0,0,1,0,0,1,0,0
28.372347707049965,223.0,17294.0,9.0,9.0,0.04683705331328785,0.04683705331328785,1,40000000,1,0,0,0,0,1,0,0
28.39425051334702,180.0,13707.0,6.0,6.0,0.03939592908732764,0.03939592908732764,1,8000000,1,0,0,0,0,0,0,0
26.324435318275153,77.0,3148.0,3.0,7.0,0.08576874205844981,0.20012706480304956,1,2000000,0,0,0,0,0,0,0,0
24.04928131416838,16.0,887.0,0.0,0.0,0.0,0.0,1,800000,0,0,1,0,0,0,0,0
24.80766598220397,0.0,0.0,0.0,0.0,0.0,0.0,0,100000,0,1,0,0,0,0,0,0
23.770020533880903,0.0,0.0,0.0,0.0,0.0,0.0,0,300000,0,1,0,0,0,0,0,0
28.55852156057495,66.0,5007.0,1.0,2.0,0.017974835230677052,0.035949670461354104,1,3000000,1,0,0,0,0,1,0,0
29.193702943189596,101.0,4270.0,11.0,7.0,0.23185011709601874,0.14754098360655737,1,800000,0,0,0,0,0,0,0,0
23.994524298425734,0.0,0.0,0.0,0.0,0.0,0.0,0,250000,0,0,1,0,1,0,0,0
22.206707734428473,4.0,360.0,0.0,0.0,0.0,0.0,1,350000,0,1,0,0,0,0,1,0
28.032854209445585,75.0,5631.0,4.0,5.0,0.06393180607352157,0.07991475759190197,1,2500000,1,0,0,0,1,0,0,0
24.709103353867214,81.0,6953.0,0.0,1.0,0.0,0.012944052926794191,1,8000000,0,1,0,0,0,0,1,0
24.511978097193705,122.0,5186.0,4.0,4.0,0.06941766293868107,0.06941766293868107,1,1200000,0,0,1,0,0,0,0,1
24.84873374401095,113.0,8086.0,1.0,3.0,0.01113034875092753,0.03339104625278259,1,2500000,1,0,0,0,0,0,1,0
22.0041067761807,0.0,0.0,0.0,0.0,0.0,0.0,0,150000,0,0,0,0,0,0,1,0
22.73511293634497,0.0,0.0,0.0,0.0,0.0,0.0,0,100000,1,0,0,0,0,0,0,1
21.61533196440794,5.0,40.0,0.0,1.0,0.0,0.0,1,300000,0,0,0,0,0,0,1,0
25.14715947980835,33.0,1554.0,8.0,1.0,0.4633204633204633,0.05791505791505791,1,8000000,0,0,0,0,0,1,0,0
26.1492128678987,147.0,9062.0,8.0,16.0,0.0794526594570735,0.158905318914147,1,40000000,1,0,0,0,0,0,0,1
25.815195071868583,106.0,6782.0,1.0,2.0,0.013270421704511945,0.02654084340902389,1,30000000,1,0,0,0,0,1,0,0
29.61259411362081,1.0,72.0,0.0,0.0,0.0,0.0,1,400000,0,0,0,0,0,0,0,0
28.76933607118412,0.0,0.0,0.0,0.0,0.0,0.0,0,600000,1,0,0,0,1,0,0,0
27.28542094455852,11.0,584.0,1.0,0.0,0.1541095890410959,0.0,1,1800000,0,0,0,0,0,0,0,0
25.99041752224504,0.0,0.0,0.0,0.0,0.0,0.0,0,400000,0,0,1,0,0,0,0,0
24.147843942505133,5.0,213.0,0.0,0.0,0.0,0.0,1,250000,1,0,0,0,0,1,0,0
22.272416153319643,1.0,33.0,0.0,1.0,0.0,0.0,1,100000,0,0,0,0,0,1,0,0
25.478439425051334,273.0,19520.0,35.0,54.0,0.16137295081967212,0.24897540983606556,1,35000000,1,0,0,0,0,1,0,0
22.48870636550308,3.0,43.0,0.0,0.0,0.0,0.0,1,400000,0,0,1,0,0,1,0,0
22.770704996577688,0.0,0.0,0.0,0.0,0.0,0.0,0,400000,0,0,1,0,1,0,0,0
25.177275838466805,81.0,6528.0,3.0,2.0,0.04136029411764706,0.027573529411764705,1,15000000,1,0,0,0,0,0,0,0
22.33264887063655,1.0,7.0,0.0,0.0,0.0,0.0,1,200000,0,0,1,0,1,0,0,0
22.184804928131417,33.0,1158.0,0.0,0.0,0.0,0.0,1,1000000,0,0,1,0,1,0,0,0
22.09719370294319,0.0,0.0,0.0,0.0,0.0,0.0,0,200000,0,0,0,0,1,0,0,0
24.355920602327174,78.0,4711.0,1.0,4.0,0.0191042241562301,0.0764168966249204,1,3500000,1,0,0,0,0,1,0,0
24.23271731690623,124.0,6316.0,6.0,6.0,0.08549715009499682,0.08549715009499682,1,30000000,1,0,0,0,0,1,0,0
24.79671457905544,181.0,11479.0,12.0,3.0,0.09408485059674188,0.02352121264918547,1,45000000,0,0,1,0,0,1,0,0
26.373716632443532,12.0,335.0,0.0,0.0,0.0,0.0,1,600000,1,0,0,0,0,0,0,1
22.913073237508556,0.0,0.0,0.0,0.0,0.0,0.0,0,150000,1,0,0,0,1,0,0,0
26.579055441478438,161.0,13260.0,6.0,3.0,0.04072398190045249,0.020361990950226245,1,12000000,1,0,0,0,1,0,0,0
22.910335386721425,0.0,0.0,0.0,0.0,0.0,0.0,0,150000,0,0,1,0,1,0,0,0
27.362080766598222,200.0,12192.0,17.0,7.0,0.12549212598425197,0.05167322834645669,1,40000000,0,0,1,0,0,0,0,0
24.594113620807665,0.0,0.0,0.0,0.0,0.0,0.0,0,300000,0,0,0,0,1,0,0,0
27.394934976043807,181.0,13197.0,6.0,7.0,0.040918390543305296,0.04773812230052285,1,2500000,1,0,0,0,1,0,0,0
28.164271047227928,228.0,14434.0,49.0,22.0,0.3055286129970902,0.13717611195787724,1,22000000,0,0,0,0,0,0,1,0
24.246406570841888,156.0,13959.0,0.0,0.0,0.0,0.0,1,15000000,0,1,0,0,0,0,0,1
24.019164955509925,243.0,13984.0,36.0,50.0,0.2316933638443936,0.3217963386727689,1,75000000,0,0,0,0,0,1,0,0
22.527036276522928,1.0,75.0,0.0,0.0,0.0,0.0,1,75000,0,0,1,0,0,1,0,0
22.85284052019165,0.0,0.0,0.0,0.0,0.0,0.0,0,300000,0,1,0,0,0,1,0,0
21.363449691991786,0.0,0.0,0.0,0.0,0.0,0.0,0,100000,0,0,1,0,0,0,0,1
25.399041752224505,86.0,5693.0,4.0,3.0,0.06323555243281223,0.047426664324609166,1,4000000,0,0,1,0,0,1,0,0
25.672826830937716,0.0,0.0,0.0,0.0,0.0,0.0,0,650000,1,0,0,0,0,0,1,0
22.154688569472963,1.0,90.0,0.0,0.0,0.0,0.0,1,300000,1,0,0,0,0,0,1,0
23.693360711841205,30.0,1398.0,2.0,2.0,0.12875536480686695,0.12875536480686695,1,1700000,0,0,0,0,0,1,0,0
26.234086242299796,234.0,14205.0,32.0,40.0,0.2027455121436114,0.25343189017951423,1,60000000,0,0,0,0,0,1,0,0
26.297056810403834,257.0,17666.0,29.0,28.0,0.14774142420468697,0.14264689233555983,1,140000000,0,0,1,0,1,0,0,0
23.45516769336071,192.0,8837.0,21.0,22.0,0.2138734864773113,0.22405793821432612,1,30000000,0,0,0,0,0,0,1,0
22.130047912388775,0.0,0.0,0.0,0.0,0.0,0.0,0,350000,1,0,0,0,0,0,1,0
21.089664613278575,1.0,2.0,0.0,0.0,0.0,0.0,1,300000,0,1,0,0,0,0,1,0
22.33264887063655,1.0,1.0,0.0,0.0,0.0,0.0,1,850000,1,0,0,0,0,0,1,0
21.363449691991786,0.0,0.0,0.0,0.0,0.0,0.0,0,700000,1,0,0,0,0,0,1,0
21.026694045174537,0.0,0.0,0.0,0.0,0.0,0.0,0,350000,0,0,1,0,0,0,1,0
21.44558521560575,0.0,0.0,0.0,0.0,0.0,0.0,0,125000,0,0,1,0,0,0,1,0
21.19917864476386,5.0,60.0,0.0,0.0,0.0,0.0,1,400000,0,0,1,0,0,0,1,0
24.22450376454483,153.0,8252.0,25.0,8.0,0.2726611730489578,0.08725157537566651,1,10000000,0,0,0,0,0,0,1,0
21.259411362080765,0.0,0.0,0.0,0.0,0.0,0.0,0,150000,0,0,1,0,0,0,1,0
25.793292265571527,1.0,20.0,1.0,0.0,0.0,0.0,1,1000000,0,0,0,0,0,0,0,1
27.49349760438056,243.0,16112.0,71.0,43.0,0.3965988083416087,0.24019364448857994,1,20000000,0,0,0,0,0,1,0,0
23.709787816564,9.0,355.0,0.0,0.0,0.0,0.0,1,1200000,0,0,1,0,0,0,1,0
20.019164955509925,0.0,0.0,0.0,0.0,0.0,0.0,0,50000,0,1,0,0,0,0,1,0
26.321697467488022,220.0,13483.0,20.0,20.0,0.13350144626566787,0.13350144626566787,1,32000000,0,0,1,0,0,1,0,0
26.926762491444215,121.0,8505.0,1.0,12.0,0.010582010582010583,0.126984126984127,1,5000000,1,0,0,0,0,0,0,0
26.80082135523614,19.0,493.0,0.0,0.0,0.0,0.0,1,2000000,0,0,0,0,0,1,0,0
28.396988364134156,133.0,9764.0,12.0,8.0,0.1106104055714871,0.0737402703809914,1,2500000,1,0,0,0,0,0,1,0
22.132785763175907,0.0,0.0,0.0,0.0,0.0,0.0,0,150000,1,0,0,0,0,0,1,0
24.637919233401778,11.0,954.0,0.0,0.0,0.0,0.0,1,2500000,0,1,0,0,0,1,0,0
25.66461327857632,44.0,1708.0,0.0,4.0,0.0,0.2107728337236534,1,1800000,0,0,1,0,0,0,1,0
22.140999315537304,0.0,0.0,0.0,0.0,0.0,0.0,0,175000,0,1,0,0,0,0,0,1
27.72895277207392,33.0,1699.0,4.0,0.0,0.21188934667451442,0.0,1,13000000,0,0,1,0,0,1,0,0
23.055441478439427,25.0,1150.0,1.0,1.0,0.0782608695652174,0.0782608695652174,1,4000000,0,0,1,0,0,0,1,0
21.28952772073922,1.0,2.0,0.0,0.0,0.0,0.0,1,150000,0,0,0,0,1,0,0,0
24.451745379876797,19.0,1022.0,2.0,5.0,0.1761252446183953,0.44031311154598823,1,18000000,0,0,1,0,0,1,0,0
23.96167008898015,100.0,7815.0,4.0,2.0,0.046065259117082535,0.023032629558541268,1,23000000,1,0,0,0,0,0,1,0
24.629705681040384,103.0,5182.0,16.0,2.0,0.27788498649170207,0.03473562331146276,1,2000000,0,0,0,0,1,0,0,0
25.94387405886379,20.0,1183.0,0.0,0.0,0.0,0.0,1,400000,1,0,0,0,0,0,0,0
24.15879534565366,55.0,2784.0,1.0,4.0,0.032327586206896554,0.12931034482758622,1,3000000,1,0,0,0,0,0,1,0
27.263518138261464,215.0,12636.0,26.0,21.0,0.1851851851851852,0.14957264957264957,1,6000000,0,0,1,0,1,0,0,0
24.621492128678987,3.0,191.0,0.0,0.0,0.0,0.0,1,1300000,1,0,0,0,0,0,1,0
23.748117727583846,10.0,900.0,0.0,0.0,0.0,0.0,1,1400000,0,1,0,0,0,0,0,0
24.83230663928816,6.0,471.0,0.0,0.0,0.0,0.0,1,500000,0,1,0,0,0,0,0,1
24.13141683778234,30.0,1223.0,0.0,2.0,0.0,0.1471790678659035,1,350000,1,0,0,0,0,0,1,0
26.099931553730322,55.0,4924.0,0.0,0.0,0.0,0.0,1,2500000,0,1,0,0,0,0,1,0
21.930184804928132,0.0,0.0,0.0,0.0,0.0,0.0,0,300000,0,0,1,0,0,0,1,0
30.02053388090349,212.0,17960.0,25.0,32.0,0.1252783964365256,0.1603563474387528,1,22000000,1,0,0,0,0,1,0,0
24.12046543463381,34.0,3015.0,0.0,0.0,0.0,0.0,1,3000000,0,1,0,0,0,0,0,1
21.678302532511978,1.0,8.0,1.0,0.0,0.0,0.0,1,300000,0,0,0,0,1,0,0,0
22.362765229295004,49.0,3547.0,2.0,0.0,0.05074711023400057,0.0,1,5000000,1,0,0,0,0,0,1,0
22.636550308008214,0.0,0.0,0.0,0.0,0.0,0.0,0,225000,0,0,1,0,0,0,0,1
25.765913757700204,112.0,5049.0,29.0,7.0,0.516934046345811,0.12477718360071302,1,18000000,0,0,0,0,0,1,0,0
21.06776180698152,0.0,0.0,0.0,0.0,0.0,0.0,0,225000,0,1,0,0,0,0,1,0
26.77344284736482,57.0,4936.0,2.0,3.0,0.03646677471636953,0.0547001620745543,1,2000000,1,0,0,0,1,0,0,0
24.78028747433265,0.0,0.0,0.0,0.0,0.0,0.0,0,125000,1,0,0,0,0,1,0,0
26.543463381245722,117.0,8393.0,4.0,1.0,0.04289288692958418,0.010723221732396045,1,8000000,1,0,0,0,0,1,0,0
24.032854209445585,0.0,0.0,0.0,0.0,0.0,0.0,0,300000,0,1,0,0,0,1,0,0
20.076659822039698,0.0,0.0,0.0,0.0,0.0,0.0,0,25000,0,0,1,0,0,0,1,0
26.390143737166323,0.0,0.0,0.0,0.0,0.0,0.0,0,250000,0,0,1,0,1,0,0,0
23.077344284736483,0.0,0.0,0.0,0.0,0.0,0.0,0,200000,1,0,0,0,0,0,0,0
22.209445585215605,0.0,0.0,0.0,0.0,0.0,0.0,0,25000,0,1,0,0,0,0,0,0
25.867214236824093,121.0,9124.0,2.0,5.0,0.01972818939061815,0.04932047347654537,1,10000000,0,0,1,0,0,0,0,0
23.394934976043807,0.0,0.0,0.0,0.0,0.0,0.0,0,200000,0,0,1,0,0,0,0,0
26.250513347022586,103.0,7748.0,2.0,1.0,0.02323180175529169,0.011615900877645845,1,3500000,1,0,0,0,0,0,0,0
23.21971252566735,0.0,0.0,0.0,0.0,0.0,0.0,0,100000,0,1,0,0,0,0,0,0
25.193702943189596,270.0,23567.0,9.0,3.0,0.03437009377519413,0.01145669792506471,1,100000000,1,0,0,0,0,1,0,0
24.969199178644764,108.0,7318.0,13.0,8.0,0.15987974856518175,0.09838753757857337,1,20000000,0,0,1,0,0,0,1,0
28.024640657084188,35.0,3150.0,0.0,0.0,0.0,0.0,1,1500000,0,1,0,0,0,0,1,0
27.06091718001369,45.0,2589.0,9.0,5.0,0.3128621089223638,0.17381228273464658,1,1000000,0,0,0,0,0,0,0,1
23.460643394934976,0.0,0.0,0.0,0.0,0.0,0.0,0,4000000,1,0,0,0,0,1,0,0
24.35318275154004,146.0,7850.0,36.0,25.0,0.4127388535031847,0.28662420382165604,1,40000000,0,0,0,0,0,0,0,1
25.99315537303217,2.0,148.0,0.0,0.0,0.0,0.0,1,9000000,1,0,0,0,0,1,0,0
23.54551676933607,1.0,2.0,0.0,0.0,0.0,0.0,1,200000,0,0,1,0,0,1,0,0
28.016427104722794,168.0,14986.0,2.0,3.0,0.012011210463098894,0.018016815694648337,1,8000000,1,0,0,0,1,0,0,0
26.04243668720055,142.0,8414.0,9.0,14.0,0.09626812455431424,0.1497504159733777,1,10000000,1,0,0,0,0,0,1,0
27.16221765913758,145.0,7309.0,24.0,17.0,0.2955260637570119,0.20933096182788344,1,10000000,0,0,0,0,0,0,1,0
24.10130047912389,0.0,0.0,0.0,0.0,0.0,0.0,0,50000,0,1,0,0,0,0,0,0
27.9315537303217,221.0,13188.0,10.0,10.0,0.06824385805277525,0.06824385805277525,1,15000000,0,0,1,0,0,1,0,0
22.017796030116358,0.0,0.0,0.0,0.0,0.0,0.0,0,225000,0,0,1,0,0,0,1,0
21.19917864476386,2.0,77.0,0.0,0.0,0.0,0.0,1,25000,1,0,0,0,0,0,1,0
26.88021902806297,141.0,11440.0,3.0,0.0,0.0236013986013986,0.0,1,5000000,1,0,0,0,0,0,0,0
22.34633812457221,0.0,0.0,0.0,0.0,0.0,0.0,0,500000,0,0,1,0,0,0,1,0
21.437371663244353,0.0,0.0,0.0,0.0,0.0,0.0,0,25000,0,1,0,0,0,0,1,0
24.763860369609855,4.0,182.0,2.0,0.0,0.0,0.0,1,175000,0,0,0,0,0,1,0,0
28.421629021218344,196.0,10769.0,26.0,23.0,0.21729037050793945,0.1922184046801003,1,4000000,0,0,0,0,0,0,0,0
23.860369609856264,2.0,20.0,0.0,0.0,0.0,0.0,1,200000,0,0,0,0,1,0,0,0
22.362765229295004,0.0,0.0,0.0,0.0,0.0,0.0,0,100000,1,0,0,0,0,0,1,0
23.613963039014372,10.0,741.0,0.0,0.0,0.0,0.0,1,200000,1,0,0,0,0,0,0,0
22.401095140314855,0.0,0.0,0.0,0.0,0.0,0.0,0,150000,1,0,0,0,0,0,1,0
24.922655715263517,169.0,8349.0,28.0,17.0,0.3018325547969817,0.18325547969816744,1,25000000,0,0,0,0,0,1,0,0
23.310061601642712,1.0,83.0,0.0,0.0,0.0,0.0,1,100000,1,0,0,0,0,0,0,0
21.741273100616016,1.0,90.0,0.0,0.0,0.0,0.0,1,150000,0,1,0,0,0,1,0,0
28.06297056810404,176.0,11268.0,9.0,13.0,0.0718849840255591,0.10383386581469649,1,2800000,1,0,0,0,0,0,0,0
26.765229295003422,97.0,3986.0,16.0,6.0,0.3612644254892122,0.1354741595584546,1,1500000,0,0,0,0,1,0,0,0
24.79671457905544,50.0,3432.0,10.0,10.0,0.26223776223776224,0.26223776223776224,1,3200000,0,0,0,0,0,1,0,0
22.368240930869266,1.0,90.0,0.0,0.0,0.0,0.0,1,1200000,1,0,0,0,0,1,0,0
21.72210814510609,1.0,20.0,0.0,0.0,0.0,0.0,1,350000,0,0,1,0,0,1,0,0
20.83504449007529,0.0,0.0,0.0,0.0,0.0,0.0,0,100000,0,1,0,0,0,0,1,0
21.713894592744694,0.0,0.0,0.0,0.0,0.0,0.0,0,200000,1,0,0,0,1,0,0,0
25.297741273100616,243.0,16512.0,64.0,59.0,0.3488372093023256,0.3215843023255814,1,140000000,0,0,0,0,1,0,0,0
25.675564681724847,154.0,13775.0,0.0,0.0,0.0,0.0,1,28000000,0,1,0,0,0,1,0,0
23.73990417522245,68.0,3839.0,7.0,5.0,0.16410523573847358,0.11721802552748112,1,10000000,0,0,1,0,0,0,0,0
24.041067761806982,115.0,6944.0,7.0,12.0,0.0907258064516129,0.1555299539170507,1,55000000,1,0,0,0,0,1,0,0
24.49555099247091,0.0,0.0,0.0,0.0,0.0,0.0,0,200000,0,1,0,0,0,0,0,0
27.37303216974675,156.0,11993.0,2.0,2.0,0.015008755107145836,0.015008755107145836,1,22000000,1,0,0,0,0,0,1,0
23.627652292950035,83.0,5233.0,15.0,12.0,0.25797821517294095,0.20638257213835276,1,18000000,0,0,1,0,0,0,0,1
20.919917864476385,0.0,0.0,0.0,0.0,0.0,0.0,0,200000,1,0,0,0,0,1,0,0
29.527720739219713,198.0,15501.0,8.0,5.0,0.046448616218308494,0.029030385136442807,1,20000000,1,0,0,0,0,0,0,1
24.870636550308006,0.0,0.0,0.0,0.0,0.0,0.0,0,75000,0,0,1,0,0,0,1,0
25.960301163586585,0.0,0.0,0.0,0.0,0.0,0.0,0,150000,0,0,0,0,1,0,0,0
21.27310061601643,11.0,917.0,1.0,0.0,0.09814612868047982,0.0,1,1800000,1,0,0,0,0,0,1,0
25.32785763175907,18.0,1178.0,0.0,0.0,0.0,0.0,1,500000,1,0,0,0,0,1,0,0
25.138945927446954,183.0,12534.0,4.0,11.0,0.028721876495931067,0.07898516036381044,1,28000000,1,0,0,0,0,1,0,0
23.572895277207394,2.0,127.0,0.0,0.0,0.0,0.0,1,250000,1,0,0,0,0,1,0,0
26.69678302532512,31.0,2287.0,2.0,2.0,0.07870572802798426,0.07870572802798426,1,20000000,1,0,0,0,0,1,0,0
23.515400410677618,0.0,0.0,0.0,0.0,0.0,0.0,0,75000,1,0,0,0,0,1,0,0
25.270362765229294,220.0,14134.0,44.0,27.0,0.2801754634215367,0.17192585255412482,1,65000000,0,0,0,0,0,1,0,0
23.854893908281998,126.0,10152.0,35.0,31.0,0.31028368794326244,0.274822695035461,1,90000000,0,0,1,0,0,1,0,0
25.01574264202601,199.0,11391.0,19.0,20.0,0.15011851461680273,0.15801948907031868,1,35000000,0,0,1,0,0,1,0,0
20.49281314168378,1.0,90.0,0.0,0.0,0.0,0.0,1,150000,1,0,0,0,0,1,0,0
22.302532511978097,1.0,90.0,0.0,0.0,0.0,0.0,1,1800000,0,1,0,0,0,1,0,0
24.91170431211499,127.0,8536.0,52.0,16.0,0.5482661668228679,0.16869728209934395,1,40000000,0,0,0,0,1,0,0,0
22.729637234770706,22.0,1431.0,0.0,0.0,0.0,0.0,1,2200000,1,0,0,0,0,1,0,0
23.43600273785079,0.0,0.0,0.0,0.0,0.0,0.0,0,75000,1,0,0,0,0,0,0,0
25.010266940451746,101.0,5488.0,10.0,11.0,0.1639941690962099,0.1803935860058309,1,5000000,0,0,1,0,0,0,0,1
25.141683778234086,196.0,15819.0,9.0,9.0,0.05120424805613503,0.05120424805613503,1,15000000,0,0,1,0,0,0,1,0
23.64955509924709,135.0,6601.0,7.0,5.0,0.09544008483563098,0.06817148916830783,1,5000000,0,0,1,0,0,0,1,0
21.062286105407257,1.0,90.0,0.0,0.0,0.0,0.0,1,800000,1,0,0,0,0,1,0,0
23.84120465434634,42.0,3300.0,2.0,1.0,0.05454545454545454,0.02727272727272727,1,20000000,1,0,0,0,0,1,0,0
21.481177275838466,37.0,1034.0,2.0,7.0,0.17408123791102514,0.6092843326885881,1,7000000,0,0,0,0,0,1,0,0
23.5564681724846,134.0,9224.0,2.0,5.0,0.019514310494362534,0.048785776235906325,1,45000000,1,0,0,0,0,1,0,0
24.23271731690623,203.0,10284.0,44.0,24.0,0.38506417736289383,0.2100350058343057,1,50000000,0,0,0,0,0,1,0,0
23.509924709103355,13.0,879.0,0.0,0.0,0.0,0.0,1,4000000,1,0,0,0,0,1,0,0
23.496235455167692,181.0,9405.0,5.0,9.0,0.04784688995215312,0.0861244019138756,1,14000000,0,0,1,0,0,0,1,0
22.431211498973305,0.0,0.0,0.0,0.0,0.0,0.0,0,200000,0,1,0,0,0,1,0,0
21.256673511293634,5.0,172.0,0.0,0.0,0.0,0.0,1,200000,0,0,1,0,0,0,0,0
21.190965092402465,3.0,119.0,0.0,0.0,0.0,0.0,1,1100000,0,0,1,0,0,0,1,0
21.17453798767967,0.0,0.0,0.0,0.0,0.0,0.0,0,450000,0,0,0,0,0,0,0,1
25.659137577002053,121.0,6306.0,3.0,13.0,0.0428163653663178,0.18553758325404376,1,3000000,1,0,0,0,0,0,1,0
23.4031485284052,167.0,12606.0,5.0,9.0,0.03569728700618753,0.06425511661113756,1,7000000,1,0,0,0,0,0,0,1
23.540041067761805,62.0,4483.0,3.0,2.0,0.06022752621012715,0.04015168414008477,1,5500000,0,0,1,0,0,0,1,0
23.534565366187543,177.0,6567.0,20.0,20.0,0.27409776153494747,0.27409776153494747,1,4000000,0,0,1,0,0,0,0,1
25.27583846680356,0.0,0.0,0.0,0.0,0.0,0.0,0,600000,0,0,1,0,1,0,0,0
26.417522245037645,0.0,0.0,0.0,0.0,0.0,0.0,0,200000,0,0,1,0,1,0,0,0
21.71937029431896,0.0,0.0,0.0,0.0,0.0,0.0,0,150000,1,0,0,0,0,1,0,0
22.910335386721425,1.0,15.0,0.0,0.0,0.0,0.0,1,25000,0,0,1,0,0,1,0,0
24.32580424366872,17.0,861.0,0.0,0.0,0.0,0.0,1,4500000,1,0,0,0,0,1,0,0
22.93223819301848,1.0,90.0,0.0,0.0,0.0,0.0,1,100000,0,1,0,0,0,0,1,0
29.037645448323065,152.0,10727.0,31.0,22.0,0.2600913582548709,0.1845809639228116,1,22000000,0,0,0,0,0,1,0,0
24.42984257357974,2.0,157.0,2.0,0.0,0.0,0.0,1,300000,0,0,0,0,0,1,0,0
21.45927446954141,2.0,133.0,0.0,0.0,0.0,0.0,1,50000,1,0,0,0,0,1,0,0
24.48186173853525,103.0,7782.0,2.0,4.0,0.02313030069390902,0.04626060138781804,1,6000000,1,0,0,0,0,1,0,0
25.22381930184805,134.0,10531.0,5.0,13.0,0.04273098471180325,0.11110056025068844,1,45000000,0,0,1,0,0,1,0,0
23.589322381930184,23.0,1018.0,1.0,3.0,0.08840864440078584,0.26522593320235754,1,1500000,0,0,1,0,1,0,0,0
26.223134839151268,10.0,714.0,0.0,0.0,0.0,0.0,1,1000000,1,0,0,0,0,0,0,0
23.534565366187543,1.0,45.0,0.0,0.0,0.0,0.0,1,250000,0,0,0,0,0,0,0,0
22.55441478439425,2.0,77.0,0.0,0.0,0.0,0.0,1,250000,0,0,1,0,0,1,0,0
23.854893908281998,214.0,9857.0,37.0,19.0,0.33783098305772546,0.17348077508369686,1,22000000,0,0,0,0,0,0,0,1
24.93908281998631,8.0,133.0,0.0,0.0,0.0,0.0,1,300000,0,0,0,0,0,0,0,0
25.31416837782341,132.0,6903.0,22.0,11.0,0.28683181225554105,0.14341590612777053,1,3000000,0,0,0,0,0,0,0,0
26.869267624914443,53.0,3112.0,1.0,0.0,0.028920308483290486,0.0,1,12000000,0,0,1,0,0,1,0,0
29.842573579739906,167.0,10378.0,8.0,14.0,0.06937752938909231,0.12141067643091155,1,5000000,0,0,1,0,0,0,0,0
26.729637234770706,10.0,496.0,0.0,0.0,0.0,0.0,1,900000,0,0,0,0,0,1,0,0
23.28542094455852,0.0,0.0,0.0,0.0,0.0,0.0,0,250000,0,0,0,0,0,0,0,1
21.308692676249144,0.0,0.0,0.0,0.0,0.0,0.0,0,200000,0,0,0,0,0,0,1,0
24.194387405886378,5.0,301.0,2.0,0.0,0.5980066445182725,0.0,1,22000000,0,0,0,0,0,1,0,0
22.67488021902806,1.0,120.0,1.0,0.0,0.0,0.0,1,300000,0,0,1,0,0,1,0,0
23.121149897330596,0.0,0.0,0.0,0.0,0.0,0.0,0,150000,0,0,1,0,0,1,0,0
23.638603696098563,1.0,8.0,0.0,0.0,0.0,0.0,1,1000000,1,0,0,0,0,1,0,0
24.27378507871321,90.0,4555.0,11.0,12.0,0.21734357848518113,0.2371020856201976,1,12000000,0,0,1,0,1,0,0,0
24.23271731690623,43.0,1844.0,2.0,2.0,0.09761388286334056,0.09761388286334056,1,2500000,1,0,0,0,0,0,0,1
25.130732375085557,93.0,5795.0,5.0,2.0,0.07765314926660916,0.031061259706643658,1,8000000,0,0,1,0,0,0,1,0
25.366187542778917,32.0,1105.0,1.0,3.0,0.08144796380090498,0.24434389140271492,1,500000,0,0,0,0,1,0,0,0
23.720739219712527,73.0,4987.0,1.0,3.0,0.0180469219971927,0.0541407659915781,1,2500000,1,0,0,0,0,1,0,0
21.95756331279945,0.0,0.0,0.0,0.0,0.0,0.0,0,125000,1,0,0,0,0,0,0,1
27.928815879534564,137.0,10080.0,11.0,2.0,0.09821428571428571,0.017857142857142856,1,14000000,1,0,0,0,0,0,1,0
23.956194387405887,20.0,894.0,2.0,0.0,0.20134228187919462,0.0,1,500000,0,0,1,0,1,0,0,0
21.08145106091718,0.0,0.0,0.0,0.0,0.0,0.0,0,150000,0,0,1,0,1,0,0,0
25.49486652977413,0.0,0.0,0.0,0.0,0.0,0.0,0,300000,0,0,1,0,0,1,0,0
22.39835728952772,0.0,0.0,0.0,0.0,0.0,0.0,0,200000,0,1,0,0,1,0,0,0
22.77891854893908,0.0,0.0,0.0,0.0,0.0,0.0,0,200000,0,1,0,0,1,0,0,0
26.587268993839835,0.0,0.0,0.0,0.0,0.0,0.0,0,50000,1,0,0,0,0,0,0,0
29.817932922655714,2.0,32.0,0.0,0.0,0.0,0.0,1,200000,0,0,0,0,0,0,0,0
31.222450376454482,34.0,2748.0,2.0,0.0,0.06550218340611354,0.0,1,1200000,1,0,0,0,0,0,0,0
26.132785763175907,3.0,241.0,0.0,2.0,0.0,0.0,1,200000,1,0,0,0,0,0,0,0
27.772758384668034,0.0,0.0,0.0,0.0,0.0,0.0,0,200000,0,0,1,0,0,0,0,0
28.188911704312115,31.0,1186.0,3.0,4.0,0.22765598650927485,0.30354131534569984,1,1500000,0,0,0,0,0,0,0,0
27.515400410677618,0.0,0.0,0.0,0.0,0.0,0.0,0,150000,1,0,0,0,0,0,0,0
21.730321697467488,1.0,45.0,0.0,0.0,0.0,0.0,1,800000,0,0,1,0,0,0,0,1
22.806297056810404,12.0,243.0,1.0,0.0,0.0,0.0,1,6000000,0,0,0,0,0,1,0,0
21.475701574264203,0.0,0.0,0.0,0.0,0.0,0.0,0,150000,0,1,0,0,0,1,0,0
22.97056810403833,0.0,0.0,0.0,0.0,0.0,0.0,0,2200000,0,0,0,0,0,1,0,0
23.906913073237508,28.0,1794.0,4.0,2.0,0.20066889632107024,0.10033444816053512,1,1200000,1,0,0,0,0,0,0,1
22.130047912388775,9.0,297.0,0.0,1.0,0.0,0.30303030303030304,1,1000000,0,0,0,0,0,1,0,0
21.779603011635867,6.0,62.0,0.0,0.0,0.0,0.0,1,200000,0,0,0,0,1,0,0,0
29.11978097193703,171.0,7652.0,4.0,3.0,0.047046523784631464,0.0352848928384736,1,2000000,0,0,1,0,0,0,0,0
19.613963039014372,0.0,0.0,0.0,0.0,0.0,0.0,0,150000,0,0,0,0,1,0,0,0
26.239561943874058,199.0,10406.0,27.0,27.0,0.23351912358254853,0.23351912358254853,1,4000000,0,0,0,0,0,0,0,1
24.528405201916495,2.0,119.0,0.0,0.0,0.0,0.0,1,10000000,0,0,1,0,0,1,0,0
24.76659822039699,55.0,3348.0,3.0,0.0,0.08064516129032258,0.0,1,8000000,1,0,0,0,0,1,0,0
25.13347022587269,0.0,0.0,0.0,0.0,0.0,0.0,0,100000,0,1,0,0,0,0,0,0
24.550308008213552,106.0,8345.0,2.0,17.0,0.021569802276812464,0.18334331935290593,1,16000000,1,0,0,0,0,1,0,0
23.912388774811774,64.0,3855.0,18.0,8.0,0.42023346303501946,0.1867704280155642,1,5000000,0,0,0,0,0,0,1,0
24.210814510609172,40.0,3249.0,2.0,1.0,0.055401662049861494,0.027700831024930747,1,22000000,1,0,0,0,0,1,0,0
20.205338809034906,0.0,0.0,0.0,0.0,0.0,0.0,0,25000,0,1,0,0,0,0,1,0
26.286105407255306,23.0,865.0,0.0,1.0,0.0,0.10404624277456648,1,1200000,1,0,0,0,0,0,0,1
29.196440793976727,232.0,19863.0,25.0,9.0,0.11327594019030358,0.04077933846850929,1,35000000,1,0,0,0,0,0,1,0
31.79192334017796,189.0,13229.0,3.0,0.0,0.020409705949051327,0.0,1,2000000,0,0,1,0,0,0,0,0
28.802190280629706,199.0,13071.0,2.0,5.0,0.013770943309616708,0.034427358274041774,1,2500000,1,0,0,0,0,0,0,0
27.019849418206707,271.0,16448.0,72.0,39.0,0.3939688715953307,0.2133998054474708,1,75000000,0,0,0,0,0,1,0,0
24.344969199178646,0.0,0.0,0.0,0.0,0.0,0.0,0,75000,0,1,0,0,1,0,0,0
25.245722108145106,183.0,9738.0,26.0,27.0,0.2402957486136784,0.24953789279112754,1,40000000,0,0,0,0,0,0,0,1
25.267624914442163,97.0,4623.0,13.0,9.0,0.25308241401687215,0.17521090201168074,1,8000000,0,0,0,0,0,1,0,0
25.83709787816564,2.0,17.0,0.0,0.0,0.0,0.0,1,400000,0,0,1,0,1,0,0,0
24.347707049965777,0.0,0.0,0.0,0.0,0.0,0.0,0,100000,0,1,0,0,0,0,0,1
20.840520191649556,1.0,75.0,0.0,0.0,0.0,0.0,1,125000,0,0,0,0,0,0,1,0
20.8870636550308,0.0,0.0,0.0,0.0,0.0,0.0,0,25000,0,0,1,0,0,0,0,1
23.578370978781656,1.0,13.0,0.0,0.0,0.0,0.0,1,500000,0,0,0,0,0,0,0,1
20.041067761806982,0.0,0.0,0.0,0.0,0.0,0.0,0,300000,0,0,1,0,0,0,0,1
21.659137577002053,19.0,652.0,1.0,1.0,0.13803680981595093,0.13803680981595093,1,4000000,0,0,0,0,0,0,0,1
21.505817932922657,1.0,7.0,0.0,0.0,0.0,0.0,1,50000,0,0,1,0,1,0,0,0
28.34223134839151,114.0,8337.0,4.0,8.0,0.04318100035984167,0.08636200071968334,1,3000000,1,0,0,0,0,0,1,0
28.54483230663929,248.0,19192.0,34.0,38.0,0.1594414339308045,0.17819924968736972,1,70000000,0,0,1,0,0,1,0,0
23.81930184804928,5.0,261.0,0.0,0.0,0.0,0.0,1,375000,0,0,1,0,0,1,0,0
25.371663244353183,0.0,0.0,0.0,0.0,0.0,0.0,0,25000,0,0,0,0,0,0,0,0
26.652977412731005,109.0,8096.0,2.0,1.0,0.022233201581027668,0.011116600790513834,1,5000000,1,0,0,0,0,0,0,0
26.017796030116358,1.0,90.0,0.0,0.0,0.0,0.0,1,250000,1,0,0,0,0,0,0,0
28.347707049965777,98.0,4307.0,13.0,3.0,0.2716508010215928,0.06268864638959833,1,2000000,0,0,0,0,0,0,1,0
20.944558521560573,0.0,0.0,0.0,0.0,0.0,0.0,0,150000,1,0,0,0,0,0,0,1
24.829568788501028,0.0,0.0,0.0,0.0,0.0,0.0,0,600000,1,0,0,0,0,0,0,0
25.415468856947296,0.0,0.0,0.0,0.0,0.0,0.0,0,50000,0,0,0,0,0,0,0,0
21.971252566735114,0.0,0.0,0.0,0.0,0.0,0.0,0,800000,1,0,0,0,0,0,0,1
20.098562628336754,1.0,2.0,0.0,0.0,0.0,0.0,1,300000,1,0,0,0,0,0,0,1
24.8186173853525,168.0,12855.0,7.0,3.0,0.04900816802800467,0.021003500583430573,1,45000000,1,0,0,0,0,1,0,0
22.20123203285421,0.0,0.0,0.0,0.0,0.0,0.0,0,200000,0,0,1,0,0,0,0,1
21.420944558521562,1.0,1.0,0.0,0.0,0.0,0.0,1,300000,0,0,0,0,0,0,0,1
26.55715263518138,39.0,1115.0,0.0,2.0,0.0,0.16143497757847533,1,1500000,0,0,1,0,0,0,0,1
21.322381930184804,0.0,0.0,0.0,0.0,0.0,0.0,0,250000,1,0,0,0,0,0,0,1
20.27104722792608,7.0,194.0,0.0,0.0,0.0,0.0,1,800000,1,0,0,0,0,0,0,1
25.744010951403148,4.0,47.0,0.0,0.0,0.0,0.0,1,500000,0,0,1,0,0,0,1,0
27.665982203969882,157.0,10441.0,43.0,17.0,0.37065415190115886,0.14653768796092329,1,28000000,0,0,0,0,0,1,0,0
26.822724161533195,269.0,14405.0,85.0,22.0,0.5310656022214509,0.13745227351614023,1,25000000,0,0,0,0,0,0,1,0
22.913073237508556,0.0,0.0,0.0,0.0,0.0,0.0,0,100000,1,0,0,0,0,0,0,0
24.531143052703626,1.0,27.0,0.0,0.0,0.0,0.0,1,1400000,1,0,0,0,0,0,0,0
26.91854893908282,190.0,15804.0,8.0,2.0,0.04555808656036447,0.011389521640091117,1,20000000,1,0,0,0,0,0,0,0
27.397672826830938,139.0,4646.0,5.0,2.0,0.09685751183814034,0.03874300473525613,1,1500000,0,0,1,0,0,0,1,0
23.052703627652292,142.0,7588.0,4.0,18.0,0.047443331576172906,0.21349499209277809,1,8000000,1,0,0,0,0,0,0,1
23.800136892539356,45.0,2689.0,11.0,10.0,0.3681666046857568,0.33469691335068796,1,35000000,0,0,0,0,0,0,0,1
24.583162217659137,3.0,19.0,0.0,0.0,0.0,0.0,1,150000,0,0,0,0,1,0,0,0
22.050650239561943,0.0,0.0,0.0,0.0,0.0,0.0,0,50000,0,1,0,0,0,0,1,0
22.480492813141684,0.0,0.0,0.0,0.0,0.0,0.0,0,450000,0,0,0,0,0,0,1,0
19.540041067761805,0.0,0.0,0.0,0.0,0.0,0.0,0,25000,0,1,0,0,0,0,1,0
27.838466803559207,1.0,18.0,0.0,0.0,0.0,0.0,1,200000,0,1,0,0,1,0,0,0
28.125941136208077,4.0,29.0,0.0,0.0,0.0,0.0,1,200000,0,0,1,0,1,0,0,0
21.67008898015058,0.0,0.0,0.0,0.0,0.0,0.0,0,150000,1,0,0,0,1,0,0,0
26.29158110882957,42.0,1948.0,8.0,1.0,0.3696098562628337,0.046201232032854214,1,2500000,0,0,0,0,0,0,0,0
27.16221765913758,31.0,2642.0,0.0,0.0,0.0,0.0,1,4000000,0,1,0,0,1,0,0,0
29.02943189596167,208.0,17837.0,3.0,5.0,0.015137074620171553,0.025228457700285922,1,13000000,1,0,0,0,0,1,0,0
24.83778234086242,158.0,11479.0,7.0,22.0,0.05488282951476609,0.17248889276069343,1,22000000,1,0,0,0,0,0,1,0
28.372347707049965,3.0,300.0,0.0,0.0,0.0,0.0,1,1800000,0,1,0,0,0,0,0,0
32.2217659137577,172.0,8777.0,11.0,6.0,0.1127948046029395,0.061524438874330636,1,1800000,0,0,1,0,0,0,0,0
24.48186173853525,163.0,10514.0,1.0,15.0,0.008560015217804832,0.12840022826707248,1,23000000,0,0,1,0,0,0,1,0
28.413415468856947,33.0,2010.0,3.0,3.0,0.13432835820895522,0.13432835820895522,1,2000000,0,0,1,0,0,0,0,0
20.829568788501028,0.0,0.0,0.0,0.0,0.0,0.0,0,150000,0,0,1,0,0,0,1,0
23.38672142368241,0.0,0.0,0.0,0.0,0.0,0.0,0,100000,0,0,0,0,1,0,0,0
24.005475701574266,124.0,11143.0,0.0,0.0,0.0,0.0,1,25000000,0,1,0,0,0,0,0,1
23.066392881587955,0.0,0.0,0.0,0.0,0.0,0.0,0,200000,0,0,1,0,0,0,1,0
22.409308692676248,0.0,0.0,0.0,0.0,0.0,0.0,0,350000,0,0,1,0,0,0,0,1
23.537303216974674,13.0,418.0,0.0,0.0,0.0,0.0,1,800000,1,0,0,0,0,0,0,1
27.356605065023956,77.0,2486.0,10.0,6.0,0.36202735317779566,0.21721641190667737,1,1500000,0,0,0,0,0,0,0,0
27.11841204654346,18.0,1487.0,0.0,0.0,0.0,0.0,1,2000000,1,0,0,0,0,1,0,0
20.66803559206023,0.0,0.0,0.0,0.0,0.0,0.0,0,125000,0,1,0,0,0,0,0,1
23.94524298425736,0.0,0.0,0.0,0.0,0.0,0.0,0,350000,0,1,0,0,0,0,0,1
28.82135523613963,151.0,8251.0,10.0,8.0,0.10907768755302388,0.0872621500424191,1,2200000,0,0,1,0,0,0,1,0
26.349075975359344,19.0,491.0,0.0,0.0,0.0,0.0,1,600000,1,0,0,0,0,0,0,0
27.958932238193018,103.0,7839.0,3.0,7.0,0.034443168771526984,0.08036739380022963,1,18000000,1,0,0,0,0,0,0,0
27.980835044490075,6.0,379.0,2.0,2.0,0.47493403693931396,0.47493403693931396,1,2500000,0,0,0,0,0,0,0,0
24.04928131416838,6.0,259.0,0.0,0.0,0.0,0.0,1,2000000,1,0,0,0,1,0,0,0
25.182751540041068,17.0,1530.0,0.0,0.0,0.0,0.0,1,1500000,0,1,0,0,0,0,1,0
24.257357973990416,190.0,8304.0,24.0,16.0,0.26011560693641617,0.17341040462427745,1,16000000,0,0,1,0,0,0,1,0
23.901437371663246,9.0,346.0,0.0,0.0,0.0,0.0,1,600000,0,0,1,0,0,1,0,0
24.75564681724846,8.0,395.0,0.0,0.0,0.0,0.0,1,4000000,1,0,0,0,0,1,0,0
22.078028747433265,0.0,0.0,0.0,0.0,0.0,0.0,0,350000,0,0,1,0,0,1,0,0
21.311430527036276,0.0,0.0,0.0,0.0,0.0,0.0,0,100000,1,0,0,0,0,0,0,1
24.298425735797398,0.0,0.0,0.0,0.0,0.0,0.0,0,25000,0,0,0,0,0,0,1,0
23.310061601642712,0.0,0.0,0.0,0.0,0.0,0.0,0,50000,0,1,0,0,0,0,1,0
22.874743326488705,0.0,0.0,0.0,0.0,0.0,0.0,0,300000,0,0,1,0,0,0,1,0
29.138945927446954,23.0,1463.0,0.0,0.0,0.0,0.0,1,3000000,1,0,0,0,0,0,0,1
25.1088295687885,33.0,1624.0,3.0,0.0,0.16625615763546797,0.0,1,1500000,0,0,1,0,0,0,0,1
21.28952772073922,1.0,90.0,0.0,0.0,0.0,0.0,1,150000,1,0,0,0,0,1,0,0
26.748802190280628,12.0,495.0,1.0,0.0,0.18181818181818182,0.0,1,1500000,0,0,0,0,0,0,0,1
21.869952087611225,1.0,6.0,0.0,0.0,0.0,0.0,1,500000,1,0,0,0,0,0,1,0
25.305954825462013,99.0,6237.0,15.0,10.0,0.21645021645021648,0.1443001443001443,1,6000000,0,0,1,0,0,0,1,0
19.17864476386037,0.0,0.0,0.0,0.0,0.0,0.0,0,150000,0,0,0,0,1,0,0,0
21.831622176591377,0.0,0.0,0.0,0.0,0.0,0.0,0,175000,0,0,1,0,0,1,0,0
28.687200547570157,11.0,399.0,0.0,0.0,0.0,0.0,1,450000,0,0,1,0,0,0,0,0
25.00752908966461,58.0,2098.0,3.0,2.0,0.12869399428026693,0.08579599618684461,1,1800000,0,0,1,0,1,0,0,0
25.645448323066393,1.0,90.0,0.0,0.0,0.0,0.0,1,200000,0,1,0,0,0,0,0,0
23.923340177960302,10.0,266.0,0.0,0.0,0.0,0.0,1,1000000,0,0,0,0,0,0,0,0
23.028062970568104,0.0,0.0,0.0,0.0,0.0,0.0,0,50000,0,0,1,0,0,0,0,0
23.975359342915812,0.0,0.0,0.0,0.0,0.0,0.0,0,500000,0,1,0,0,0,0,0,0
26.28336755646817,39.0,2640.0,1.0,3.0,0.03409090909090909,0.10227272727272727,1,3500000,0,0,1,0,0,0,0,0
24.13141683778234,1.0,19.0,1.0,0.0,0.0,0.0,1,250000,0,0,1,0,0,0,0,0
23.033538672142367,1.0,90.0,0.0,0.0,0.0,0.0,1,2000000,1,0,0,0,0,1,0,0
22.73511293634497,1.0,25.0,0.0,0.0,0.0,0.0,1,300000,0,0,0,0,0,1,0,0
22.2258726899384,2.0,112.0,0.0,0.0,0.0,0.0,1,5000000,1,0,0,0,0,1,0,0
24.23271731690623,5.0,244.0,0.0,0.0,0.0,0.0,1,150000,0,0,0,0,0,0,0,0
25.22381930184805,29.0,1195.0,2.0,1.0,0.1506276150627615,0.07531380753138076,1,1000000,0,0,0,0,0,0,0,0
27.288158795345655,175.0,7810.0,27.0,9.0,0.3111395646606914,0.10371318822023048,1,2000000,0,0,0,0,1,0,0,0
21.478439425051334,6.0,248.0,0.0,0.0,0.0,0.0,1,3500000,1,0,0,0,0,1,0,0
25.464750171115675,8.0,138.0,0.0,0.0,0.0,0.0,1,500000,0,0,1,0,1,0,0,0
21.894592744695416,17.0,353.0,0.0,0.0,0.0,0.0,1,1200000,0,0,0,0,0,0,1,0
23.288158795345655,10.0,258.0,0.0,1.0,0.0,0.0,1,2000000,0,0,1,0,1,0,0,0
21.78507871321013,2.0,135.0,0.0,0.0,0.0,0.0,1,125000,0,0,1,0,0,1,0,0
22.639288158795345,23.0,608.0,1.0,0.0,0.14802631578947367,0.0,1,2200000,1,0,0,0,0,0,0,1
23.60574948665298,12.0,632.0,2.0,1.0,0.2848101265822785,0.14240506329113925,1,3200000,0,0,1,0,0,1,0,0
25.56605065023956,181.0,13755.0,7.0,7.0,0.04580152671755725,0.04580152671755725,1,10000000,1,0,0,0,1,0,0,0
26.064339493497606,180.0,8459.0,26.0,27.0,0.2766284430783781,0.2872679985813926,1,20000000,0,0,0,0,0,1,0,0
19.79192334017796,0.0,0.0,0.0,0.0,0.0,0.0,0,250000,0,1,0,0,0,1,0,0
24.6652977412731,232.0,16092.0,84.0,30.0,0.4697986577181208,0.16778523489932887,1,55000000,0,0,0,0,1,0,0,0
27.600273785078713,160.0,13170.0,7.0,1.0,0.04783599088838269,0.00683371298405467,1,12000000,1,0,0,0,0,0,1,0
20.840520191649556,1.0,1.0,0.0,0.0,0.0,0.0,1,400000,0,0,0,0,0,1,0,0
22.951403148528406,0.0,0.0,0.0,0.0,0.0,0.0,0,150000,0,0,0,0,0,0,0,0
22.362765229295004,0.0,0.0,0.0,0.0,0.0,0.0,0,50000,1,0,0,0,0,0,1,0
24.99110198494182,136.0,8510.0,17.0,28.0,0.17978848413631024,0.29612220916568743,1,12000000,0,0,0,0,0,0,0,1
26.43668720054757,18.0,1350.0,0.0,0.0,0.0,0.0,1,1000000,1,0,0,0,0,0,0,0
21.111567419575632,4.0,211.0,0.0,1.0,0.0,0.0,1,700000,1,0,0,0,0,1,0,0
30.286105407255306,117.0,9066.0,5.0,3.0,0.04963600264725348,0.029781601588352084,1,3000000,1,0,0,0,0,0,0,0
21.99041752224504,0.0,0.0,0.0,0.0,0.0,0.0,0,100000,0,0,1,0,0,1,0,0
23.983572895277206,81.0,3705.0,8.0,1.0,0.19433198380566802,0.024291497975708502,1,10000000,0,0,0,0,0,1,0,0
26.3709787816564,324.0,23232.0,141.0,42.0,0.5462293388429752,0.16270661157024793,1,30000000,0,0,0,0,0,0,1,0
21.94113620807666,0.0,0.0,0.0,0.0,0.0,0.0,0,10000,0,0,1,0,0,0,1,0
21.204654346338124,0.0,0.0,0.0,0.0,0.0,0.0,0,200000,0,0,1,0,0,1,0,0
26.135523613963038,59.0,1854.0,2.0,2.0,0.09708737864077668,0.09708737864077668,1,2500000,0,0,1,0,0,1,0,0
27.44147843942505,251.0,17789.0,37.0,26.0,0.18719433357692958,0.1315419641351397,1,70000000,0,0,1,0,0,1,0,0
22.327173169062284,0.0,0.0,0.0,0.0,0.0,0.0,0,400000,1,0,0,0,0,0,1,0
22.729637234770706,12.0,874.0,1.0,0.0,0.10297482837528604,0.0,1,1800000,1,0,0,0,0,0,1,0
21.95482546201232,0.0,0.0,0.0,0.0,0.0,0.0,0,50000,0,0,0,0,0,0,1,0
22.26694045174538,0.0,0.0,0.0,0.0,0.0,0.0,0,125000,1,0,0,0,0,0,1,0
21.702943189596166,0.0,0.0,0.0,0.0,0.0,0.0,0,350000,0,0,0,0,0,0,1,0
27.857631759069132,23.0,844.0,2.0,1.0,0.2132701421800948,0.1066350710900474,1,1200000,0,0,0,0,0,0,0,0
23.619438740588638,2.0,180.0,0.0,1.0,0.0,0.0,1,250000,0,0,1,0,0,1,0,0
23.64681724845996,29.0,1342.0,0.0,0.0,0.0,0.0,1,2000000,0,0,1,0,0,1,0,0
24.095824777549623,62.0,2139.0,8.0,2.0,0.33660589060308554,0.08415147265077139,1,600000,0,0,0,0,0,0,0,1
24.34223134839151,2.0,98.0,0.0,0.0,0.0,0.0,1,100000,0,1,0,0,0,0,1,0
24.331279945242983,28.0,967.0,1.0,0.0,0.09307135470527406,0.0,1,4000000,0,0,0,0,1,0,0,0
23.797399041752225,78.0,3016.0,2.0,2.0,0.05968169761273209,0.05968169761273209,1,2000000,0,0,1,0,1,0,0,0
23.887748117727583,0.0,0.0,0.0,0.0,0.0,0.0,0,100000,0,1,0,0,0,0,1,0
24.67624914442163,3.0,167.0,0.0,0.0,0.0,0.0,1,3800000,1,0,0,0,0,1,0,0
26.338124572210816,165.0,10819.0,8.0,16.0,0.06654958868656992,0.13309917737313984,1,12000000,1,0,0,0,0,0,1,0
25.869952087611225,100.0,5381.0,22.0,13.0,0.3679613454748188,0.2174317041442111,1,2500000,0,0,0,0,0,0,0,0
23.45242984257358,36.0,1227.0,1.0,0.0,0.07334963325183373,0.0,1,1800000,0,0,1,0,0,0,0,0
26.3709787816564,2.0,102.0,0.0,0.0,0.0,0.0,1,200000,1,0,0,0,0,0,0,0
29.026694045174537,13.0,772.0,0.0,2.0,0.0,0.23316062176165803,1,800000,1,0,0,0,1,0,0,0
22.458590006844627,0.0,0.0,0.0,0.0,0.0,0.0,0,250000,1,0,0,0,0,0,1,0
21.07049965776865,1.0,62.0,0.0,0.0,0.0,0.0,1,50000,0,0,0,0,0,0,1,0
22.3709787816564,5.0,32.0,0.0,0.0,0.0,0.0,1,200000,0,0,0,0,0,0,1,0
23.315537303216974,9.0,279.0,0.0,1.0,0.0,0.3225806451612903,1,400000,1,0,0,0,0,0,0,1
20.109514031485283,0.0,0.0,0.0,0.0,0.0,0.0,0,150000,0,1,0,0,1,0,0,0
25.52498288843258,149.0,8075.0,18.0,7.0,0.20061919504643963,0.07801857585139318,1,6000000,0,0,1,0,1,0,0,0
21.23750855578371,0.0,0.0,0.0,0.0,0.0,0.0,0,150000,1,0,0,0,1,0,0,0
24.8870636550308,76.0,5060.0,2.0,2.0,0.03557312252964427,0.03557312252964427,1,8000000,0,0,1,0,0,0,0,1
21.492128678986994,1.0,29.0,0.0,0.0,0.0,0.0,1,50000,0,0,0,0,1,0,0,0
21.023956194387406,0.0,0.0,0.0,0.0,0.0,0.0,0,50000,0,0,1,0,0,0,0,0
22.34633812457221,2.0,27.0,0.0,0.0,0.0,0.0,1,200000,0,0,1,0,0,0,0,0
23.89596167008898,115.0,6900.0,20.0,17.0,0.2608695652173913,0.2217391304347826,1,45000000,0,0,0,0,0,1,0,0
25.620807665982205,19.0,903.0,1.0,1.0,0.09966777408637874,0.09966777408637874,1,1000000,1,0,0,0,1,0,0,0
22.053388090349078,0.0,0.0,0.0,0.0,0.0,0.0,0,10000,0,0,0,0,0,0,1,0
24.27652292950034,12.0,1036.0,0.0,0.0,0.0,0.0,1,750000,0,1,0,0,0,0,1,0
24.80766598220397,1.0,25.0,0.0,0.0,0.0,0.0,1,200000,0,0,0,0,1,0,0,0
23.277207392197127,0.0,0.0,0.0,0.0,0.0,0.0,0,25000,0,1,0,0,0,0,0,0
25.311430527036276,198.0,10381.0,13.0,18.0,0.11270590501878432,0.15605433002600907,1,8000000,0,0,0,0,0,0,0,0
23.457905544147845,0.0,0.0,0.0,0.0,0.0,0.0,0,100000,1,0,0,0,0,0,0,0
21.94113620807666,1.0,1.0,0.0,0.0,0.0,0.0,1,100000,0,0,1,0,0,0,1,0
20.657084188911703,0.0,0.0,0.0,0.0,0.0,0.0,0,25000,0,0,0,0,0,0,1,0
21.61533196440794,0.0,0.0,0.0,0.0,0.0,0.0,0,400000,0,0,0,0,0,0,1,0
22.2258726899384,0.0,0.0,0.0,0.0,0.0,0.0,0,50000,0,1,0,0,0,0,1,0
25.99041752224504,187.0,9299.0,24.0,39.0,0.23228304118722445,0.37745994192923965,1,18000000,0,0,1,0,0,0,0,1
26.401095140314855,192.0,12251.0,7.0,22.0,0.051424373520528935,0.1616194596359481,1,8000000,1,0,0,0,0,0,1,0
22.442162902121833,0.0,0.0,0.0,0.0,0.0,0.0,0,300000,1,0,0,0,0,0,0,0
23.482546201232033,0.0,0.0,0.0,0.0,0.0,0.0,0,150000,1,0,0,0,0,0,0,0
22.68583162217659,50.0,2378.0,10.0,5.0,0.37846930193439865,0.18923465096719932,1,10000000,0,0,1,0,0,0,0,0
23.419575633127995,16.0,761.0,1.0,0.0,0.11826544021024968,0.0,1,600000,1,0,0,0,0,0,0,0
24.396988364134156,121.0,6091.0,19.0,22.0,0.28074207847644067,0.3250697750779839,1,18000000,0,0,0,0,0,1,0,0
27.94798083504449,29.0,1986.0,0.0,0.0,0.0,0.0,1,1400000,0,0,1,0,0,0,0,0
21.163586584531142,8.0,245.0,0.0,0.0,0.0,0.0,1,750000,0,0,1,0,1,0,0,0
23.132101300479125,2.0,25.0,0.0,0.0,0.0,0.0,1,175000,0,0,1,0,0,0,1,0
24.303901437371664,2.0,180.0,0.0,0.0,0.0,0.0,1,350000,0,1,0,0,0,0,1,0
20.865160848733744,6.0,185.0,1.0,1.0,0.0,0.0,1,1200000,0,0,1,0,0,0,1,0
27.00889801505818,177.0,11628.0,62.0,13.0,0.4798761609907121,0.10061919504643964,1,8000000,0,0,0,0,1,0,0,0
23.906913073237508,113.0,6447.0,20.0,8.0,0.2791996277338297,0.11167985109353187,1,15000000,0,0,0,0,0,0,1,0
25.817932922655714,165.0,8860.0,42.0,14.0,0.42663656884875845,0.14221218961625282,1,9000000,0,0,0,0,0,0,1,0
20.1533196440794,0.0,0.0,0.0,0.0,0.0,0.0,0,150000,0,0,1,0,1,0,0,0
20.982888432580424,0.0,0.0,0.0,0.0,0.0,0.0,0,150000,0,0,0,0,1,0,0,0
24.175222450376456,77.0,3052.0,2.0,3.0,0.05897771952817824,0.08846657929226735,1,3000000,0,0,1,0,1,0,0,0
20.041067761806982,0.0,0.0,0.0,0.0,0.0,0.0,0,200000,0,0,1,0,1,0,0,0
21.048596851471594,0.0,0.0,0.0,0.0,0.0,0.0,0,125000,0,0,1,0,1,0,0,0
24.12046543463381,150.0,7639.0,23.0,17.0,0.27097787668543,0.20028799581097004,1,30000000,0,0,0,0,0,1,0,0
21.374401095140314,2.0,31.0,0.0,0.0,0.0,0.0,1,500000,0,0,1,0,1,0,0,0
23.994524298425734,98.0,5555.0,6.0,1.0,0.09720972097209721,0.016201620162016202,1,1200000,1,0,0,0,0,0,0,0
23.72621492128679,72.0,3556.0,3.0,2.0,0.07592800899887514,0.05061867266591676,1,1800000,1,0,0,0,1,0,0,0
22.16016427104723,1.0,15.0,0.0,0.0,0.0,0.0,1,600000,0,0,1,0,0,0,1,0
24.629705681040384,119.0,4577.0,16.0,5.0,0.31461656106620056,0.09831767533318768,1,9000000,0,0,1,0,0,0,1,0
21.73305954825462,0.0,0.0,0.0,0.0,0.0,0.0,0,275000,1,0,0,0,0,0,1,0
28.396988364134156,81.0,4507.0,3.0,2.0,0.059906811626359004,0.03993787441757267,1,2000000,0,0,1,0,1,0,0,0
21.472963723477072,3.0,48.0,0.0,0.0,0.0,0.0,1,75000,0,0,1,0,0,0,1,0
21.31416837782341,0.0,0.0,0.0,0.0,0.0,0.0,0,250000,1,0,0,0,0,0,1,0
23.81656399726215,73.0,4092.0,0.0,1.0,0.0,0.021994134897360705,1,1500000,1,0,0,0,1,0,0,0
23.044490075290895,19.0,1546.0,4.0,2.0,0.2328589909443726,0.1164294954721863,1,4000000,1,0,0,0,1,0,0,0
22.98425735797399,31.0,1901.0,1.0,1.0,0.04734350341925302,0.04734350341925302,1,10000000,1,0,0,0,0,0,0,1
26.299794661190965,6.0,487.0,0.0,2.0,0.0,0.3696098562628337,1,1200000,0,0,0,0,0,0,0,0
23.975359342915812,169.0,11178.0,7.0,18.0,0.05636070853462158,0.14492753623188406,1,4000000,0,0,1,0,0,0,1,0
25.125256673511295,21.0,1275.0,2.0,4.0,0.1411764705882353,0.2823529411764706,1,4000000,0,0,0,0,0,0,0,0
19.73990417522245,0.0,0.0,0.0,0.0,0.0,0.0,0,50000,0,1,0,0,0,1,0,0
22.784394250513348,0.0,0.0,0.0,0.0,0.0,0.0,0,150000,0,1,0,0,1,0,0,0
23.26899383983573,0.0,0.0,0.0,0.0,0.0,0.0,0,150000,0,1,0,0,1,0,0,0
21.61533196440794,0.0,0.0,0.0,0.0,0.0,0.0,0,100000,0,1,0,0,1,0,0,0
22.053388090349078,0.0,0.0,0.0,0.0,0.0,0.0,0,100000,0,0,1,0,1,0,0,0
23.770020533880903,102.0,5915.0,10.0,20.0,0.1521555367709214,0.3043110735418428,1,28000000,0,0,0,0,1,0,0,0
21.541409993155373,20.0,303.0,0.0,1.0,0.0,0.297029702970297,1,300000,0,0,0,0,1,0,0,0
24.33949349760438,1.0,90.0,0.0,0.0,0.0,0.0,1,400000,1,0,0,0,0,0,0,0
20.815879534565365,0.0,0.0,0.0,0.0,0.0,0.0,0,150000,1,0,0,0,1,0,0,0
21.16084873374401,0.0,0.0,0.0,0.0,0.0,0.0,0,100000,1,0,0,0,1,0,0,0
22.694045174537987,0.0,0.0,0.0,0.0,0.0,0.0,0,250000,1,0,0,0,0,1,0,0
21.801505817932924,0.0,0.0,0.0,0.0,0.0,0.0,0,250000,0,0,1,0,1,0,0,0
22.379192334017795,1.0,28.0,0.0,0.0,0.0,0.0,1,200000,0,0,1,0,1,0,0,0
22.23134839151266,0.0,0.0,0.0,0.0,0.0,0.0,0,100000,0,0,0,0,0,0,1,0
25.916495550992472,243.0,15141.0,18.0,38.0,0.10699425401228452,0.22587675847037844,1,30000000,0,0,1,0,0,1,0,0
24.451745379876797,139.0,11104.0,4.0,3.0,0.032420749279538905,0.024315561959654182,1,32000000,1,0,0,0,0,1,0,0
21.815195071868583,0.0,0.0,0.0,0.0,0.0,0.0,0,25000,0,1,0,0,0,0,1,0
23.40041067761807,0.0,0.0,0.0,0.0,0.0,0.0,0,25000,0,1,0,0,0,0,1,0
24.659822039698838,74.0,6285.0,3.0,2.0,0.042959427207637235,0.028639618138424822,1,15000000,1,0,0,0,0,0,0,0
26.305270362765228,0.0,0.0,0.0,0.0,0.0,0.0,0,300000,0,1,0,0,0,0,0,0
28.06570841889117,2.0,112.0,0.0,0.0,0.0,0.0,1,150000,0,0,1,0,0,0,0,0
22.32991101984942,3.0,111.0,0.0,0.0,0.0,0.0,1,800000,0,0,0,0,0,0,1,0
21.921971252566735,0.0,0.0,0.0,0.0,0.0,0.0,0,25000,0,0,0,0,0,0,1,0
24.55852156057495,27.0,2353.0,0.0,0.0,0.0,0.0,1,2000000,0,1,0,0,1,0,0,0
22.34633812457221,0.0,0.0,0.0,0.0,0.0,0.0,0,250000,0,0,1,0,0,0,1,0
21.089664613278575,0.0,0.0,0.0,0.0,0.0,0.0,0,25000,1,0,0,0,0,0,1,0
22.206707734428473,1.0,15.0,0.0,0.0,0.0,0.0,1,200000,0,0,1,0,0,0,1,0
26.253251197809718,111.0,9955.0,0.0,0.0,0.0,0.0,1,8000000,0,1,0,0,0,1,0,0
23.690622861054074,7.0,546.0,0.0,0.0,0.0,0.0,1,450000,0,1,0,0,0,0,1,0
21.828884325804243,0.0,0.0,0.0,0.0,0.0,0.0,0,100000,0,0,0,0,0,1,0,0
26.203969883641342,96.0,3422.0,4.0,7.0,0.10520163646990063,0.18410286382232613,1,1000000,0,0,0,0,1,0,0,0
27.09924709103354,9.0,352.0,0.0,0.0,0.0,0.0,1,2500000,1,0,0,0,0,1,0,0
24.407939767282684,57.0,3892.0,1.0,5.0,0.023124357656731757,0.11562178828365878,1,20000000,0,0,1,0,1,0,0,0
26.401095140314855,128.0,9928.0,3.0,8.0,0.02719580983078163,0.072522159548751,1,10000000,0,0,1,0,0,1,0,0
25.83436002737851,235.0,15271.0,59.0,30.0,0.3477178966668849,0.1768057101696025,1,50000000,0,0,0,0,0,1,0,0
22.65571526351814,0.0,0.0,0.0,0.0,0.0,0.0,0,150000,0,0,0,0,1,0,0,0
24.72826830937714,72.0,6405.0,0.0,0.0,0.0,0.0,1,3000000,0,1,0,0,0,0,1,0
21.138945927446954,1.0,90.0,0.0,0.0,0.0,0.0,1,150000,0,0,1,0,0,0,1,0
21.409993155373034,4.0,42.0,0.0,0.0,0.0,0.0,1,600000,0,0,1,0,0,0,1,0
24.199863107460644,155.0,7398.0,7.0,9.0,0.08515815085158152,0.10948905109489052,1,12000000,0,0,1,0,0,0,1,0
25.117043121149898,83.0,5508.0,1.0,2.0,0.016339869281045753,0.032679738562091505,1,1200000,0,0,1,0,0,0,1,0
22.71047227926078,0.0,0.0,0.0,0.0,0.0,0.0,0,100000,0,0,1,0,0,1,0,0
25.39356605065024,95.0,4076.0,12.0,7.0,0.2649656526005888,0.15456329735034346,1,1500000,0,0,0,0,0,0,0,1
24.358658453114305,15.0,1127.0,0.0,1.0,0.0,0.07985803016858918,1,600000,1,0,0,0,1,0,0,0
25.32785763175907,125.0,6002.0,9.0,13.0,0.13495501499500168,0.19493502165944684,1,3500000,0,0,0,0,0,0,1,0
25.642710472279262,78.0,5848.0,3.0,6.0,0.04616963064295486,0.09233926128590972,1,12000000,1,0,0,0,0,0,0,0
20.78028747433265,8.0,115.0,0.0,2.0,0.0,0.0,1,600000,0,0,0,0,0,0,1,0
22.48596851471595,0.0,0.0,0.0,0.0,0.0,0.0,0,175000,1,0,0,0,0,1,0,0
26.491444216290212,195.0,16142.0,10.0,3.0,0.0557551728410358,0.016726551852310742,1,12000000,1,0,0,0,0,0,0,1
20.9637234770705,0.0,0.0,0.0,0.0,0.0,0.0,0,50000,0,1,0,0,0,0,0,1
20.725530458590008,1.0,12.0,0.0,0.0,0.0,0.0,1,175000,0,0,0,0,0,0,1,0
21.155373032169745,0.0,0.0,0.0,0.0,0.0,0.0,0,175000,1,0,0,0,0,0,1,0
22.767967145790553,1.0,4.0,0.0,0.0,0.0,0.0,1,350000,0,0,0,0,0,0,1,0
23.197809719370294,101.0,4964.0,7.0,7.0,0.12691377921031427,0.12691377921031427,1,2500000,0,0,1,0,0,1,0,0
25.987679671457904,131.0,11241.0,4.0,1.0,0.03202562049639712,0.00800640512409928,1,14000000,1,0,0,0,0,0,1,0
21.82340862422998,0.0,0.0,0.0,0.0,0.0,0.0,0,1800000,1,0,0,0,0,1,0,0
24.62696783025325,32.0,2050.0,9.0,1.0,0.3951219512195122,0.04390243902439024,1,1000000,0,0,0,0,0,1,0,0
24.432580424366872,0.0,0.0,0.0,0.0,0.0,0.0,0,800000,0,1,0,0,0,0,0,0
20.695414099931554,1.0,7.0,0.0,0.0,0.0,0.0,1,600000,0,0,1,0,0,1,0,0
22.12457221081451,6.0,77.0,0.0,0.0,0.0,0.0,1,500000,0,0,0,0,0,1,0,0
22.146475017111566,0.0,0.0,0.0,0.0,0.0,0.0,0,200000,0,0,1,0,0,0,1,0
25.54962354551677,139.0,8946.0,5.0,7.0,0.05030181086519114,0.07042253521126761,1,6000000,1,0,0,0,0,0,1,0
24.876112251882272,186.0,11326.0,24.0,41.0,0.1907116369415504,0.3257990464418153,1,40000000,0,0,0,0,0,0,0,0
22.50239561943874,0.0,0.0,0.0,0.0,0.0,0.0,0,25000,0,1,0,0,0,0,0,0
22.76249144421629,0.0,0.0,0.0,0.0,0.0,0.0,0,100000,0,0,1,0,0,0,0,0
24.2217659137577,50.0,3252.0,4.0,5.0,0.11070110701107011,0.13837638376383765,1,6000000,0,0,0,0,0,0,0,0
22.976043805612594,73.0,5471.0,3.0,2.0,0.049351124108938035,0.03290074940595869,1,25000000,1,0,0,0,1,0,0,0
24.210814510609172,4.0,311.0,0.0,0.0,0.0,0.0,1,300000,0,1,0,0,1,0,0,0
22.075290896646134,38.0,3030.0,1.0,0.0,0.0297029702970297,0.0,1,12000000,1,0,0,0,0,1,0,0
20.594113620807665,0.0,0.0,0.0,0.0,0.0,0.0,0,50000,0,0,0,0,0,0,0,0
26.031485284052017,2.0,180.0,0.0,0.0,0.0,0.0,1,200000,0,1,0,0,0,0,0,0
25.49486652977413,78.0,3309.0,14.0,4.0,0.38077969174977333,0.10879419764279238,1,7000000,0,0,0,0,0,1,0,0
20.88432580424367,0.0,0.0,0.0,0.0,0.0,0.0,0,125000,0,0,1,0,0,0,0,1
23.38945927446954,82.0,4778.0,5.0,8.0,0.09418166596902469,0.15069066555043953,1,4000000,0,0,1,0,0,0,0,0
23.307323750855577,0.0,0.0,0.0,0.0,0.0,0.0,0,800000,0,1,0,0,0,0,0,0
25.946611909650922,2.0,180.0,0.0,0.0,0.0,0.0,1,200000,0,1,0,0,1,0,0,0
23.49075975359343,7.0,630.0,0.0,0.0,0.0,0.0,1,3000000,0,1,0,0,0,0,0,1
23.824777549623544,2.0,105.0,0.0,1.0,0.0,0.0,1,550000,0,0,0,0,0,0,1,0
24.290212183436,137.0,5900.0,13.0,6.0,0.1983050847457627,0.09152542372881356,1,7000000,0,0,0,0,0,0,1,0
24.344969199178646,175.0,9477.0,5.0,15.0,0.047483380816714146,0.14245014245014245,1,20000000,0,0,1,0,0,0,1,0
22.46132785763176,28.0,1769.0,2.0,3.0,0.10175240248728094,0.15262860373092144,1,2800000,1,0,0,0,0,0,1,0
21.1088295687885,0.0,0.0,0.0,0.0,0.0,0.0,0,50000,0,0,1,0,0,0,1,0
24.947296372347708,215.0,10395.0,74.0,23.0,0.6406926406926408,0.1991341991341991,1,30000000,0,0,0,0,1,0,0,0
26.65571526351814,68.0,3365.0,16.0,4.0,0.4279346210995542,0.10698365527488855,1,4000000,0,0,0,0,0,0,0,1
25.218343600273784,43.0,2567.0,0.0,0.0,0.0,0.0,1,1000000,0,0,1,0,1,0,0,0
21.806981519507186,27.0,2255.0,2.0,4.0,0.07982261640798226,0.15964523281596452,1,1250000,1,0,0,0,0,1,0,0
25.13347022587269,4.0,315.0,0.0,0.0,0.0,0.0,1,500000,0,1,0,0,0,0,0,0
28.974674880219027,177.0,12266.0,24.0,20.0,0.17609652698516223,0.14674710582096853,1,10000000,0,0,0,0,1,0,0,0
23.838466803559207,122.0,5583.0,25.0,14.0,0.40300913487372386,0.2256851155292853,1,10000000,0,0,0,0,0,0,0,1
23.79192334017796,51.0,4518.0,0.0,0.0,0.0,0.0,1,5000000,0,1,0,0,0,0,1,0
28.06297056810404,261.0,18284.0,8.0,17.0,0.039378691752351785,0.08367971997374754,1,7000000,0,0,1,0,0,0,0,0
30.537987679671456,79.0,3755.0,0.0,4.0,0.0,0.09587217043941411,1,1400000,0,0,1,0,0,0,1,0
21.360711841204655,0.0,0.0,0.0,0.0,0.0,0.0,0,100000,1,0,0,0,0,0,1,0
25.111567419575632,142.0,8970.0,72.0,20.0,0.7224080267558528,0.20066889632107024,1,18000000,0,0,0,0,0,0,1,0
20.59958932238193,1.0,90.0,0.0,0.0,0.0,0.0,1,1500000,0,1,0,0,0,0,0,1
24.303901437371664,61.0,2450.0,10.0,2.0,0.3673469387755102,0.07346938775510205,1,17000000,0,0,0,0,0,0,0,1
20.95277207392197,0.0,0.0,0.0,0.0,0.0,0.0,0,75000,0,0,1,0,0,0,1,0
21.207392197125255,0.0,0.0,0.0,0.0,0.0,0.0,0,800000,0,0,0,0,0,0,1,0
24.449007529089666,1.0,3.0,0.0,0.0,0.0,0.0,1,25000,0,0,1,0,0,0,0,0
26.72142368240931,290.0,22672.0,26.0,47.0,0.10321100917431193,0.18657374735356388,1,35000000,1,0,0,0,0,1,0,0
22.417522245037645,0.0,0.0,0.0,0.0,0.0,0.0,0,50000,1,0,0,0,0,0,1,0
21.048596851471594,0.0,0.0,0.0,0.0,0.0,0.0,0,300000,0,0,1,0,0,1,0,0
21.71937029431896,0.0,0.0,0.0,0.0,0.0,0.0,0,300000,1,0,0,0,0,1,0,0
20.829568788501028,1.0,1.0,0.0,0.0,0.0,0.0,1,150000,1,0,0,0,0,0,0,1
20.815879534565365,0.0,0.0,0.0,0.0,0.0,0.0,0,75000,0,0,1,0,0,0,1,0
20.804928131416837,0.0,0.0,0.0,0.0,0.0,0.0,0,75000,0,0,1,0,0,0,1,0
21.232032854209447,0.0,0.0,0.0,0.0,0.0,0.0,0,200000,0,0,1,0,0,0,1,0
20.18069815195072,0.0,0.0,0.0,0.0,0.0,0.0,0,300000,0,0,1,0,0,0,1,0
27.88227241615332,163.0,10776.0,29.0,19.0,0.24220489977728285,0.1586859688195991,1,4000000,0,0,1,0,0,1,0,0
24.380561259411362,3.0,106.0,0.0,0.0,0.0,0.0,1,1500000,0,0,1,0,0,0,1,0
23.028062970568104,153.0,9476.0,22.0,28.0,0.20894892359645423,0.26593499366821444,1,9000000,0,0,1,0,0,0,0,0
25.26488706365503,78.0,5521.0,2.0,4.0,0.03260278934975548,0.06520557869951096,1,3500000,1,0,0,0,0,0,0,0
22.33538672142368,0.0,0.0,0.0,0.0,0.0,0.0,0,150000,0,1,0,0,0,0,1,0
27.71252566735113,82.0,4826.0,4.0,5.0,0.07459593866556154,0.09324492333195193,1,5000000,0,0,1,0,0,0,1,0
21.78507871321013,1.0,27.0,0.0,0.0,0.0,0.0,1,100000,1,0,0,0,0,0,1,0
23.512662559890487,170.0,12652.0,10.0,12.0,0.07113499841922226,0.0853619981030667,1,30000000,1,0,0,0,0,1,0,0
25.347022587268995,0.0,0.0,0.0,0.0,0.0,0.0,0,175000,1,0,0,0,1,0,0,0
25.114305270362767,3.0,140.0,0.0,0.0,0.0,0.0,1,125000,1,0,0,0,1,0,0,0
28.369609856262834,33.0,2970.0,1.0,1.0,0.030303030303030304,0.030303030303030304,1,500000,1,0,0,0,1,0,0,0
29.582477754962355,20.0,1093.0,1.0,2.0,0.08234217749313816,0.16468435498627632,1,2000000,0,0,0,0,0,0,0,0
22.46132785763176,0.0,0.0,0.0,0.0,0.0,0.0,0,200000,0,0,1,0,0,0,1,0
25.6290212183436,22.0,1225.0,1.0,0.0,0.07346938775510205,0.0,1,1500000,0,0,1,0,0,0,0,0
25.27857631759069,252.0,13226.0,26.0,30.0,0.1769242401330712,0.20414335399969755,1,28000000,0,0,1,0,1,0,0,0
23.359342915811087,202.0,12782.0,11.0,18.0,0.0774526678141136,0.1267407291503677,1,8500000,1,0,0,0,0,0,1,0
25.12251882272416,136.0,11559.0,11.0,6.0,0.08564754736568908,0.046716844017648584,1,50000000,1,0,0,0,0,1,0,0
18.521560574948666,0.0,0.0,0.0,0.0,0.0,0.0,0,150000,1,0,0,0,1,0,0,0
21.631759069130734,37.0,536.0,1.0,5.0,0.16791044776119401,0.8395522388059701,1,1000000,0,0,0,0,1,0,0,0
23.838466803559207,111.0,3833.0,12.0,8.0,0.2817636316201409,0.1878424210800939,1,4000000,0,0,0,0,1,0,0,0
24.043805612594113,149.0,10709.0,5.0,16.0,0.04202073022691195,0.1344663367261182,1,15000000,1,0,0,0,1,0,0,0
22.239561943874058,83.0,4133.0,6.0,3.0,0.13065569804016453,0.06532784902008226,1,2000000,0,0,0,0,1,0,0,0
27.720739219712527,97.0,7904.0,4.0,12.0,0.04554655870445344,0.13663967611336034,1,3000000,1,0,0,0,1,0,0,0
22.89664613278576,6.0,38.0,0.0,0.0,0.0,0.0,1,250000,0,0,0,0,1,0,0,0
24.490075290896645,5.0,338.0,0.0,0.0,0.0,0.0,1,1200000,1,0,0,0,0,1,0,0
23.759069130732374,69.0,2133.0,8.0,2.0,0.3375527426160338,0.08438818565400845,1,8000000,0,0,1,0,0,1,0,0
23.32375085557837,106.0,6429.0,31.0,7.0,0.43397106859542695,0.09799346710219319,1,25000000,0,0,0,0,1,0,0,0
22.171115674195757,0.0,0.0,0.0,0.0,0.0,0.0,0,350000,0,0,1,0,0,1,0,0
25.026694045174537,40.0,1577.0,3.0,6.0,0.17121116043119847,0.34242232086239693,1,15000000,0,0,0,0,0,1,0,0
22.469541409993155,1.0,45.0,0.0,0.0,0.0,0.0,1,350000,1,0,0,0,0,1,0,0
22.45037645448323,1.0,37.0,0.0,0.0,0.0,0.0,1,200000,1,0,0,0,0,1,0,0
27.238877481177276,80.0,6244.0,0.0,3.0,0.0,0.043241511851377326,1,3500000,1,0,0,0,0,0,0,0
28.49555099247091,131.0,5412.0,11.0,3.0,0.1829268292682927,0.04988913525498891,1,1000000,0,0,1,0,0,0,0,0
26.688569472963724,189.0,12507.0,13.0,16.0,0.09354761333653154,0.11513552410650035,1,12000000,0,0,1,0,1,0,0,0
27.137577002053387,16.0,757.0,1.0,0.0,0.11889035667107001,0.0,1,4000000,0,0,1,0,0,1,0,0
29.377138945927445,21.0,905.0,1.0,2.0,0.0994475138121547,0.1988950276243094,1,1500000,0,0,0,0,0,0,0,0
30.10814510609172,87.0,3146.0,6.0,5.0,0.17164653528289892,0.14303877940241577,1,900000,0,0,0,0,1,0,0,0
21.30321697467488,0.0,0.0,0.0,0.0,0.0,0.0,0,100000,0,0,1,0,0,0,1,0
21.70841889117043,1.0,53.0,0.0,0.0,0.0,0.0,1,200000,0,0,1,0,0,1,0,0
25.086926762491444,91.0,8139.0,0.0,0.0,0.0,0.0,1,45000000,0,1,0,0,0,0,0,0
22.62012320328542,0.0,0.0,0.0,0.0,0.0,0.0,0,50000,1,0,0,0,0,0,0,0
20.536618754277892,0.0,0.0,0.0,0.0,0.0,0.0,0,75000,1,0,0,0,0,0,1,0
23.227926078028748,0.0,0.0,0.0,0.0,0.0,0.0,0,300000,0,1,0,0,0,0,0,0
22.38466803559206,3.0,155.0,1.0,1.0,0.0,0.0,1,300000,0,0,0,0,0,0,0,0
24.410677618069816,0.0,0.0,0.0,0.0,0.0,0.0,0,200000,0,0,0,0,1,0,0,0
23.08829568788501,102.0,4851.0,5.0,5.0,0.09276437847866419,0.09276437847866419,1,5000000,0,0,1,0,0,0,1,0
22.023271731690624,0.0,0.0,0.0,0.0,0.0,0.0,0,150000,0,1,0,0,1,0,0,0
25.752224503764545,0.0,0.0,0.0,0.0,0.0,0.0,0,600000,1,0,0,0,1,0,0,0
23.78097193702943,3.0,85.0,0.0,0.0,0.0,0.0,1,200000,0,0,1,0,0,1,0,0
21.34428473648186,0.0,0.0,0.0,0.0,0.0,0.0,0,175000,0,0,1,0,0,0,1,0
22.305270362765228,0.0,0.0,0.0,0.0,0.0,0.0,0,125000,0,0,1,0,0,0,1,0
21.409993155373034,1.0,1.0,0.0,0.0,0.0,0.0,1,125000,1,0,0,0,0,0,1,0
22.976043805612594,0.0,0.0,0.0,0.0,0.0,0.0,0,100000,1,0,0,0,1,0,0,0
25.913757700205338,48.0,4320.0,0.0,0.0,0.0,0.0,1,6000000,0,1,0,0,0,0,0,0
24.147843942505133,126.0,6387.0,16.0,6.0,0.22545796148426492,0.08454673555659935,1,6000000,0,0,0,0,0,0,0,0
21.51403148528405,0.0,0.0,0.0,0.0,0.0,0.0,0,100000,0,1,0,0,1,0,0,0
26.261464750171115,0.0,0.0,0.0,0.0,0.0,0.0,0,200000,0,0,0,0,0,0,0,0
27.123887748117728,158.0,13247.0,4.0,3.0,0.02717596436929116,0.02038197327696837,1,10000000,1,0,0,0,1,0,0,0
25.859000684462696,103.0,6308.0,3.0,6.0,0.04280279010779962,0.08560558021559923,1,7000000,0,0,1,0,0,0,1,0
23.446954140999317,136.0,10332.0,1.0,11.0,0.008710801393728223,0.09581881533101046,1,9000000,1,0,0,0,0,1,0,0
21.598904859685145,0.0,0.0,0.0,0.0,0.0,0.0,0,250000,0,0,1,0,0,0,1,0
27.312799452429843,304.0,25252.0,22.0,9.0,0.07840963092032315,0.03207666719467765,1,35000000,1,0,0,0,0,0,0,1
27.211498973305954,170.0,10767.0,21.0,10.0,0.17553636110337142,0.08358874338255781,1,12000000,0,0,1,0,0,0,1,0
23.143052703627653,0.0,0.0,0.0,0.0,0.0,0.0,0,75000,0,1,0,0,0,0,1,0
21.13347022587269,1.0,7.0,0.0,0.0,0.0,0.0,1,800000,0,0,0,0,0,0,1,0
23.79192334017796,122.0,11040.0,0.0,1.0,0.0,0.008152173913043478,1,40000000,0,1,0,0,0,1,0,0
22.220396988364133,0.0,0.0,0.0,0.0,0.0,0.0,0,75000,0,0,0,0,0,1,0,0
21.804243668720055,1.0,90.0,0.0,0.0,0.0,0.0,1,200000,0,0,1,0,0,1,0,0
23.10198494182067,149.0,9366.0,36.0,22.0,0.3459320948110186,0.2114029468289558,1,20000000,0,0,0,0,0,0,0,1
20.711841204654345,0.0,0.0,0.0,0.0,0.0,0.0,0,250000,1,0,0,0,0,1,0,0
23.310061601642712,91.0,4362.0,25.0,9.0,0.515818431911967,0.18569463548830809,1,15000000,0,0,0,0,1,0,0,0
23.16495550992471,149.0,6786.0,15.0,15.0,0.19893899204244034,0.19893899204244034,1,20000000,0,0,1,0,0,1,0,0
27.329226557152634,16.0,1215.0,0.0,0.0,0.0,0.0,1,2500000,1,0,0,0,1,0,0,0
24.186173853524984,1.0,19.0,1.0,0.0,0.0,0.0,1,2000000,0,0,0,0,0,0,0,0
22.636550308008214,0.0,0.0,0.0,0.0,0.0,0.0,0,50000,1,0,0,0,1,0,0,0
22.26694045174538,0.0,0.0,0.0,0.0,0.0,0.0,0,250000,0,0,1,0,0,1,0,0
29.82067077344285,60.0,5075.0,6.0,5.0,0.1064039408866995,0.08866995073891625,1,1000000,0,0,1,0,0,0,0,0
26.064339493497606,10.0,249.0,0.0,0.0,0.0,0.0,1,700000,0,0,1,0,0,0,1,0
24.216290212183434,86.0,5599.0,3.0,4.0,0.04822289694588319,0.06429719592784426,1,6000000,0,0,1,0,0,0,1,0
23.55373032169747,0.0,0.0,0.0,0.0,0.0,0.0,0,100000,0,1,0,0,0,0,0,0
20.684462696783026,0.0,0.0,0.0,0.0,0.0,0.0,0,50000,0,0,1,0,0,0,0,0
24.45448323066393,194.0,13395.0,58.0,78.0,0.38969764837625975,0.5240761478163494,1,150000000,0,0,0,0,0,0,0,1
23.64681724845996,44.0,3960.0,0.0,0.0,0.0,0.0,1,25000000,0,1,0,0,0,1,0,0
21.297741273100616,0.0,0.0,0.0,0.0,0.0,0.0,0,500000,1,0,0,0,0,1,0,0
20.553045859000683,0.0,0.0,0.0,0.0,0.0,0.0,0,200000,0,0,0,0,0,1,0,0
23.11841204654346,174.0,12909.0,49.0,42.0,0.34162212409946546,0.2928189635138276,1,40000000,0,0,1,0,0,0,0,1
20.501026694045173,1.0,11.0,0.0,0.0,0.0,0.0,1,450000,0,0,0,0,0,0,1,0
24.030116358658454,147.0,10631.0,4.0,12.0,0.03386323017590066,0.101589690527702,1,4500000,1,0,0,0,0,0,1,0
20.681724845995895,0.0,0.0,0.0,0.0,0.0,0.0,0,350000,1,0,0,0,0,0,1,0
21.363449691991786,0.0,0.0,0.0,0.0,0.0,0.0,0,100000,0,0,1,0,0,0,1,0
20.58590006844627,0.0,0.0,0.0,0.0,0.0,0.0,0,1300000,0,1,0,0,0,0,1,0
20.539356605065024,0.0,0.0,0.0,0.0,0.0,0.0,0,1400000,0,0,1,0,0,0,1,0
20.216290212183434,0.0,0.0,0.0,0.0,0.0,0.0,0,300000,0,0,1,0,0,0,1,0
21.232032854209447,0.0,0.0,0.0,0.0,0.0,0.0,0,500000,1,0,0,0,0,0,1,0
23.241615331964407,0.0,0.0,0.0,0.0,0.0,0.0,0,150000,0,1,0,0,0,0,0,0
23.572895277207394,143.0,8891.0,6.0,14.0,0.06073557530086604,0.14171634236868744,1,75000000,0,0,1,0,0,1,0,0
23.104722792607802,16.0,538.0,0.0,0.0,0.0,0.0,1,1800000,1,0,0,0,0,1,0,0
23.520876112251884,30.0,805.0,2.0,1.0,0.2236024844720497,0.11180124223602485,1,5000000,0,0,0,0,0,0,1,0
24.15879534565366,10.0,530.0,0.0,1.0,0.0,0.16981132075471697,1,6000000,1,0,0,0,0,1,0,0
20.38877481177276,0.0,0.0,0.0,0.0,0.0,0.0,0,300000,0,0,0,0,0,1,0,0
21.333333333333332,0.0,0.0,0.0,0.0,0.0,0.0,0,50000,0,0,1,0,0,0,1,0
21.475701574264203,1.0,16.0,0.0,0.0,0.0,0.0,1,800000,0,0,0,0,0,0,0,0
21.196440793976727,1.0,21.0,0.0,1.0,0.0,0.0,1,150000,0,0,1,0,0,0,0,0
21.7741273100616,0.0,0.0,0.0,0.0,0.0,0.0,0,600000,0,0,1,0,0,0,0,0
23.619438740588638,200.0,11470.0,26.0,25.0,0.2040104620749782,0.19616390584132518,1,30000000,0,0,0,0,0,0,0,0
24.197125256673512,121.0,7766.0,1.0,4.0,0.011588977594643318,0.04635591037857327,1,5000000,1,0,0,0,0,0,0,0
24.076659822039698,159.0,10953.0,59.0,31.0,0.4847986852917009,0.25472473294987674,1,100000000,0,0,1,0,0,1,0,0
21.357973990417523,0.0,0.0,0.0,0.0,0.0,0.0,0,100000,0,1,0,0,0,0,0,0
23.76454483230664,88.0,5811.0,1.0,5.0,0.015487867836861126,0.07743933918430562,1,7000000,1,0,0,0,0,0,1,0
24.32854209445585,92.0,6190.0,2.0,1.0,0.029079159935379646,0.014539579967689823,1,16000000,1,0,0,0,0,1,0,0
23.93702943189596,27.0,2419.0,0.0,0.0,0.0,0.0,1,2500000,0,1,0,0,0,0,1,0
23.718001368925393,193.0,11226.0,14.0,14.0,0.11223944414751469,0.11223944414751469,1,30000000,0,0,1,0,0,1,0,0
23.42778918548939,0.0,0.0,0.0,0.0,0.0,0.0,0,200000,0,0,0,0,1,0,0,0
27.247091033538673,44.0,2367.0,3.0,3.0,0.11406844106463877,0.11406844106463877,1,3000000,0,0,0,0,1,0,0,0
25.639972621492127,70.0,5089.0,13.0,9.0,0.22990764393790528,0.15916683041854982,1,8000000,0,0,0,0,1,0,0,0
28.21902806297057,26.0,1465.0,3.0,2.0,0.18430034129692832,0.12286689419795221,1,200000,0,0,0,0,1,0,0,0
29.08145106091718,8.0,707.0,0.0,0.0,0.0,0.0,1,600000,0,1,0,0,1,0,0,0
28.281998631074607,36.0,2119.0,1.0,6.0,0.04247286455875413,0.2548371873525248,1,3000000,0,0,1,0,0,0,0,0
21.35523613963039,55.0,2249.0,1.0,4.0,0.040017785682525564,0.16007114273010226,1,5000000,0,0,1,0,0,0,0,1
23.27173169062286,56.0,1637.0,4.0,3.0,0.21991447770311545,0.1649358582773366,1,2500000,0,0,0,0,0,0,0,1
26.480492813141684,104.0,7106.0,21.0,16.0,0.2659724176752041,0.20264565156206021,1,10000000,0,0,0,0,1,0,0,0
21.31416837782341,1.0,90.0,0.0,0.0,0.0,0.0,1,150000,0,1,0,0,0,0,0,1
21.38261464750171,0.0,0.0,0.0,0.0,0.0,0.0,0,100000,0,0,1,0,1,0,0,0
22.34633812457221,1.0,9.0,0.0,0.0,0.0,0.0,1,150000,1,0,0,0,1,0,0,0
24.032854209445585,108.0,7340.0,3.0,4.0,0.03678474114441417,0.04904632152588556,1,22000000,1,0,0,0,0,0,0,1
24.317590691307323,145.0,9833.0,2.0,8.0,0.01830570527814502,0.07322282111258008,1,15000000,0,0,1,0,0,0,0,0
25.930184804928132,115.0,8557.0,5.0,11.0,0.05258852401542597,0.11569475283393713,1,6000000,1,0,0,0,0,0,0,1
23.356605065023956,29.0,2076.0,1.0,0.0,0.04335260115606936,0.0,1,1500000,1,0,0,0,1,0,0,0
25.976728268309376,201.0,11195.0,31.0,21.0,0.2492184010719071,0.1688253684680661,1,15000000,0,0,0,0,1,0,0,0
23.512662559890487,63.0,3916.0,4.0,6.0,0.09193054136874362,0.1378958120531154,1,3500000,0,0,1,0,1,0,0,0
23.854893908281998,20.0,904.0,0.0,1.0,0.0,0.09955752212389381,1,2000000,0,0,1,0,0,0,0,1
27.381245722108144,283.0,21496.0,13.0,29.0,0.05442873092668403,0.12141793822106439,1,23000000,0,0,1,0,0,0,1,0
24.11772758384668,96.0,5158.0,30.0,13.0,0.5234587049243893,0.22683210546723534,1,6000000,0,0,0,0,0,1,0,0
25.683778234086244,41.0,1324.0,3.0,3.0,0.20392749244712993,0.20392749244712993,1,1000000,0,0,1,0,0,0,0,0
22.885694729637233,0.0,0.0,0.0,0.0,0.0,0.0,0,200000,0,0,1,0,0,0,0,0
23.756331279945243,33.0,1815.0,0.0,1.0,0.0,0.04958677685950413,1,3800000,1,0,0,0,0,0,1,0
24.67624914442163,0.0,0.0,0.0,0.0,0.0,0.0,0,50000,0,1,0,0,0,0,0,0
23.600273785078713,24.0,1980.0,0.0,0.0,0.0,0.0,1,900000,1,0,0,0,0,0,0,1
22.171115674195757,76.0,2941.0,4.0,4.0,0.12240734444066645,0.12240734444066645,1,6000000,0,0,0,0,0,0,0,0
20.410677618069816,1.0,16.0,0.0,0.0,0.0,0.0,1,300000,0,0,1,0,0,1,0,0
21.09514031485284,0.0,0.0,0.0,0.0,0.0,0.0,0,500000,0,0,0,0,0,1,0,0
26.11088295687885,231.0,13517.0,48.0,19.0,0.31959754383369093,0.126507361100836,1,25000000,0,0,1,0,0,0,0,0
23.537303216974674,5.0,283.0,0.0,1.0,0.0,0.31802120141342755,1,200000,0,0,1,0,0,0,0,0
20.531143052703626,1.0,1.0,0.0,0.0,0.0,0.0,1,350000,0,0,0,0,0,0,0,1
25.779603011635867,46.0,2846.0,0.0,2.0,0.0,0.06324666198172874,1,3500000,1,0,0,0,0,0,1,0
24.684462696783026,1.0,45.0,0.0,1.0,0.0,0.0,1,900000,1,0,0,0,0,0,0,1
22.46406570841889,137.0,9161.0,8.0,6.0,0.07859403995197031,0.05894552996397773,1,38000000,1,0,0,0,0,0,1,0
22.819986310746064,125.0,5768.0,6.0,11.0,0.09361997226074896,0.1716366158113731,1,15000000,0,0,1,0,0,0,1,0
24.72826830937714,116.0,4698.0,15.0,8.0,0.2873563218390805,0.15325670498084293,1,5000000,0,0,0,0,0,1,0,0
21.472963723477072,0.0,0.0,0.0,0.0,0.0,0.0,0,175000,1,0,0,0,0,1,0,0
25.727583846680357,123.0,6474.0,28.0,7.0,0.38924930491195553,0.09731232622798888,1,20000000,0,0,0,0,0,0,1,0
24.684462696783026,100.0,7577.0,5.0,3.0,0.05939025999736043,0.03563415599841626,1,5000000,1,0,0,0,1,0,0,0
23.274469541409992,0.0,0.0,0.0,0.0,0.0,0.0,0,175000,0,0,1,0,0,0,1,0
19.665982203969882,0.0,0.0,0.0,0.0,0.0,0.0,0,150000,0,1,0,0,0,0,0,1
20.62422997946612,54.0,2006.0,9.0,2.0,0.40378863409770693,0.08973080757726819,1,700000,0,0,0,0,0,0,0,1
26.56810403832991,218.0,12752.0,48.0,18.0,0.33877038895859474,0.12703889585947303,1,12000000,0,0,0,0,0,0,0,0
20.27104722792608,0.0,0.0,0.0,0.0,0.0,0.0,0,200000,0,0,0,0,0,0,0,1
23.21697467488022,11.0,242.0,1.0,2.0,0.0,0.0,1,150000,0,0,0,0,0,0,0,0
21.00205338809035,0.0,0.0,0.0,0.0,0.0,0.0,0,25000,0,1,0,0,0,0,1,0
20.895277207392198,8.0,69.0,0.0,0.0,0.0,0.0,1,700000,0,0,0,0,0,0,0,1
22.302532511978097,0.0,0.0,0.0,0.0,0.0,0.0,0,200000,1,0,0,0,0,0,0,1
22.781656399726216,0.0,0.0,0.0,0.0,0.0,0.0,0,150000,1,0,0,0,0,0,0,1
22.86652977412731,22.0,194.0,2.0,1.0,0.0,0.0,1,600000,0,0,0,0,0,0,0,1
21.366187542778917,0.0,0.0,0.0,0.0,0.0,0.0,0,225000,0,1,0,0,0,0,0,1
23.926078028747433,141.0,7740.0,26.0,24.0,0.3023255813953488,0.27906976744186046,1,3000000,0,0,0,0,1,0,0,0
20.969199178644764,1.0,1.0,0.0,0.0,0.0,0.0,1,1000000,0,0,0,0,0,0,0,1
25.013004791238878,85.0,6951.0,8.0,4.0,0.10358221838584376,0.05179110919292188,1,40000000,1,0,0,0,0,0,1,0
21.347022587268995,0.0,0.0,0.0,0.0,0.0,0.0,0,100000,0,0,0,0,0,0,1,0
18.713210130047912,1.0,25.0,0.0,0.0,0.0,0.0,1,150000,0,0,1,0,0,1,0,0
25.848049281314168,1.0,3.0,0.0,0.0,0.0,0.0,1,400000,0,0,0,0,1,0,0,0
23.003422313483917,0.0,0.0,0.0,0.0,0.0,0.0,0,100000,0,1,0,0,0,0,0,0
21.190965092402465,41.0,1276.0,3.0,1.0,0.21159874608150472,0.07053291536050156,1,1500000,0,0,0,0,1,0,0,0
27.345653661875428,192.0,14449.0,5.0,3.0,0.03114402380787598,0.018686414284725585,1,18000000,1,0,0,0,1,0,0,0
26.34360027378508,207.0,13342.0,84.0,35.0,0.5666316894018888,0.23609653725078697,1,100000000,0,0,0,0,0,0,0,0
25.1088295687885,60.0,2914.0,6.0,7.0,0.18531228551818807,0.21619766643788607,1,15000000,0,0,0,0,0,0,0,0
23.55920602327173,49.0,4224.0,0.0,0.0,0.0,0.0,1,1500000,0,1,0,0,1,0,0,0
25.984941820670773,161.0,13190.0,5.0,7.0,0.03411675511751327,0.04776345716451857,1,45000000,1,0,0,0,0,1,0,0
24.407939767282684,0.0,0.0,0.0,0.0,0.0,0.0,0,150000,0,1,0,0,0,0,0,0
24.99110198494182,210.0,14720.0,11.0,26.0,0.0672554347826087,0.15896739130434784,1,40000000,1,0,0,0,0,1,0,0
23.60848733744011,136.0,7943.0,38.0,20.0,0.43056779554324565,0.22661462923328718,1,40000000,0,0,0,0,0,0,0,1
27.9315537303217,34.0,2507.0,9.0,1.0,0.32309533306741123,0.035899481451934584,1,4000000,0,0,0,0,0,0,0,0
25.02943189596167,57.0,2908.0,3.0,3.0,0.09284731774415404,0.09284731774415404,1,8000000,1,0,0,0,1,0,0,0
26.182067077344286,152.0,11529.0,5.0,5.0,0.039032006245121,0.039032006245121,1,28000000,1,0,0,0,0,1,0,0
24.73100616016427,0.0,0.0,0.0,0.0,0.0,0.0,0,400000,0,0,0,0,1,0,0,0
21.242984257357975,1.0,4.0,0.0,0.0,0.0,0.0,1,100000,0,0,1,0,0,0,1,0
25.10335386721424,17.0,732.0,3.0,0.0,0.36885245901639346,0.0,1,4000000,0,0,0,0,1,0,0,0
24.28473648186174,175.0,12326.0,9.0,18.0,0.06571474931040078,0.13142949862080155,1,22000000,1,0,0,0,0,0,0,1
24.10677618069815,28.0,2153.0,2.0,4.0,0.08360427310729215,0.1672085462145843,1,1800000,0,0,1,0,0,1,0,0
20.840520191649556,0.0,0.0,0.0,0.0,0.0,0.0,0,200000,1,0,0,0,0,0,1,0
23.025325119780973,32.0,2583.0,1.0,2.0,0.03484320557491289,0.06968641114982578,1,25000000,1,0,0,0,0,0,0,1
23.17864476386037,52.0,2669.0,6.0,9.0,0.20232296740352193,0.3034844511052829,1,8000000,0,0,1,0,0,0,0,1
20.473648186173854,0.0,0.0,0.0,0.0,0.0,0.0,0,100000,0,1,0,0,0,0,1,0
24.043805612594113,55.0,3564.0,16.0,7.0,0.4040404040404041,0.1767676767676768,1,15000000,0,0,0,0,1,0,0,0
27.482546201232033,175.0,12333.0,29.0,29.0,0.21162734127949404,0.21162734127949404,1,19000000,0,0,0,0,0,0,1,0
21.05133470225873,11.0,925.0,0.0,1.0,0.0,0.0972972972972973,1,275000,1,0,0,0,0,1,0,0
23.247091033538673,230.0,13261.0,69.0,45.0,0.4682904758313853,0.3054068320639469,1,100000000,0,0,1,0,0,0,0,1
20.621492128678987,0.0,0.0,0.0,0.0,0.0,0.0,0,75000,0,0,0,0,0,0,0,1
23.279945242984258,44.0,2617.0,10.0,6.0,0.3439052350019106,0.20634314100114634,1,30000000,0,0,1,0,0,0,1,0
25.404517453798768,121.0,7905.0,2.0,3.0,0.022770398481973438,0.03415559772296015,1,5000000,1,0,0,0,0,0,0,0
24.971937029431896,116.0,6354.0,15.0,21.0,0.21246458923512748,0.29745042492917845,1,9000000,0,0,0,0,1,0,0,0
23.107460643394933,3.0,267.0,0.0,0.0,0.0,0.0,1,400000,1,0,0,0,0,1,0,0
24.54757015742642,6.0,334.0,0.0,0.0,0.0,0.0,1,5000000,1,0,0,0,0,1,0,0
26.95687885010267,94.0,7263.0,9.0,7.0,0.11152416356877323,0.08674101610904585,1,3000000,0,0,1,0,0,0,0,1
20.459958932238195,0.0,0.0,0.0,0.0,0.0,0.0,0,150000,1,0,0,0,0,1,0,0
21.541409993155373,3.0,102.0,0.0,0.0,0.0,0.0,1,600000,0,0,1,0,0,1,0,0
22.067077344284737,1.0,90.0,0.0,0.0,0.0,0.0,1,150000,0,1,0,0,0,0,1,0
23.978097193702943,0.0,0.0,0.0,0.0,0.0,0.0,0,200000,0,1,0,0,0,0,0,0
23.411362080766597,24.0,1521.0,0.0,0.0,0.0,0.0,1,9000000,1,0,0,0,1,0,0,0
19.79192334017796,1.0,90.0,1.0,0.0,0.0,0.0,1,1000000,0,0,0,0,0,1,0,0
22.650239561943874,66.0,2200.0,4.0,4.0,0.16363636363636364,0.16363636363636364,1,6500000,0,0,1,0,0,0,1,0
19.62217659137577,0.0,0.0,0.0,0.0,0.0,0.0,0,12000000,0,0,1,0,0,1,0,0
22.22861054072553,1.0,61.0,0.0,0.0,0.0,0.0,1,1500000,0,0,1,0,0,1,0,0
22.934976043805612,271.0,21243.0,70.0,58.0,0.2965682813161983,0.2457280045191357,1,130000000,0,0,1,0,0,0,0,0
18.90485968514716,0.0,0.0,0.0,0.0,0.0,0.0,0,300000,1,0,0,0,0,1,0,0
23.808350444900753,3.0,330.0,0.0,0.0,0.0,0.0,1,400000,1,0,0,0,0,0,0,0
25.089664613278575,78.0,4047.0,0.0,2.0,0.0,0.04447739065974796,1,1200000,0,0,1,0,0,0,0,0
24.04928131416838,0.0,0.0,0.0,0.0,0.0,0.0,0,250000,0,1,0,0,0,1,0,0
20.687200547570157,0.0,0.0,0.0,0.0,0.0,0.0,0,50000,0,0,0,0,0,0,1,0
25.415468856947296,34.0,3014.0,0.0,0.0,0.0,0.0,1,350000,0,1,0,0,0,1,0,0
21.234770704996578,0.0,0.0,0.0,0.0,0.0,0.0,0,75000,0,0,1,0,0,0,1,0
20.3750855578371,0.0,0.0,0.0,0.0,0.0,0.0,0,75000,1,0,0,0,0,0,1,0
25.136208076659823,9.0,161.0,0.0,1.0,0.0,0.0,1,1000000,0,0,1,0,0,0,1,0
22.403832991101986,0.0,0.0,0.0,0.0,0.0,0.0,0,100000,0,1,0,0,1,0,0,0
25.861738535249827,1.0,58.0,0.0,0.0,0.0,0.0,1,250000,0,0,1,0,0,0,0,0
24.61054072553046,0.0,0.0,0.0,0.0,0.0,0.0,0,100000,0,1,0,0,0,0,0,0
22.60369609856263,39.0,1999.0,2.0,4.0,0.09004502251125562,0.18009004502251125,1,5000000,0,0,1,0,0,0,1,0
24.10130047912389,181.0,9694.0,18.0,26.0,0.16711367856406026,0.24138642459253148,1,32000000,0,0,0,0,0,1,0,0
23.6249144421629,84.0,3719.0,13.0,6.0,0.3146006991126647,0.14520032266738372,1,18000000,0,0,1,0,0,1,0,0
26.403832991101986,138.0,10109.0,43.0,15.0,0.38282718369769514,0.1335443664061727,1,80000000,0,0,0,0,0,1,0,0
25.867214236824093,171.0,10995.0,2.0,13.0,0.01637107776261937,0.10641200545702592,1,3500000,1,0,0,0,0,0,1,0
24.1533196440794,2.0,107.0,0.0,0.0,0.0,0.0,1,150000,1,0,0,0,0,0,0,0
28.23545516769336,38.0,2266.0,2.0,0.0,0.0794351279788173,0.0,1,1500000,1,0,0,0,0,0,0,0
26.146475017111566,57.0,3720.0,15.0,13.0,0.3629032258064516,0.31451612903225806,1,9000000,0,0,0,0,0,0,0,1
23.84394250513347,3.0,8.0,0.0,0.0,0.0,0.0,1,400000,0,0,0,0,0,0,0,1
20.125941136208077,0.0,0.0,0.0,0.0,0.0,0.0,0,250000,1,0,0,0,0,1,0,0
20.687200547570157,0.0,0.0,0.0,0.0,0.0,0.0,0,175000,1,0,0,0,0,0,0,1
25.338809034907598,21.0,473.0,5.0,1.0,0.9513742071881607,0.19027484143763215,1,1000000,0,0,0,0,0,0,0,1
26.529774127310063,266.0,20357.0,22.0,36.0,0.09726384044800314,0.15915901164218696,1,18000000,0,0,0,0,0,1,0,0
24.13141683778234,62.0,5463.0,0.0,0.0,0.0,0.0,1,15000000,0,1,0,0,0,1,0,0
24.265571526351813,39.0,3510.0,0.0,0.0,0.0,0.0,1,8000000,0,1,0,0,0,1,0,0
25.68104038329911,54.0,2970.0,9.0,5.0,0.2727272727272727,0.15151515151515152,1,3000000,0,0,0,0,0,0,0,0
24.930869267624914,2.0,133.0,0.0,0.0,0.0,0.0,1,2000000,1,0,0,0,0,1,0,0
25.97946611909651,204.0,15471.0,6.0,11.0,0.034904013961605584,0.06399069226294357,1,32000000,1,0,0,0,0,0,1,0
23.38672142368241,0.0,0.0,0.0,0.0,0.0,0.0,0,400000,0,0,1,0,1,0,0,0
24.347707049965777,203.0,12625.0,62.0,19.0,0.441980198019802,0.13544554455445545,1,25000000,0,0,0,0,0,0,0,1
23.60848733744011,93.0,6413.0,3.0,4.0,0.04210198035240917,0.05613597380321223,1,7000000,0,0,1,0,1,0,0,0
27.38945927446954,178.0,10776.0,12.0,17.0,0.10022271714922049,0.14198218262806236,1,23000000,1,0,0,0,0,0,1,0
20.213552361396303,0.0,0.0,0.0,0.0,0.0,0.0,0,50000,0,1,0,0,0,0,0,1
22.234086242299796,0.0,0.0,0.0,0.0,0.0,0.0,0,200000,1,0,0,0,0,0,0,0
26.203969883641342,172.0,9398.0,35.0,15.0,0.33517769738242176,0.1436475845924665,1,8000000,0,0,0,0,0,0,1,0
20.128678986995208,0.0,0.0,0.0,0.0,0.0,0.0,0,150000,1,0,0,0,0,1,0,0
20.922655715263517,0.0,0.0,0.0,0.0,0.0,0.0,0,150000,1,0,0,0,0,1,0,0
23.40041067761807,42.0,2078.0,1.0,0.0,0.04331087584215592,0.0,1,1000000,1,0,0,0,0,0,1,0
23.225188227241617,7.0,210.0,0.0,0.0,0.0,0.0,1,900000,0,0,1,0,0,1,0,0
20.996577686516083,0.0,0.0,0.0,0.0,0.0,0.0,0,1200000,0,0,1,0,0,1,0,0
23.129363449691994,9.0,479.0,0.0,1.0,0.0,0.1878914405010438,1,500000,1,0,0,0,0,0,0,1
24.829568788501028,2.0,122.0,1.0,0.0,0.0,0.0,1,7000000,0,0,0,0,0,1,0,0
24.908966461327857,108.0,6037.0,5.0,5.0,0.07454033460327977,0.07454033460327977,1,4000000,0,0,1,0,0,0,1,0
23.01163586584531,0.0,0.0,0.0,0.0,0.0,0.0,0,2500000,0,0,0,0,0,0,0,0
27.299110198494184,107.0,9061.0,4.0,1.0,0.03973071404922194,0.009932678512305485,1,7500000,1,0,0,0,0,0,1,0
21.78781656399726,3.0,31.0,0.0,0.0,0.0,0.0,1,250000,0,0,1,0,0,0,0,1
21.451060917180012,0.0,0.0,0.0,0.0,0.0,0.0,0,150000,1,0,0,0,0,0,0,0
24.49281314168378,0.0,0.0,0.0,0.0,0.0,0.0,0,350000,1,0,0,0,1,0,0,0
28.71731690622861,25.0,1308.0,3.0,2.0,0.20642201834862386,0.13761467889908258,1,1500000,0,0,0,0,0,0,0,0
25.374401095140314,38.0,1864.0,1.0,1.0,0.048283261802575105,0.048283261802575105,1,150000,0,0,1,0,1,0,0,0
24.320328542094455,0.0,0.0,0.0,0.0,0.0,0.0,0,150000,0,1,0,0,1,0,0,0
25.571526351813826,94.0,4631.0,3.0,4.0,0.05830274238825308,0.0777369898510041,1,2600000,1,0,0,0,0,0,1,0
23.356605065023956,0.0,0.0,0.0,0.0,0.0,0.0,0,50000,0,0,1,0,1,0,0,0
22.973305954825463,3.0,3.0,0.0,0.0,0.0,0.0,1,250000,0,0,0,0,1,0,0,0
22.38193018480493,1.0,8.0,0.0,0.0,0.0,0.0,1,300000,0,0,0,0,1,0,0,0
24.043805612594113,6.0,133.0,0.0,0.0,0.0,0.0,1,1400000,0,0,0,0,1,0,0,0
26.119096509240247,15.0,490.0,0.0,0.0,0.0,0.0,1,300000,0,0,1,0,1,0,0,0
26.099931553730322,123.0,9565.0,7.0,2.0,0.06586513329848406,0.01881860951385259,1,7500000,1,0,0,0,0,0,0,0
23.980835044490075,135.0,9408.0,7.0,3.0,0.06696428571428571,0.028698979591836732,1,16000000,1,0,0,0,0,1,0,0
24.16974674880219,37.0,2470.0,0.0,3.0,0.0,0.10931174089068826,1,4000000,1,0,0,0,0,0,0,0
26.32991101984942,83.0,5784.0,1.0,7.0,0.015560165975103735,0.10892116182572614,1,5500000,1,0,0,0,0,0,0,1
21.960301163586585,0.0,0.0,0.0,0.0,0.0,0.0,0,150000,1,0,0,0,1,0,0,0
25.935660506502394,67.0,5477.0,0.0,4.0,0.0,0.06572941391272595,1,9000000,0,0,1,0,0,0,0,1
27.00889801505818,44.0,2659.0,0.0,2.0,0.0,0.06769462203836028,1,2000000,1,0,0,0,0,0,1,0
26.537987679671456,87.0,6244.0,10.0,3.0,0.1441383728379244,0.043241511851377326,1,5000000,0,0,1,0,1,0,0,0
24.774811772758383,0.0,0.0,0.0,0.0,0.0,0.0,0,250000,0,1,0,0,1,0,0,0
25.34154688569473,0.0,0.0,0.0,0.0,0.0,0.0,0,100000,0,0,0,0,1,0,0,0
23.94798083504449,12.0,312.0,0.0,1.0,0.0,0.28846153846153844,1,200000,0,0,0,0,1,0,0,0
25.336071184120467,37.0,2482.0,6.0,2.0,0.21756647864625303,0.072522159548751,1,4000000,0,0,0,0,0,0,0,0
26.127310061601644,138.0,8171.0,13.0,11.0,0.14318932811161425,0.12116020070982744,1,10000000,0,0,1,0,0,0,0,0
23.742642026009584,1.0,120.0,0.0,0.0,0.0,0.0,1,3000000,1,0,0,0,0,0,0,1
26.275154004106778,9.0,472.0,0.0,0.0,0.0,0.0,1,800000,1,0,0,0,1,0,0,0
25.180013689253936,25.0,2205.0,0.0,0.0,0.0,0.0,1,500000,0,1,0,0,1,0,0,0
26.951403148528406,93.0,5786.0,2.0,1.0,0.031109574835810578,0.015554787417905289,1,2000000,0,0,1,0,1,0,0,0
22.614647501711158,1.0,5.0,0.0,0.0,0.0,0.0,1,250000,0,0,0,0,1,0,0,0
24.720054757015742,82.0,4472.0,17.0,1.0,0.342128801431127,0.020125223613595707,1,3500000,0,0,0,0,0,0,1,0
28.33675564681725,221.0,11767.0,60.0,9.0,0.45891051245007225,0.06883657686751084,1,18000000,0,0,0,0,0,1,0,0
21.812457221081452,0.0,0.0,0.0,0.0,0.0,0.0,0,75000,0,1,0,0,0,0,0,1
28.1533196440794,116.0,7504.0,2.0,7.0,0.02398720682302772,0.08395522388059701,1,10000000,1,0,0,0,0,0,0,0
25.527720739219713,89.0,4147.0,14.0,6.0,0.3038340969375452,0.13021461297323367,1,5000000,0,0,0,0,0,0,0,1
20.427104722792606,0.0,0.0,0.0,0.0,0.0,0.0,0,300000,0,0,0,0,0,0,0,1
21.333333333333332,0.0,0.0,0.0,0.0,0.0,0.0,0,50000,0,0,0,0,0,1,0,0
21.631759069130734,0.0,0.0,0.0,0.0,0.0,0.0,0,225000,0,0,1,0,0,1,0,0
29.06776180698152,40.0,2927.0,3.0,0.0,0.09224461906388795,0.0,1,600000,1,0,0,0,1,0,0,0
25.924709103353866,38.0,3009.0,1.0,3.0,0.02991026919242273,0.08973080757726819,1,20000000,1,0,0,0,0,1,0,0
24.648870636550306,25.0,763.0,0.0,1.0,0.0,0.11795543905635648,1,700000,0,0,0,0,0,0,0,1
21.52498288843258,0.0,0.0,0.0,0.0,0.0,0.0,0,300000,0,0,0,0,0,0,0,1
23.156741957563312,15.0,1098.0,1.0,0.0,0.08196721311475409,0.0,1,1500000,0,0,1,0,0,0,0,1
25.754962354551676,26.0,1654.0,0.0,1.0,0.0,0.054413542926239414,1,350000,1,0,0,0,1,0,0,0
24.076659822039698,96.0,7507.0,5.0,5.0,0.05994405221792993,0.05994405221792993,1,8000000,0,0,1,0,0,0,0,1
20.89801505817933,3.0,48.0,0.0,0.0,0.0,0.0,1,200000,0,0,0,0,0,0,0,1
22.43394934976044,62.0,4836.0,9.0,2.0,0.1674937965260546,0.03722084367245657,1,20000000,1,0,0,0,0,0,0,1
23.789185489390828,66.0,5356.0,6.0,3.0,0.10082150858849888,0.05041075429424944,1,25000000,1,0,0,0,1,0,0,0
23.129363449691994,0.0,0.0,0.0,0.0,0.0,0.0,0,175000,0,1,0,0,0,0,0,1
20.407939767282684,0.0,0.0,0.0,0.0,0.0,0.0,0,75000,0,0,1,0,0,0,0,1
21.426420260095824,0.0,0.0,0.0,0.0,0.0,0.0,0,200000,0,0,1,0,0,0,0,1
23.085557837097877,244.0,17731.0,63.0,74.0,0.3197789182787209,0.37561333258135465,1,100000000,0,0,1,0,0,1,0,0
24.210814510609172,3.0,24.0,0.0,0.0,0.0,0.0,1,200000,0,0,1,0,0,0,0,0
27.340177960301162,150.0,8095.0,42.0,15.0,0.4669549104385423,0.16676961087090797,1,10000000,0,0,0,0,0,0,0,0
24.490075290896645,11.0,466.0,0.0,0.0,0.0,0.0,1,200000,0,0,1,0,0,0,0,0
23.290896646132786,46.0,2264.0,1.0,0.0,0.03975265017667844,0.0,1,6000000,1,0,0,0,0,0,0,1
25.908281998631075,45.0,1996.0,8.0,4.0,0.3607214428857715,0.18036072144288576,1,3500000,0,0,0,0,0,0,1,0
23.682409308692677,35.0,2887.0,0.0,1.0,0.0,0.031174229303775548,1,3500000,1,0,0,0,0,0,0,1
20.27652292950034,0.0,0.0,0.0,0.0,0.0,0.0,0,500000,0,0,1,0,0,1,0,0
23.923340177960302,0.0,0.0,0.0,0.0,0.0,0.0,0,150000,1,0,0,0,1,0,0,0
25.114305270362767,36.0,1469.0,3.0,5.0,0.18379850238257317,0.3063308373042886,1,2500000,0,0,0,0,0,0,1,0
25.338809034907598,15.0,221.0,0.0,0.0,0.0,0.0,1,1800000,0,0,0,0,0,0,1,0
21.201916495550993,0.0,0.0,0.0,0.0,0.0,0.0,0,500000,0,1,0,0,0,0,0,1
23.33744010951403,39.0,1080.0,0.0,1.0,0.0,0.08333333333333334,1,2500000,0,0,1,0,0,0,0,1
26.078028747433265,7.0,85.0,0.0,0.0,0.0,0.0,1,125000,0,0,1,0,0,0,1,0
21.270362765229294,2.0,173.0,0.0,0.0,0.0,0.0,1,200000,1,0,0,0,1,0,0,0
23.51813826146475,1.0,8.0,0.0,0.0,0.0,0.0,1,100000,0,0,1,0,0,0,1,0
27.76728268309377,248.0,16571.0,11.0,34.0,0.0597429243859755,0.1846599481021061,1,50000000,1,0,0,0,0,1,0,0
26.27789185489391,234.0,15506.0,53.0,39.0,0.30762285566877334,0.22636398813362568,1,40000000,0,0,0,0,0,0,0,0
21.22381930184805,3.0,191.0,0.0,0.0,0.0,0.0,1,100000,0,1,0,0,0,0,1,0
20.465434633812457,2.0,94.0,0.0,0.0,0.0,0.0,1,225000,1,0,0,0,0,0,1,0
23.926078028747433,0.0,0.0,0.0,0.0,0.0,0.0,0,25000,0,1,0,0,0,0,0,0
23.811088295687885,0.0,0.0,0.0,0.0,0.0,0.0,0,100000,1,0,0,0,0,0,0,0
24.344969199178646,18.0,712.0,1.0,0.0,0.12640449438202248,0.0,1,800000,1,0,0,0,0,0,1,0
21.259411362080765,0.0,0.0,0.0,0.0,0.0,0.0,0,25000,1,0,0,0,0,0,1,0
21.100616016427104,0.0,0.0,0.0,0.0,0.0,0.0,0,50000,0,1,0,0,0,0,1,0
28.542094455852155,38.0,2536.0,4.0,1.0,0.14195583596214512,0.03548895899053628,1,2000000,0,0,1,0,0,0,0,0
25.492128678986994,61.0,3223.0,0.0,3.0,0.0,0.08377288240769469,1,1200000,1,0,0,0,0,0,0,0
24.15605749486653,23.0,1808.0,1.0,0.0,0.049778761061946904,0.0,1,4500000,1,0,0,0,0,0,1,0
23.482546201232033,1.0,90.0,0.0,0.0,0.0,0.0,1,600000,0,1,0,0,0,0,1,0
20.930869267624914,1.0,10.0,0.0,0.0,0.0,0.0,1,75000,0,0,0,0,0,0,1,0
20.32306639288159,0.0,0.0,0.0,0.0,0.0,0.0,0,150000,1,0,0,0,0,0,0,1
20.229979466119097,0.0,0.0,0.0,0.0,0.0,0.0,0,1000000,0,0,0,0,0,0,0,1
20.763860369609855,0.0,0.0,0.0,0.0,0.0,0.0,0,250000,0,1,0,0,0,0,0,1
19.96167008898015,0.0,0.0,0.0,0.0,0.0,0.0,0,25000,0,1,0,0,0,0,1,0
26.425735797399042,196.0,15817.0,3.0,4.0,0.01707024088006575,0.022760321173421,1,22000000,1,0,0,0,0,1,0,0
20.928131416837783,1.0,15.0,0.0,0.0,0.0,0.0,1,150000,0,0,1,0,0,0,0,1
24.027378507871322,27.0,1991.0,2.0,0.0,0.09040683073832247,0.0,1,2500000,1,0,0,0,0,0,0,1
23.156741957563312,74.0,3219.0,17.0,5.0,0.47530288909599255,0.13979496738117428,1,22000000,0,0,0,0,0,0,0,1
23.033538672142367,11.0,990.0,0.0,0.0,0.0,0.0,1,3000000,0,1,0,0,0,1,0,0
22.872005475701574,10.0,200.0,0.0,0.0,0.0,0.0,1,350000,0,0,0,0,0,1,0,0
24.216290212183434,0.0,0.0,0.0,0.0,0.0,0.0,0,50000,0,1,0,0,0,0,0,0
21.44558521560575,1.0,5.0,0.0,0.0,0.0,0.0,1,100000,0,0,1,0,0,0,0,1
21.371663244353183,0.0,0.0,0.0,0.0,0.0,0.0,0,100000,0,0,1,0,0,0,0,1
24.854209445585216,3.0,82.0,1.0,0.0,0.0,0.0,1,1200000,1,0,0,0,0,0,0,1
20.257357973990416,0.0,0.0,0.0,0.0,0.0,0.0,0,200000,0,0,1,0,0,0,0,1
19.381245722108144,7.0,65.0,0.0,1.0,0.0,0.0,1,450000,0,0,0,0,0,0,1,0
20.265571526351813,0.0,0.0,0.0,0.0,0.0,0.0,0,100000,0,1,0,0,0,0,0,1
20.32854209445585,0.0,0.0,0.0,0.0,0.0,0.0,0,125000,0,0,1,0,0,0,0,1
18.16290212183436,0.0,0.0,0.0,0.0,0.0,0.0,0,200000,0,0,1,0,0,0,0,1
27.7782340862423,3.0,184.0,0.0,0.0,0.0,0.0,1,50000,1,0,0,0,1,0,0,0
23.890485968514717,3.0,107.0,0.0,0.0,0.0,0.0,1,500000,0,0,1,0,1,0,0,0
24.199863107460644,2.0,46.0,0.0,0.0,0.0,0.0,1,300000,1,0,0,0,0,0,1,0
25.018480492813143,2.0,92.0,0.0,0.0,0.0,0.0,1,50000,0,0,1,0,0,0,1,0
21.61533196440794,0.0,0.0,0.0,0.0,0.0,0.0,0,250000,0,1,0,0,0,1,0,0
20.476386036960985,0.0,0.0,0.0,0.0,0.0,0.0,0,25000,0,1,0,0,0,0,1,0
27.378507871321013,122.0,9445.0,3.0,4.0,0.028586553732133403,0.03811540497617787,1,18000000,1,0,0,0,0,1,0,0
22.89664613278576,0.0,0.0,0.0,0.0,0.0,0.0,0,300000,0,1,0,0,0,0,0,0
26.349075975359344,91.0,6125.0,23.0,10.0,0.3379591836734694,0.1469387755102041,1,15000000,0,0,0,0,0,0,0,0
22.795345653661876,219.0,11050.0,31.0,54.0,0.2524886877828054,0.43981900452488687,1,90000000,0,0,1,0,0,1,0,0
23.364818617385353,52.0,2058.0,2.0,5.0,0.08746355685131195,0.21865889212827988,1,15000000,0,0,1,0,0,1,0,0
22.73511293634497,114.0,5164.0,11.0,6.0,0.19171185127807902,0.104570100697134,1,13000000,0,0,0,0,0,1,0,0
20.44626967830253,0.0,0.0,0.0,0.0,0.0,0.0,0,50000,1,0,0,0,0,0,1,0
22.80082135523614,32.0,2702.0,0.0,0.0,0.0,0.0,1,18000000,0,1,0,0,0,0,0,1
24.49281314168378,3.0,31.0,0.0,0.0,0.0,0.0,1,300000,0,0,0,0,0,0,0,0
23.783709787816566,0.0,0.0,0.0,0.0,0.0,0.0,0,600000,0,1,0,0,0,0,0,0
26.89390828199863,195.0,14626.0,18.0,7.0,0.11076165732257624,0.04307397784766853,1,45000000,0,0,1,0,0,0,1,0
23.83025325119781,53.0,3716.0,2.0,5.0,0.04843918191603875,0.12109795479009688,1,25000000,0,0,1,0,0,0,1,0
24.432580424366872,43.0,3392.0,3.0,8.0,0.07959905660377359,0.2122641509433962,1,10000000,0,0,1,0,0,1,0,0
25.048596851471594,2.0,121.0,0.0,0.0,0.0,0.0,1,200000,0,1,0,0,0,0,0,0
24.380561259411362,18.0,1071.0,1.0,0.0,0.08403361344537816,0.0,1,600000,1,0,0,0,0,0,0,0
28.889801505817932,22.0,1002.0,2.0,0.0,0.17964071856287422,0.0,1,50000,0,0,0,0,1,0,0,0
23.912388774811774,78.0,3820.0,4.0,6.0,0.0942408376963351,0.14136125654450263,1,16000000,0,0,1,0,0,1,0,0
22.830937713894592,75.0,2482.0,14.0,3.0,0.5076551168412571,0.10878323932312652,1,28000000,0,0,0,0,0,1,0,0
22.1492128678987,7.0,237.0,0.0,0.0,0.0,0.0,1,200000,0,0,1,0,1,0,0,0
19.54551676933607,0.0,0.0,0.0,0.0,0.0,0.0,0,2000000,1,0,0,0,0,1,0,0
20.479123887748116,0.0,0.0,0.0,0.0,0.0,0.0,0,500000,0,0,1,0,0,1,0,0
25.5523613963039,101.0,5789.0,0.0,1.0,0.0,0.01554672655035412,1,1600000,0,0,1,0,0,0,0,0
26.628336755646817,18.0,1620.0,0.0,0.0,0.0,0.0,1,2000000,0,1,0,0,0,0,0,1
25.363449691991786,27.0,1450.0,0.0,0.0,0.0,0.0,1,600000,0,0,1,0,0,0,0,0
20.889801505817932,0.0,0.0,0.0,0.0,0.0,0.0,0,75000,1,0,0,0,0,0,1,0
22.10814510609172,0.0,0.0,0.0,0.0,0.0,0.0,0,300000,0,1,0,0,0,0,0,0
22.036960985626283,74.0,4142.0,7.0,7.0,0.1521004345726702,0.1521004345726702,1,3000000,0,0,1,0,0,0,0,1
23.312799452429843,178.0,12264.0,53.0,18.0,0.3889432485322896,0.13209393346379647,1,60000000,0,0,0,0,0,0,1,0
22.390143737166323,0.0,0.0,0.0,0.0,0.0,0.0,0,600000,0,0,0,0,0,0,0,0
24.197125256673512,15.0,394.0,1.0,1.0,0.22842639593908629,0.22842639593908629,1,1500000,0,0,0,0,0,1,0,0
21.924709103353866,0.0,0.0,0.0,0.0,0.0,0.0,0,300000,1,0,0,0,0,1,0,0
26.68309377138946,16.0,346.0,1.0,0.0,0.26011560693641617,0.0,1,1400000,0,0,0,0,0,0,0,0
21.215605749486652,4.0,121.0,0.0,0.0,0.0,0.0,1,250000,0,0,1,0,0,1,0,0
18.978781656399725,1.0,7.0,0.0,0.0,0.0,0.0,1,250000,1,0,0,0,0,1,0,0
20.451745379876797,0.0,0.0,0.0,0.0,0.0,0.0,0,250000,0,0,0,0,0,1,0,0
19.978097193702943,0.0,0.0,0.0,0.0,0.0,0.0,0,150000,1,0,0,0,0,1,0,0
27.37577002053388,16.0,1351.0,0.0,1.0,0.0,0.06661732050333086,1,3000000,1,0,0,0,0,0,0,1
20.186173853524984,0.0,0.0,0.0,0.0,0.0,0.0,0,200000,1,0,0,0,0,0,0,1
23.315537303216974,89.0,4689.0,15.0,7.0,0.28790786948176583,0.13435700575815737,1,28000000,0,0,0,0,0,1,0,0
20.654346338124572,0.0,0.0,0.0,0.0,0.0,0.0,0,800000,0,1,0,0,0,1,0,0
21.713894592744694,0.0,0.0,0.0,0.0,0.0,0.0,0,200000,0,0,0,0,0,0,1,0
20.93908281998631,3.0,99.0,0.0,0.0,0.0,0.0,1,150000,0,0,1,0,0,0,1,0
25.949349760438057,2.0,95.0,0.0,1.0,0.0,0.0,1,800000,0,0,1,0,0,0,0,0
21.453798767967147,2.0,11.0,0.0,0.0,0.0,0.0,1,300000,0,0,1,0,0,0,0,0
23.408624229979466,0.0,0.0,0.0,0.0,0.0,0.0,0,150000,0,1,0,0,0,0,0,0
22.740588637919235,4.0,239.0,1.0,0.0,0.0,0.0,1,200000,1,0,0,0,0,1,0,0
21.642710472279262,0.0,0.0,0.0,0.0,0.0,0.0,0,200000,0,1,0,0,1,0,0,0
24.39425051334702,66.0,4415.0,0.0,5.0,0.0,0.10192525481313704,1,23000000,1,0,0,0,0,1,0,0
20.722792607802873,0.0,0.0,0.0,0.0,0.0,0.0,0,25000,0,1,0,0,0,0,1,0
23.983572895277206,14.0,372.0,0.0,0.0,0.0,0.0,1,250000,0,0,1,0,0,0,1,0
24.82135523613963,0.0,0.0,0.0,0.0,0.0,0.0,0,1000000,1,0,0,0,1,0,0,0
24.810403832991103,17.0,754.0,0.0,0.0,0.0,0.0,1,450000,0,0,0,0,0,0,0,0
23.21971252566735,27.0,2105.0,0.0,2.0,0.0,0.0855106888361045,1,12000000,1,0,0,0,0,1,0,0
18.16016427104723,0.0,0.0,0.0,0.0,0.0,0.0,0,150000,0,0,1,0,0,1,0,0
22.6694045174538,54.0,3671.0,1.0,3.0,0.02451648052301825,0.07354944156905475,1,12000000,0,0,1,0,0,1,0,0
27.638603696098563,116.0,6597.0,29.0,13.0,0.39563437926330147,0.17735334242837655,1,2000000,0,0,0,0,0,0,0,1
21.01574264202601,0.0,0.0,0.0,0.0,0.0,0.0,0,200000,0,0,1,0,0,0,1,0
22.82819986310746,28.0,1618.0,3.0,1.0,0.16687268232385663,0.055624227441285534,1,10000000,0,0,1,0,0,0,0,1
23.665982203969882,112.0,6460.0,7.0,7.0,0.09752321981424149,0.09752321981424149,1,5000000,0,0,1,0,0,0,1,0
21.259411362080765,0.0,0.0,0.0,0.0,0.0,0.0,0,225000,0,1,0,0,0,0,1,0
20.854209445585216,2.0,5.0,0.0,0.0,0.0,0.0,1,100000,0,0,1,0,0,0,1,0
22.255989048596852,1.0,9.0,0.0,0.0,0.0,0.0,1,250000,1,0,0,0,0,1,0,0
20.739219712525667,4.0,330.0,0.0,0.0,0.0,0.0,1,300000,1,0,0,0,0,1,0,0
24.867898699520875,3.0,78.0,0.0,0.0,0.0,0.0,1,150000,0,0,0,0,0,0,0,0
23.266255989048595,94.0,7632.0,3.0,5.0,0.03537735849056604,0.0589622641509434,1,50000000,1,0,0,0,0,1,0,0
19.12662559890486,0.0,0.0,0.0,0.0,0.0,0.0,0,150000,0,0,1,0,0,1,0,0
19.572895277207394,1.0,6.0,0.0,0.0,0.0,0.0,1,200000,0,0,0,0,0,1,0,0
22.17385352498289,6.0,91.0,0.0,0.0,0.0,0.0,1,800000,0,0,0,0,0,0,0,0
21.169062286105408,0.0,0.0,0.0,0.0,0.0,0.0,0,175000,1,0,0,0,0,0,1,0
21.305954825462013,0.0,0.0,0.0,0.0,0.0,0.0,0,200000,0,0,1,0,0,0,1,0
22.90759753593429,9.0,294.0,2.0,0.0,0.6122448979591837,0.0,1,1000000,0,0,1,0,0,1,0,0
21.467488021902806,24.0,1524.0,1.0,2.0,0.05905511811023622,0.11811023622047244,1,325000,0,0,0,0,0,1,0,0
23.61122518822724,8.0,333.0,0.0,1.0,0.0,0.2702702702702703,1,200000,0,0,1,0,0,1,0,0
20.739219712525667,0.0,0.0,0.0,0.0,0.0,0.0,0,10000,0,0,1,0,0,1,0,0
22.83915126625599,2.0,46.0,0.0,0.0,0.0,0.0,1,500000,1,0,0,0,0,0,0,0
25.305954825462013,68.0,4866.0,1.0,2.0,0.018495684340320593,0.036991368680641186,1,4000000,0,0,1,0,0,1,0,0
25.637234770704996,117.0,9080.0,2.0,2.0,0.019823788546255508,0.019823788546255508,1,4000000,1,0,0,0,0,0,0,1
23.08829568788501,5.0,215.0,0.0,0.0,0.0,0.0,1,500000,0,0,1,0,0,0,0,0
21.39630390143737,0.0,0.0,0.0,0.0,0.0,0.0,0,100000,1,0,0,0,0,0,1,0
22.84188911704312,0.0,0.0,0.0,0.0,0.0,0.0,0,1200000,1,0,0,0,0,0,1,0
20.13141683778234,2.0,23.0,0.0,0.0,0.0,0.0,1,500000,0,0,1,0,0,0,1,0
21.136208076659823,0.0,0.0,0.0,0.0,0.0,0.0,0,25000,1,0,0,0,0,0,1,0
20.520191649555098,0.0,0.0,0.0,0.0,0.0,0.0,0,250000,0,1,0,0,0,0,1,0
22.327173169062284,0.0,0.0,0.0,0.0,0.0,0.0,0,100000,0,1,0,0,1,0,0,0
23.95071868583162,207.0,15011.0,16.0,23.0,0.09592965158883486,0.1378988741589501,1,80000000,1,0,0,0,1,0,0,0
23.94524298425736,210.0,10091.0,31.0,17.0,0.27648399563967896,0.1516202556733723,1,15000000,0,0,0,0,0,0,0,1
24.438056125941138,234.0,10637.0,28.0,18.0,0.2369089028861521,0.15229858042681207,1,18000000,0,0,0,0,0,0,0,0
22.132785763175907,6.0,118.0,0.0,0.0,0.0,0.0,1,2400000,1,0,0,0,0,0,1,0
23.901437371663246,171.0,11146.0,2.0,18.0,0.016149291225551768,0.1453436210299659,1,28000000,1,0,0,0,0,0,0,0
21.182751540041068,1.0,12.0,0.0,0.0,0.0,0.0,1,100000,0,0,0,0,0,0,1,0
24.268309377138944,23.0,1002.0,0.0,1.0,0.0,0.08982035928143711,1,3000000,0,0,1,0,0,1,0,0
23.783709787816566,13.0,523.0,0.0,0.0,0.0,0.0,1,1800000,1,0,0,0,1,0,0,0
24.10403832991102,5.0,450.0,0.0,0.0,0.0,0.0,1,1500000,0,1,0,0,0,0,0,0
22.93223819301848,36.0,3181.0,0.0,1.0,0.0,0.028292989625903802,1,15000000,1,0,0,0,0,0,0,0
23.37577002053388,167.0,9473.0,5.0,14.0,0.04750343080333579,0.13300960624934022,1,15000000,0,0,1,0,0,0,0,0
24.06297056810404,129.0,8179.0,21.0,15.0,0.23107959408240616,0.16505685291600442,1,9000000,0,0,0,0,0,0,0,0
21.27310061601643,0.0,0.0,0.0,0.0,0.0,0.0,0,100000,0,1,0,0,0,0,1,0
21.28952772073922,4.0,64.0,0.0,0.0,0.0,0.0,1,700000,0,0,1,0,0,0,1,0
20.34223134839151,0.0,0.0,0.0,0.0,0.0,0.0,0,25000,0,1,0,0,0,0,1,0
23.01163586584531,13.0,862.0,0.0,0.0,0.0,0.0,1,5000000,1,0,0,0,0,1,0,0
19.90965092402464,0.0,0.0,0.0,0.0,0.0,0.0,0,350000,0,1,0,0,0,0,1,0
25.746748802190282,116.0,9126.0,2.0,0.0,0.01972386587771203,0.0,1,30000000,1,0,0,0,0,0,1,0
19.789185489390828,0.0,0.0,0.0,0.0,0.0,0.0,0,150000,0,1,0,0,1,0,0,0
21.645448323066393,1.0,1.0,0.0,0.0,0.0,0.0,1,200000,0,0,0,0,1,0,0,0
22.368240930869266,0.0,0.0,0.0,0.0,0.0,0.0,0,150000,0,1,0,0,1,0,0,0
21.930184804928132,0.0,0.0,0.0,0.0,0.0,0.0,0,200000,0,1,0,0,1,0,0,0
23.44147843942505,165.0,13054.0,6.0,1.0,0.04136663091772637,0.006894438486287728,1,50000000,1,0,0,0,0,0,0,1
23.583846680355922,41.0,3261.0,2.0,3.0,0.05519779208831647,0.0827966881324747,1,30000000,0,0,1,0,1,0,0,0
22.68583162217659,0.0,0.0,0.0,0.0,0.0,0.0,0,175000,1,0,0,0,0,1,0,0
19.967145790554415,0.0,0.0,0.0,0.0,0.0,0.0,0,10000,0,1,0,0,0,0,1,0
20.958247775496236,0.0,0.0,0.0,0.0,0.0,0.0,0,50000,1,0,0,0,0,0,1,0
20.58590006844627,0.0,0.0,0.0,0.0,0.0,0.0,0,25000,1,0,0,0,0,0,1,0
22.757015742642025,0.0,0.0,0.0,0.0,0.0,0.0,0,1400000,0,1,0,0,0,0,0,0
23.293634496919918,2.0,65.0,0.0,0.0,0.0,0.0,1,25000,1,0,0,0,0,0,0,0
22.524298425735797,1.0,45.0,0.0,0.0,0.0,0.0,1,200000,1,0,0,0,0,0,0,0
25.779603011635867,190.0,13968.0,3.0,19.0,0.019329896907216496,0.12242268041237113,1,6000000,1,0,0,0,0,0,0,0
24.12046543463381,45.0,1947.0,2.0,2.0,0.09244992295839753,0.09244992295839753,1,1500000,0,0,0,0,0,0,0,0
23.148528405201915,5.0,444.0,1.0,1.0,0.20270270270270271,0.20270270270270271,1,1800000,1,0,0,0,0,1,0,0
24.473648186173854,34.0,1826.0,9.0,5.0,0.443592552026287,0.24644030668127054,1,2000000,0,0,0,0,1,0,0,0
24.320328542094455,40.0,2074.0,0.0,3.0,0.0,0.13018322082931535,1,3500000,0,0,0,0,0,0,0,0
26.324435318275153,39.0,3002.0,1.0,1.0,0.029980013324450366,0.029980013324450366,1,10000000,1,0,0,0,0,0,0,1
22.11088295687885,66.0,5851.0,0.0,0.0,0.0,0.0,1,15000000,0,1,0,0,0,0,0,1
22.822724161533195,93.0,5126.0,1.0,0.0,0.017557549746390948,0.0,1,6000000,0,0,1,0,1,0,0,0
20.38877481177276,3.0,201.0,0.0,1.0,0.0,0.0,1,1200000,1,0,0,0,1,0,0,0
20.28747433264887,0.0,0.0,0.0,0.0,0.0,0.0,0,100000,1,0,0,0,0,0,1,0
21.36892539356605,2.0,10.0,0.0,0.0,0.0,0.0,1,200000,1,0,0,0,1,0,0,0
19.942505133470227,0.0,0.0,0.0,0.0,0.0,0.0,0,350000,0,0,1,0,1,0,0,0
23.041752224503764,187.0,12127.0,3.0,22.0,0.02226436876391523,0.16327203760204503,1,35000000,1,0,0,0,0,1,0,0
21.31416837782341,0.0,0.0,0.0,0.0,0.0,0.0,0,200000,0,1,0,0,0,1,0,0
24.22450376454483,78.0,5464.0,1.0,0.0,0.016471449487554905,0.0,1,3000000,1,0,0,0,0,0,0,1
26.376454483230663,0.0,0.0,0.0,0.0,0.0,0.0,0,100000,0,1,0,0,1,0,0,0
20.468172484599588,0.0,0.0,0.0,0.0,0.0,0.0,0,450000,1,0,0,0,0,0,1,0
21.401779603011637,0.0,0.0,0.0,0.0,0.0,0.0,0,125000,1,0,0,0,0,0,1,0
20.15605749486653,0.0,0.0,0.0,0.0,0.0,0.0,0,200000,1,0,0,0,0,0,1,0
24.511978097193705,25.0,1253.0,1.0,1.0,0.07182761372705507,0.07182761372705507,1,10000000,0,0,1,0,0,1,0,0
21.021218343600275,0.0,0.0,0.0,0.0,0.0,0.0,0,75000,0,1,0,0,0,0,1,0
21.399041752224505,0.0,0.0,0.0,0.0,0.0,0.0,0,50000,1,0,0,0,0,0,1,0
21.152635181382614,0.0,0.0,0.0,0.0,0.0,0.0,0,10000,1,0,0,0,0,0,1,0
20.621492128678987,0.0,0.0,0.0,0.0,0.0,0.0,0,10000,1,0,0,0,0,0,1,0
21.842573579739906,0.0,0.0,0.0,0.0,0.0,0.0,0,75000,1,0,0,0,0,0,1,0
21.100616016427104,0.0,0.0,0.0,0.0,0.0,0.0,0,25000,0,1,0,0,0,0,1,0
26.138261464750173,147.0,8953.0,6.0,11.0,0.0603149782195912,0.11057746006925054,1,3500000,1,0,0,0,0,0,0,1
23.939767282683093,58.0,3727.0,3.0,0.0,0.07244432519452643,0.0,1,8000000,1,0,0,0,1,0,0,0
23.66324435318275,1.0,9.0,0.0,0.0,0.0,0.0,1,350000,0,1,0,0,0,1,0,0
19.41409993155373,0.0,0.0,0.0,0.0,0.0,0.0,0,10000,0,0,0,0,0,0,1,0
20.903490759753595,2.0,4.0,0.0,1.0,0.0,0.0,1,200000,0,0,0,0,0,0,1,0
23.381245722108144,65.0,3521.0,9.0,3.0,0.2300482817381426,0.07668276057938087,1,15000000,0,0,1,0,0,0,1,0
22.93223819301848,0.0,0.0,0.0,0.0,0.0,0.0,0,25000,1,0,0,0,0,0,0,0
20.23545516769336,0.0,0.0,0.0,0.0,0.0,0.0,0,150000,1,0,0,0,0,0,1,0
23.737166324435318,111.0,4960.0,6.0,5.0,0.10887096774193548,0.0907258064516129,1,2500000,0,0,0,0,0,0,0,0
23.433264887063654,1.0,82.0,0.0,0.0,0.0,0.0,1,25000,1,0,0,0,0,0,0,0
23.422313483915126,106.0,5203.0,2.0,1.0,0.03459542571593311,0.017297712857966555,1,4000000,1,0,0,0,0,0,0,0
23.082819986310746,0.0,0.0,0.0,0.0,0.0,0.0,0,50000,1,0,0,0,0,0,0,0
22.926762491444215,41.0,1606.0,2.0,4.0,0.11207970112079702,0.22415940224159403,1,1000000,0,0,0,0,0,0,1,0
25.65366187542779,2.0,180.0,0.0,0.0,0.0,0.0,1,1000000,0,1,0,0,0,0,1,0
24.772073921971252,88.0,3922.0,13.0,1.0,0.29831718510963795,0.02294747577766446,1,2000000,0,0,0,0,0,0,0,0
23.23066392881588,19.0,883.0,0.0,0.0,0.0,0.0,1,2000000,0,0,1,0,0,0,0,0
22.143737166324435,0.0,0.0,0.0,0.0,0.0,0.0,0,300000,0,1,0,0,0,0,0,0
23.145790554414784,3.0,300.0,0.0,0.0,0.0,0.0,1,300000,0,1,0,0,0,0,0,0
26.24229979466119,123.0,8459.0,22.0,8.0,0.2340702210663199,0.08511644402411633,1,55000000,0,0,0,0,0,1,0,0
24.035592060232716,37.0,2504.0,0.0,2.0,0.0,0.0718849840255591,1,4000000,1,0,0,0,0,0,0,1
22.628336755646817,0.0,0.0,0.0,0.0,0.0,0.0,0,250000,0,1,0,0,0,0,1,0
20.303901437371664,0.0,0.0,0.0,0.0,0.0,0.0,0,100000,0,0,1,0,0,0,1,0
24.684462696783026,210.0,15056.0,4.0,12.0,0.023910733262486716,0.07173219978746015,1,7000000,0,0,1,0,1,0,0,0
22.902121834360027,69.0,3769.0,1.0,11.0,0.023879013000795965,0.26266914300875566,1,25000000,1,0,0,0,0,1,0,0
20.804928131416837,8.0,298.0,0.0,0.0,0.0,0.0,1,500000,0,0,1,0,0,0,1,0
25.686516084873375,55.0,3165.0,0.0,4.0,0.0,0.11374407582938388,1,700000,1,0,0,0,0,0,1,0
25.032169746748803,181.0,13856.0,10.0,10.0,0.06495381062355658,0.06495381062355658,1,50000000,0,0,1,0,0,0,1,0
23.498973305954827,89.0,4271.0,6.0,11.0,0.1264340903769609,0.23179583235776163,1,3500000,0,0,0,0,0,0,0,0
25.44558521560575,1.0,45.0,0.0,0.0,0.0,0.0,1,6000000,0,0,0,0,0,1,0,0
25.440109514031484,84.0,7488.0,0.0,0.0,0.0,0.0,1,9000000,0,1,0,0,0,0,0,0
25.319644079397673,80.0,4490.0,2.0,1.0,0.0400890868596882,0.0200445434298441,1,15000000,0,0,1,0,0,0,0,0
21.39082819986311,0.0,0.0,0.0,0.0,0.0,0.0,0,25000,1,0,0,0,0,0,1,0
27.370294318959616,60.0,4412.0,1.0,0.0,0.02039891205802357,0.0,1,2000000,1,0,0,0,0,0,1,0
22.431211498973305,0.0,0.0,0.0,0.0,0.0,0.0,0,50000,1,0,0,0,0,0,1,0
25.21013004791239,70.0,4868.0,0.0,3.0,0.0,0.055464256368118324,1,12000000,0,0,1,0,0,0,0,0
24.465434633812457,21.0,505.0,1.0,0.0,0.1782178217821782,0.0,1,900000,0,0,1,0,0,0,0,0
24.654346338124572,20.0,1851.0,0.0,0.0,0.0,0.0,1,1000000,0,1,0,0,0,0,0,0
22.61738535249829,4.0,83.0,0.0,0.0,0.0,0.0,1,400000,0,0,0,0,0,0,0,0
25.801505817932924,92.0,3922.0,3.0,8.0,0.06884242733299337,0.18357980622131567,1,2500000,0,0,1,0,0,0,0,0
23.247091033538673,0.0,0.0,0.0,0.0,0.0,0.0,0,150000,1,0,0,0,0,0,0,0
21.15811088295688,0.0,0.0,0.0,0.0,0.0,0.0,0,150000,0,0,1,0,0,1,0,0
24.041067761806982,5.0,390.0,1.0,2.0,0.23076923076923078,0.46153846153846156,1,2000000,0,0,1,0,0,1,0,0
24.684462696783026,156.0,10514.0,57.0,20.0,0.4879208674148754,0.17120030435609665,1,80000000,0,0,0,0,0,1,0,0
21.593429158110883,7.0,243.0,0.0,0.0,0.0,0.0,1,2200000,1,0,0,0,0,1,0,0
29.530458590006845,245.0,15365.0,67.0,21.0,0.39245037422713963,0.12300683371298406,1,5000000,0,0,0,0,0,0,1,0
25.911019849418206,25.0,1984.0,0.0,2.0,0.0,0.0907258064516129,1,4000000,1,0,0,0,0,0,0,0
23.515400410677618,0.0,0.0,0.0,0.0,0.0,0.0,0,600000,0,0,0,0,0,0,0,0
21.062286105407257,0.0,0.0,0.0,0.0,0.0,0.0,0,200000,0,1,0,0,0,0,1,0
23.980835044490075,166.0,9248.0,7.0,19.0,0.06812283737024222,0.18490484429065743,1,17000000,1,0,0,0,0,0,0,1
23.397672826830938,17.0,403.0,2.0,0.0,0.4466501240694789,0.0,1,7000000,0,0,0,0,0,1,0,0
24.418891170431213,0.0,0.0,0.0,0.0,0.0,0.0,0,200000,1,0,0,0,0,0,0,0
24.34223134839151,0.0,0.0,0.0,0.0,0.0,0.0,0,100000,1,0,0,0,0,0,0,0
22.937713894592743,0.0,0.0,0.0,0.0,0.0,0.0,0,700000,1,0,0,0,0,0,0,0
25.691991786447637,42.0,2275.0,1.0,0.0,0.03956043956043956,0.0,1,1000000,1,0,0,0,0,0,0,0
22.636550308008214,63.0,2141.0,12.0,1.0,0.5044371788883699,0.04203643157403082,1,3000000,0,0,0,0,0,0,0,0
22.288843258042437,3.0,126.0,0.0,0.0,0.0,0.0,1,700000,1,0,0,0,0,0,0,1
21.30321697467488,0.0,0.0,0.0,0.0,0.0,0.0,0,400000,1,0,0,0,0,0,1,0
23.00889801505818,119.0,7132.0,51.0,9.0,0.6435782389231632,0.11357263039820528,1,75000000,0,0,0,0,0,1,0,0
23.430527036276523,3.0,152.0,0.0,0.0,0.0,0.0,1,800000,1,0,0,0,1,0,0,0
22.973305954825463,5.0,38.0,0.0,0.0,0.0,0.0,1,500000,0,0,1,0,1,0,0,0
22.576317590691307,61.0,2784.0,6.0,9.0,0.1939655172413793,0.29094827586206895,1,16000000,0,0,0,0,0,1,0,0
20.046543463381244,0.0,0.0,0.0,0.0,0.0,0.0,0,175000,0,0,1,0,0,0,0,1
24.553045859000683,0.0,0.0,0.0,0.0,0.0,0.0,0,350000,0,0,1,0,1,0,0,0
25.144421629021217,26.0,941.0,0.0,0.0,0.0,0.0,1,3000000,0,0,1,0,0,0,1,0
22.406570841889117,74.0,4236.0,1.0,1.0,0.021246458923512748,0.021246458923512748,1,22000000,0,0,1,0,0,1,0,0
22.034223134839152,0.0,0.0,0.0,0.0,0.0,0.0,0,50000,1,0,0,0,0,0,0,0
22.663928815879533,0.0,0.0,0.0,0.0,0.0,0.0,0,150000,1,0,0,0,0,0,0,0
22.083504449007528,0.0,0.0,0.0,0.0,0.0,0.0,0,300000,0,0,0,0,0,0,0,0
24.6652977412731,3.0,270.0,0.0,0.0,0.0,0.0,1,300000,0,1,0,0,0,0,0,0
21.971252566735114,0.0,0.0,0.0,0.0,0.0,0.0,0,25000,1,0,0,0,0,0,0,0
23.449691991786448,0.0,0.0,0.0,0.0,0.0,0.0,0,150000,1,0,0,0,0,0,0,0
21.987679671457904,1.0,90.0,0.0,0.0,0.0,0.0,1,25000,1,0,0,0,0,0,0,0
22.978781656399725,1.0,24.0,0.0,1.0,0.0,0.0,1,200000,1,0,0,0,0,0,0,0
22.48870636550308,1.0,45.0,0.0,0.0,0.0,0.0,1,250000,0,0,1,0,0,0,0,0
24.966461327857633,65.0,3169.0,4.0,4.0,0.11360050489113285,0.11360050489113285,1,3000000,0,0,0,0,0,0,0,0
22.365503080082135,1.0,13.0,0.0,0.0,0.0,0.0,1,100000,0,0,0,0,0,0,0,0
21.196440793976727,12.0,294.0,0.0,2.0,0.0,0.6122448979591837,1,1300000,0,0,0,0,0,0,1,0
20.90075290896646,0.0,0.0,0.0,0.0,0.0,0.0,0,250000,1,0,0,0,0,0,1,0
21.37987679671458,2.0,14.0,0.0,0.0,0.0,0.0,1,300000,0,0,1,0,0,0,1,0
25.152635181382614,46.0,2715.0,8.0,2.0,0.26519337016574585,0.06629834254143646,1,8000000,0,0,0,0,0,0,0,0
22.351813826146476,0.0,0.0,0.0,0.0,0.0,0.0,0,300000,1,0,0,0,0,0,0,0
23.301848049281315,0.0,0.0,0.0,0.0,0.0,0.0,0,200000,0,0,1,0,0,0,0,0
22.72142368240931,0.0,0.0,0.0,0.0,0.0,0.0,0,25000,0,0,1,0,0,0,0,0
22.286105407255306,0.0,0.0,0.0,0.0,0.0,0.0,0,400000,1,0,0,0,0,0,0,0
24.380561259411362,22.0,1225.0,1.0,0.0,0.07346938775510205,0.0,1,1000000,0,0,1,0,1,0,0,0
26.05886379192334,0.0,0.0,0.0,0.0,0.0,0.0,0,150000,0,1,0,0,1,0,0,0
26.20123203285421,80.0,3336.0,9.0,5.0,0.24280575539568347,0.13489208633093525,1,3500000,0,0,0,0,0,0,0,1
21.117043121149898,0.0,0.0,0.0,0.0,0.0,0.0,0,50000,1,0,0,0,0,0,0,0
22.89390828199863,4.0,154.0,0.0,0.0,0.0,0.0,1,200000,0,0,1,0,0,0,0,0
25.623545516769337,125.0,5702.0,8.0,15.0,0.12627148368993335,0.23675903191862505,1,3000000,0,0,0,0,0,0,0,0
23.477070499657767,0.0,0.0,0.0,0.0,0.0,0.0,0,300000,1,0,0,0,0,0,0,0
25.585215605749486,118.0,3807.0,27.0,5.0,0.6382978723404256,0.1182033096926714,1,3000000,0,0,0,0,0,0,0,0
23.301848049281315,99.0,6110.0,2.0,2.0,0.029459901800327336,0.029459901800327336,1,4500000,1,0,0,0,0,0,1,0
21.73305954825462,0.0,0.0,0.0,0.0,0.0,0.0,0,100000,0,0,1,0,0,0,0,0
23.4031485284052,1.0,1.0,0.0,0.0,0.0,0.0,1,25000,1,0,0,0,0,0,0,0
22.305270362765228,0.0,0.0,0.0,0.0,0.0,0.0,0,400000,1,0,0,0,0,0,0,0
21.72210814510609,1.0,90.0,0.0,0.0,0.0,0.0,1,150000,1,0,0,0,0,0,0,0
22.65845311430527,14.0,518.0,0.0,0.0,0.0,0.0,1,400000,0,0,1,0,0,0,0,0
22.72689938398357,2.0,109.0,0.0,1.0,0.0,0.0,1,200000,0,0,1,0,0,0,0,0
23.26899383983573,7.0,630.0,0.0,1.0,0.0,0.14285714285714285,1,1000000,0,1,0,0,0,0,0,0
24.416153319644078,166.0,11670.0,64.0,27.0,0.493573264781491,0.20822622107969152,1,15000000,0,0,0,0,0,0,0,0
26.872005475701574,33.0,1725.0,3.0,6.0,0.1565217391304348,0.3130434782608696,1,9000000,1,0,0,0,1,0,0,0
21.182751540041068,0.0,0.0,0.0,0.0,0.0,0.0,0,250000,0,1,0,0,0,0,0,1
23.32375085557837,96.0,7097.0,8.0,3.0,0.10145131745808089,0.03804424404678033,1,45000000,1,0,0,0,0,0,0,1
23.189596167008897,0.0,0.0,0.0,0.0,0.0,0.0,0,100000,0,1,0,0,0,0,0,0
22.934976043805612,3.0,130.0,0.0,0.0,0.0,0.0,1,100000,1,0,0,0,0,0,0,0
23.707049965776864,0.0,0.0,0.0,0.0,0.0,0.0,0,150000,0,0,1,0,0,0,0,0
23.45242984257358,0.0,0.0,0.0,0.0,0.0,0.0,0,50000,1,0,0,0,0,0,0,0
21.66461327857632,0.0,0.0,0.0,0.0,0.0,0.0,0,50000,0,0,0,0,0,0,0,0
23.277207392197127,0.0,0.0,0.0,0.0,0.0,0.0,0,150000,0,0,1,0,0,0,0,0
24.843258042436688,57.0,2161.0,5.0,3.0,0.20823692734844979,0.12494215640906987,1,1800000,0,0,0,0,0,0,0,0
19.72621492128679,0.0,0.0,0.0,0.0,0.0,0.0,0,50000,0,0,1,0,0,0,1,0
23.184120465434635,32.0,1974.0,0.0,1.0,0.0,0.04559270516717326,1,7000000,1,0,0,0,0,0,1,0
23.619438740588638,1.0,20.0,0.0,0.0,0.0,0.0,1,300000,0,0,0,0,0,0,0,0
23.84394250513347,50.0,2901.0,0.0,2.0,0.0,0.06204756980351603,1,3000000,1,0,0,0,0,0,0,0
23.77549623545517,1.0,90.0,0.0,0.0,0.0,0.0,1,50000,0,1,0,0,0,0,0,0
24.005475701574266,0.0,0.0,0.0,0.0,0.0,0.0,0,200000,0,0,0,0,0,0,0,0
21.305954825462013,0.0,0.0,0.0,0.0,0.0,0.0,0,50000,1,0,0,0,0,0,0,0
22.548939082819988,0.0,0.0,0.0,0.0,0.0,0.0,0,50000,0,0,1,0,0,0,0,0
22.94318959616701,1.0,23.0,1.0,0.0,0.0,0.0,1,3000000,0,0,0,0,0,0,1,0
23.906913073237508,3.0,34.0,0.0,0.0,0.0,0.0,1,600000,0,0,1,0,1,0,0,0
27.72895277207392,22.0,1444.0,9.0,3.0,0.5609418282548477,0.18698060941828257,1,3000000,0,0,0,0,0,0,0,1
26.537987679671456,93.0,5480.0,2.0,6.0,0.03284671532846715,0.09854014598540146,1,5000000,1,0,0,0,0,0,1,0
22.84188911704312,43.0,2670.0,1.0,9.0,0.033707865168539325,0.30337078651685395,1,1500000,1,0,0,0,0,1,0,0
23.370294318959616,107.0,4489.0,11.0,4.0,0.22053909556694143,0.08019603475161506,1,10000000,0,0,1,0,0,0,1,0
26.32991101984942,188.0,12698.0,13.0,23.0,0.0921404945660734,0.16301779807843755,1,28000000,0,0,1,0,0,1,0,0
22.90759753593429,24.0,458.0,2.0,1.0,0.3930131004366812,0.1965065502183406,1,1500000,0,0,0,0,0,0,0,0
21.39630390143737,1.0,90.0,0.0,0.0,0.0,0.0,1,50000,0,1,0,0,0,0,0,0
24.791238877481177,0.0,0.0,0.0,0.0,0.0,0.0,0,150000,0,1,0,0,0,0,0,0
21.976728268309376,14.0,754.0,0.0,0.0,0.0,0.0,1,800000,1,0,0,0,0,0,0,0
24.520191649555098,151.0,10689.0,11.0,13.0,0.09261857984844232,0.10945832163906821,1,7500000,0,0,1,0,0,0,0,0
24.34223134839151,132.0,6113.0,4.0,6.0,0.05889088827089809,0.08833633240634713,1,10000000,0,0,1,0,0,0,0,0
21.598904859685145,0.0,0.0,0.0,0.0,0.0,0.0,0,50000,1,0,0,0,0,1,0,0
25.09240246406571,94.0,6876.0,10.0,8.0,0.13089005235602094,0.10471204188481675,1,7000000,0,0,1,0,1,0,0,0
22.97056810403833,0.0,0.0,0.0,0.0,0.0,0.0,0,100000,1,0,0,0,0,0,0,0
21.44558521560575,1.0,87.0,0.0,1.0,0.0,0.0,1,100000,1,0,0,0,0,0,0,0
22.899383983572896,1.0,4.0,0.0,0.0,0.0,0.0,1,1000000,0,0,1,0,0,0,0,0
22.822724161533195,42.0,2100.0,0.0,0.0,0.0,0.0,1,10000000,1,0,0,0,0,0,0,1
20.33675564681725,0.0,0.0,0.0,0.0,0.0,0.0,0,150000,0,0,0,0,1,0,0,0
21.54688569472964,1.0,18.0,0.0,0.0,0.0,0.0,1,300000,0,0,0,0,0,0,0,0
20.59958932238193,0.0,0.0,0.0,0.0,0.0,0.0,0,100000,0,1,0,0,0,0,0,0
25.311430527036276,78.0,5286.0,1.0,1.0,0.0170261066969353,0.0170261066969353,1,2000000,1,0,0,0,0,0,0,0
22.60369609856263,1.0,70.0,0.0,0.0,0.0,0.0,1,300000,0,0,0,0,0,0,0,0
19.564681724845997,0.0,0.0,0.0,0.0,0.0,0.0,0,25000,0,0,1,0,0,0,0,0
22.677618069815196,1.0,90.0,0.0,0.0,0.0,0.0,1,200000,0,1,0,0,0,0,0,0
22.63107460643395,168.0,11618.0,3.0,21.0,0.023239800309864004,0.16267860216904803,1,50000000,1,0,0,0,0,0,0,0
22.72416153319644,75.0,3902.0,1.0,7.0,0.023065094823167605,0.16145566376217324,1,18000000,0,0,1,0,0,0,0,0
20.386036960985628,0.0,0.0,0.0,0.0,0.0,0.0,0,75000,0,0,0,0,0,0,1,0
23.069130732375086,136.0,6993.0,32.0,28.0,0.41184041184041187,0.36036036036036034,1,100000000,0,0,1,0,0,0,0,0
19.46611909650924,0.0,0.0,0.0,0.0,0.0,0.0,0,750000,0,0,0,0,0,0,0,1
21.809719370294317,0.0,0.0,0.0,0.0,0.0,0.0,0,200000,0,0,1,0,0,0,1,0
22.34360027378508,0.0,0.0,0.0,0.0,0.0,0.0,0,10000,0,0,0,0,0,0,1,0
21.281314168377822,12.0,585.0,0.0,2.0,0.0,0.3076923076923077,1,5000000,0,0,1,0,1,0,0,0
25.117043121149898,19.0,1116.0,0.0,0.0,0.0,0.0,1,1500000,1,0,0,0,0,0,0,0
24.843258042436688,4.0,376.0,0.0,0.0,0.0,0.0,1,300000,1,0,0,0,0,0,0,0
22.072553045859,3.0,118.0,0.0,0.0,0.0,0.0,1,300000,1,0,0,0,0,1,0,0
27.32101300479124,127.0,7163.0,13.0,13.0,0.16333938294010888,0.16333938294010888,1,12000000,0,0,0,0,0,0,0,0
23.991786447638603,0.0,0.0,0.0,0.0,0.0,0.0,0,50000,1,0,0,0,0,0,0,0
19.68788501026694,0.0,0.0,0.0,0.0,0.0,0.0,0,500000,1,0,0,0,0,0,0,1
20.26009582477755,0.0,0.0,0.0,0.0,0.0,0.0,0,100000,1,0,0,0,1,0,0,0
24.37782340862423,59.0,4679.0,0.0,0.0,0.0,0.0,1,2500000,1,0,0,0,1,0,0,0
23.668720054757017,57.0,2412.0,4.0,3.0,0.1492537313432836,0.11194029850746269,1,3000000,0,0,0,0,0,0,0,0
21.347022587268995,1.0,10.0,0.0,0.0,0.0,0.0,1,150000,0,0,0,0,1,0,0,0
25.286789869952088,126.0,7506.0,19.0,7.0,0.22781774580335734,0.08393285371702638,1,10000000,0,0,0,0,0,0,0,0
23.567419575633128,304.0,17952.0,8.0,16.0,0.040106951871657755,0.08021390374331551,1,50000000,0,0,1,0,0,0,0,0
20.12046543463381,0.0,0.0,0.0,0.0,0.0,0.0,0,200000,0,1,0,0,0,0,1,0
21.88637919233402,27.0,1715.0,1.0,1.0,0.052478134110787174,0.052478134110787174,1,7000000,1,0,0,0,0,0,0,1
23.835728952772072,0.0,0.0,0.0,0.0,0.0,0.0,0,200000,1,0,0,0,0,1,0,0
23.184120465434635,119.0,5366.0,9.0,4.0,0.15095042862467387,0.06708907938874394,1,8500000,0,0,1,0,0,0,1,0
20.28473648186174,0.0,0.0,0.0,0.0,0.0,0.0,0,150000,1,0,0,0,0,0,1,0
23.085557837097877,0.0,0.0,0.0,0.0,0.0,0.0,0,900000,0,0,1,0,0,0,1,0
25.023956194387406,7.0,80.0,0.0,0.0,0.0,0.0,1,300000,0,0,0,0,0,0,1,0
25.404517453798768,74.0,6674.0,1.0,3.0,0.013485166317051244,0.04045549895115373,1,40000000,0,0,1,0,0,0,0,1
26.357289527720738,49.0,2993.0,0.0,2.0,0.0,0.06014032743067157,1,2000000,0,0,1,0,0,0,1,0
25.27583846680356,126.0,7646.0,10.0,10.0,0.11770860580695788,0.11770860580695788,1,25000000,0,0,1,0,0,1,0,0
22.98425735797399,69.0,5077.0,1.0,0.0,0.017727004136300965,0.0,1,16000000,1,0,0,0,0,0,1,0
23.0362765229295,18.0,801.0,0.0,0.0,0.0,0.0,1,800000,0,0,1,0,0,0,1,0
21.930184804928132,0.0,0.0,0.0,0.0,0.0,0.0,0,100000,0,0,0,0,1,0,0,0
25.39630390143737,207.0,14086.0,3.0,8.0,0.019167968195371293,0.051114581854323445,1,15000000,1,0,0,0,0,0,1,0
24.854209445585216,3.0,22.0,0.0,0.0,0.0,0.0,1,100000,0,0,0,0,1,0,0,0
22.409308692676248,59.0,2917.0,0.0,0.0,0.0,0.0,1,18000000,0,0,1,0,0,1,0,0
24.451745379876797,112.0,5930.0,16.0,13.0,0.24283305227655988,0.1973018549747049,1,6000000,0,0,0,0,0,0,0,1
19.980835044490075,0.0,0.0,0.0,0.0,0.0,0.0,0,150000,0,0,1,0,0,1,0,0
19.972621492128678,0.0,0.0,0.0,0.0,0.0,0.0,0,250000,0,0,1,0,0,1,0,0
20.826830937713893,0.0,0.0,0.0,0.0,0.0,0.0,0,200000,1,0,0,0,0,1,0,0
24.903490759753595,3.0,300.0,0.0,0.0,0.0,0.0,1,16000000,0,1,0,0,0,1,0,0
26.012320328542096,103.0,6618.0,6.0,6.0,0.08159564823209428,0.08159564823209428,1,10000000,1,0,0,0,1,0,0,0
23.34839151266256,18.0,741.0,1.0,0.0,0.1214574898785425,0.0,1,6000000,0,0,1,0,0,1,0,0
21.88911704312115,1.0,15.0,0.0,0.0,0.0,0.0,1,150000,1,0,0,0,0,1,0,0
31.227926078028748,138.0,7756.0,7.0,9.0,0.0812274368231047,0.10443527591542032,1,1000000,0,0,0,0,1,0,0,0
21.856262833675565,0.0,0.0,0.0,0.0,0.0,0.0,0,250000,0,0,1,0,0,0,0,0
21.965776865160848,6.0,153.0,0.0,0.0,0.0,0.0,1,2000000,1,0,0,0,0,1,0,0
21.831622176591377,166.0,10176.0,10.0,18.0,0.08844339622641509,0.15919811320754718,1,30000000,0,0,1,0,0,0,0,0
20.40520191649555,0.0,0.0,0.0,0.0,0.0,0.0,0,200000,0,1,0,0,0,0,0,0
20.331279945242983,0.0,0.0,0.0,0.0,0.0,0.0,0,25000,0,0,1,0,0,0,0,0
19.23340177960301,2.0,52.0,0.0,0.0,0.0,0.0,1,400000,0,0,1,0,0,0,0,0
22.258726899383984,19.0,1280.0,1.0,3.0,0.0703125,0.2109375,1,5000000,1,0,0,0,0,0,1,0
21.932922655715263,124.0,9331.0,1.0,0.0,0.009645268459972135,0.0,1,40000000,1,0,0,0,0,1,0,0
22.223134839151268,7.0,129.0,0.0,0.0,0.0,0.0,1,5000000,0,0,1,0,0,0,0,0
23.7782340862423,32.0,2231.0,0.0,0.0,0.0,0.0,1,1500000,1,0,0,0,1,0,0,0
23.37577002053388,78.0,7019.0,0.0,0.0,0.0,0.0,1,28000000,0,1,0,0,0,1,0,0
21.984941820670773,1.0,21.0,0.0,0.0,0.0,0.0,1,75000,0,0,0,0,0,1,0,0
24.435318275154003,38.0,2464.0,2.0,6.0,0.07305194805194806,0.21915584415584416,1,10000000,0,0,0,0,0,0,0,0
22.023271731690624,7.0,448.0,0.0,0.0,0.0,0.0,1,1800000,0,0,1,0,0,0,1,0
26.811772758384667,107.0,8656.0,4.0,2.0,0.041589648798521256,0.020794824399260628,1,15000000,1,0,0,0,1,0,0,0
22.362765229295004,12.0,429.0,0.0,0.0,0.0,0.0,1,3500000,1,0,0,0,0,1,0,0
21.607118412046542,105.0,4508.0,21.0,6.0,0.4192546583850932,0.11978704525288375,1,20000000,0,0,0,0,0,0,1,0
25.374401095140314,187.0,15033.0,32.0,30.0,0.19157852724007185,0.17960486928756733,1,90000000,0,0,1,0,0,1,0,0
21.44558521560575,0.0,0.0,0.0,0.0,0.0,0.0,0,150000,0,0,0,0,0,0,1,0
20.71457905544148,0.0,0.0,0.0,0.0,0.0,0.0,0,100000,1,0,0,0,0,1,0,0
22.94592744695414,3.0,270.0,0.0,0.0,0.0,0.0,1,500000,1,0,0,0,1,0,0,0
24.78028747433265,89.0,4650.0,3.0,2.0,0.05806451612903226,0.03870967741935484,1,4000000,0,0,1,0,1,0,0,0
23.416837782340863,18.0,1254.0,0.0,0.0,0.0,0.0,1,4500000,1,0,0,0,1,0,0,0
26.23134839151266,56.0,4930.0,1.0,1.0,0.018255578093306288,0.018255578093306288,1,9000000,1,0,0,0,1,0,0,0
22.483230663928815,0.0,0.0,0.0,0.0,0.0,0.0,0,150000,0,1,0,0,1,0,0,0
23.906913073237508,92.0,5405.0,0.0,2.0,0.0,0.03330249768732655,1,4000000,0,0,1,0,0,0,0,0
24.56125941136208,126.0,7414.0,1.0,9.0,0.012139196115457242,0.1092527650391152,1,4000000,1,0,0,0,0,1,0,0
21.215605749486652,8.0,225.0,0.0,0.0,0.0,0.0,1,350000,0,0,0,0,1,0,0,0
25.585215605749486,183.0,8723.0,14.0,14.0,0.14444571821621002,0.14444571821621002,1,1500000,0,0,0,0,0,0,1,0
27.698836413415467,27.0,2130.0,1.0,3.0,0.04225352112676056,0.1267605633802817,1,8000000,1,0,0,0,0,0,0,1
23.783709787816566,8.0,142.0,0.0,0.0,0.0,0.0,1,400000,0,0,1,0,1,0,0,0
21.560574948665298,0.0,0.0,0.0,0.0,0.0,0.0,0,800000,0,0,1,0,0,0,1,0
22.863791923340177,1.0,22.0,0.0,0.0,0.0,0.0,1,500000,1,0,0,0,0,0,1,0
20.750171115674195,0.0,0.0,0.0,0.0,0.0,0.0,0,400000,0,0,0,0,0,0,1,0
22.72416153319644,1.0,90.0,0.0,0.0,0.0,0.0,1,900000,0,1,0,0,0,0,1,0
21.22108145106092,0.0,0.0,0.0,0.0,0.0,0.0,0,150000,1,0,0,0,1,0,0,0
19.44147843942505,0.0,0.0,0.0,0.0,0.0,0.0,0,25000,0,1,0,0,0,0,1,0
20.292950034223136,0.0,0.0,0.0,0.0,0.0,0.0,0,150000,1,0,0,0,0,0,1,0
20.199863107460644,14.0,677.0,0.0,0.0,0.0,0.0,1,1500000,1,0,0,0,0,0,1,0
19.208761122518823,0.0,0.0,0.0,0.0,0.0,0.0,0,200000,1,0,0,0,0,0,1,0
21.848049281314168,1.0,4.0,0.0,0.0,0.0,0.0,1,400000,0,0,0,0,0,0,1,0
19.84120465434634,1.0,13.0,0.0,0.0,0.0,0.0,1,800000,0,0,1,0,0,0,1,0
21.83709787816564,81.0,3907.0,5.0,3.0,0.11517788584591758,0.06910673150755055,1,20000000,0,0,1,0,0,0,1,0
20.840520191649556,0.0,0.0,0.0,0.0,0.0,0.0,0,50000,0,0,0,0,0,0,1,0
26.60643394934976,59.0,2082.0,5.0,3.0,0.21613832853025938,0.12968299711815562,1,1800000,0,0,0,0,0,0,1,0
20.320328542094455,0.0,0.0,0.0,0.0,0.0,0.0,0,25000,1,0,0,0,0,0,1,0
25.963039014373717,13.0,374.0,1.0,1.0,0.24064171122994651,0.24064171122994651,1,500000,0,0,0,0,1,0,0,0
23.351129363449694,43.0,3188.0,0.0,0.0,0.0,0.0,1,13000000,1,0,0,0,0,0,1,0
23.143052703627653,112.0,7202.0,19.0,9.0,0.23743404609830604,0.11246875867814496,1,25000000,0,0,1,0,1,0,0,0
22.217659137577,1.0,90.0,0.0,0.0,0.0,0.0,1,300000,1,0,0,0,0,0,0,0
24.076659822039698,39.0,2101.0,4.0,7.0,0.17134697762970014,0.29985721085197525,1,6000000,1,0,0,0,0,0,0,0
20.098562628336754,1.0,90.0,1.0,1.0,0.0,0.0,1,2000000,0,0,0,0,0,1,0,0
20.229979466119097,0.0,0.0,0.0,0.0,0.0,0.0,0,25000,0,1,0,0,0,0,1,0
21.196440793976727,8.0,604.0,1.0,1.0,0.1490066225165563,0.1490066225165563,1,500000,0,0,1,0,0,1,0,0
25.924709103353866,168.0,11031.0,49.0,36.0,0.3997824313298885,0.2937177046505303,1,35000000,0,0,0,0,1,0,0,0
18.140999315537304,1.0,90.0,0.0,0.0,0.0,0.0,1,150000,0,0,1,0,0,1,0,0
22.357289527720738,33.0,1897.0,6.0,1.0,0.2846599894570374,0.047443331576172906,1,10000000,0,0,1,0,0,0,0,1
21.916495550992472,12.0,377.0,0.0,0.0,0.0,0.0,1,5000000,0,0,1,0,0,1,0,0
20.35318275154004,0.0,0.0,0.0,0.0,0.0,0.0,0,300000,0,1,0,0,1,0,0,0
22.84188911704312,0.0,0.0,0.0,0.0,0.0,0.0,0,1500000,0,0,1,0,0,1,0,0
20.44079397672827,1.0,29.0,0.0,0.0,0.0,0.0,1,150000,0,0,0,0,1,0,0,0
21.4072553045859,0.0,0.0,0.0,0.0,0.0,0.0,0,100000,0,1,0,0,1,0,0,0
24.53388090349076,212.0,15137.0,9.0,24.0,0.0535112637907115,0.14269670344189733,1,30000000,1,0,0,0,0,1,0,0
19.975359342915812,0.0,0.0,0.0,0.0,0.0,0.0,0,100000,1,0,0,0,0,0,1,0
20.944558521560573,0.0,0.0,0.0,0.0,0.0,0.0,0,25000,0,1,0,0,0,0,1,0
22.80082135523614,0.0,0.0,0.0,0.0,0.0,0.0,0,300000,0,0,1,0,0,0,0,1
20.09034907597536,2.0,4.0,0.0,0.0,0.0,0.0,1,600000,0,0,1,0,0,0,0,1
20.36413415468857,1.0,31.0,0.0,0.0,0.0,0.0,1,250000,0,0,0,0,0,0,1,0
22.04517453798768,148.0,10259.0,15.0,22.0,0.131591773077298,0.19300126718003704,1,35000000,0,0,1,0,0,0,0,1
22.360027378507873,59.0,2276.0,7.0,9.0,0.27680140597539543,0.35588752196836554,1,8000000,0,0,0,0,0,0,0,1
21.817932922655714,69.0,5028.0,6.0,15.0,0.10739856801909309,0.26849642004773266,1,25000000,0,0,1,0,1,0,0,0
20.344969199178646,27.0,1784.0,2.0,1.0,0.10089686098654709,0.05044843049327354,1,2000000,1,0,0,0,0,0,1,0
21.032169746748803,54.0,3245.0,20.0,9.0,0.5546995377503853,0.24961479198767333,1,15000000,0,0,0,0,1,0,0,0
22.469541409993155,0.0,0.0,0.0,0.0,0.0,0.0,0,100000,0,1,0,0,0,1,0,0
21.53593429158111,1.0,45.0,0.0,0.0,0.0,0.0,1,50000,1,0,0,0,0,1,0,0
20.870636550308006,0.0,0.0,0.0,0.0,0.0,0.0,0,150000,0,0,0,0,0,0,1,0
22.168377823408623,23.0,1827.0,2.0,1.0,0.09852216748768473,0.04926108374384237,1,25000000,1,0,0,0,1,0,0,0
22.026009582477755,0.0,0.0,0.0,0.0,0.0,0.0,0,100000,0,0,0,0,1,0,0,0
24.320328542094455,57.0,3485.0,1.0,0.0,0.02582496413199426,0.0,1,800000,1,0,0,0,0,0,1,0
24.958247775496236,263.0,15740.0,58.0,35.0,0.33163913595933925,0.20012706480304956,1,45000000,0,0,0,0,0,1,0,0
22.015058179329227,0.0,0.0,0.0,0.0,0.0,0.0,0,500000,1,0,0,0,0,0,1,0
20.177960301163587,0.0,0.0,0.0,0.0,0.0,0.0,0,200000,0,0,1,0,0,1,0,0
21.111567419575632,3.0,217.0,0.0,0.0,0.0,0.0,1,400000,0,0,0,0,0,1,0,0
20.45448323066393,2.0,59.0,0.0,0.0,0.0,0.0,1,350000,0,0,0,0,0,1,0,0
22.245037645448324,0.0,0.0,0.0,0.0,0.0,0.0,0,250000,1,0,0,0,0,1,0,0
21.418206707734427,0.0,0.0,0.0,0.0,0.0,0.0,0,300000,0,0,1,0,0,1,0,0
23.249828884325805,1.0,90.0,0.0,0.0,0.0,0.0,1,750000,1,0,0,0,0,0,0,1
22.050650239561943,30.0,2700.0,0.0,0.0,0.0,0.0,1,3000000,0,1,0,0,0,1,0,0
26.38740588637919,114.0,6257.0,6.0,4.0,0.08630334025891002,0.05753556017260668,1,1000000,0,0,1,0,0,0,1,0
25.423682409308693,117.0,7073.0,50.0,23.0,0.6362222536406051,0.2926622366746784,1,5000000,0,0,0,0,0,0,0,1
25.519507186858316,142.0,10219.0,9.0,7.0,0.07926411586260887,0.061649867893140226,1,15000000,0,0,1,0,0,0,0,0
21.336071184120467,0.0,0.0,0.0,0.0,0.0,0.0,0,400000,0,0,1,0,0,0,1,0
18.600958247775495,0.0,0.0,0.0,0.0,0.0,0.0,0,150000,1,0,0,0,0,1,0,0
19.942505133470227,2.0,12.0,0.0,0.0,0.0,0.0,1,400000,0,0,0,0,0,1,0,0
18.10814510609172,1.0,2.0,0.0,0.0,0.0,0.0,1,200000,0,0,1,0,0,1,0,0
20.186173853524984,1.0,55.0,0.0,0.0,0.0,0.0,1,100000,0,0,1,0,1,0,0,0
22.770704996577688,0.0,0.0,0.0,0.0,0.0,0.0,0,150000,1,0,0,0,0,1,0,0
25.78781656399726,69.0,4098.0,3.0,2.0,0.06588579795021962,0.043923865300146414,1,3500000,1,0,0,0,0,0,0,0
20.369609856262834,1.0,18.0,0.0,0.0,0.0,0.0,1,400000,0,0,0,0,0,0,0,1
21.19917864476386,2.0,91.0,0.0,0.0,0.0,0.0,1,150000,0,0,0,0,0,0,1,0
26.559890485968516,16.0,567.0,1.0,0.0,0.15873015873015872,0.0,1,1500000,0,0,1,0,0,0,0,0
23.616700889801507,81.0,3676.0,6.0,12.0,0.14689880304678998,0.29379760609357997,1,800000,0,0,0,0,1,0,0,0
24.413415468856947,166.0,9412.0,32.0,23.0,0.3059923501912452,0.2199320016999575,1,22000000,0,0,0,0,0,1,0,0
20.0,0.0,0.0,0.0,0.0,0.0,0.0,0,50000,0,1,0,0,0,0,1,0
20.33675564681725,0.0,0.0,0.0,0.0,0.0,0.0,0,200000,1,0,0,0,0,0,1,0
23.748117727583846,204.0,17551.0,3.0,3.0,0.01538373881830095,0.01538373881830095,1,40000000,1,0,0,0,1,0,0,0
17.53593429158111,0.0,0.0,0.0,0.0,0.0,0.0,0,100000,0,0,1,0,1,0,0,0
20.867898699520875,1.0,90.0,0.0,0.0,0.0,0.0,1,200000,0,0,0,0,0,1,0,0
19.572895277207394,7.0,117.0,0.0,0.0,0.0,0.0,1,2500000,0,0,1,0,0,0,1,0
19.904175222450377,0.0,0.0,0.0,0.0,0.0,0.0,0,500000,0,0,0,0,0,0,1,0
19.16495550992471,0.0,0.0,0.0,0.0,0.0,0.0,0,125000,1,0,0,0,0,0,1,0
22.600958247775495,96.0,2535.0,6.0,4.0,0.21301775147928995,0.14201183431952663,1,20000000,0,0,1,0,0,0,0,1
22.63107460643395,58.0,4557.0,0.0,1.0,0.0,0.019749835418038184,1,6000000,1,0,0,0,1,0,0,0
22.702258726899384,85.0,5275.0,1.0,1.0,0.017061611374407582,0.017061611374407582,1,6000000,0,0,1,0,0,0,1,0
20.161533196440793,0.0,0.0,0.0,0.0,0.0,0.0,0,400000,0,0,0,0,1,0,0,0
22.507871321013006,46.0,1171.0,1.0,4.0,0.07685738684884715,0.3074295473953886,1,8000000,0,0,1,0,1,0,0,0
23.411362080766597,172.0,9281.0,53.0,18.0,0.5139532377976511,0.17455015623316453,1,18000000,0,0,0,0,1,0,0,0
23.17864476386037,123.0,7367.0,24.0,10.0,0.2931994027419574,0.12216641780914891,1,20000000,0,0,0,0,1,0,0,0
22.885694729637233,1.0,7.0,0.0,0.0,0.0,0.0,1,600000,0,1,0,0,0,0,1,0
21.026694045174537,0.0,0.0,0.0,0.0,0.0,0.0,0,250000,0,0,0,0,0,0,1,0
24.396988364134156,204.0,15045.0,8.0,7.0,0.047856430707876374,0.04187437686939182,1,50000000,1,0,0,0,0,1,0,0
21.765913757700204,105.0,4693.0,32.0,8.0,0.6136799488600042,0.15341998721500105,1,20000000,0,0,0,0,0,0,0,0
19.37303216974675,0.0,0.0,0.0,0.0,0.0,0.0,0,25000,1,0,0,0,0,0,1,0
27.299110198494184,9.0,235.0,1.0,0.0,0.0,0.0,1,800000,1,0,0,0,0,0,0,0
22.425735797399042,107.0,8055.0,4.0,4.0,0.0446927374301676,0.0446927374301676,1,18000000,1,0,0,0,1,0,0,0
22.354551676933607,92.0,4691.0,10.0,14.0,0.19185674696226818,0.2685994457471754,1,25000000,0,0,1,0,1,0,0,0
23.93429158110883,132.0,10643.0,9.0,5.0,0.0761063609884431,0.04228131166024617,1,40000000,1,0,0,0,0,1,0,0
23.86858316221766,106.0,7301.0,2.0,1.0,0.02465415696479934,0.01232707848239967,1,15000000,1,0,0,0,0,0,0,0
24.62422997946612,168.0,14486.0,2.0,5.0,0.012425790418334942,0.031064476045837362,1,80000000,1,0,0,0,1,0,0,0
22.89390828199863,63.0,2468.0,3.0,4.0,0.1094003241491086,0.1458670988654781,1,28000000,0,0,0,0,0,1,0,0
19.76454483230664,12.0,1014.0,1.0,0.0,0.08875739644970415,0.0,1,1500000,1,0,0,0,0,1,0,0
25.00205338809035,1.0,90.0,0.0,0.0,0.0,0.0,1,1500000,0,0,1,0,0,1,0,0
22.836413415468858,0.0,0.0,0.0,0.0,0.0,0.0,0,200000,1,0,0,0,1,0,0,0
24.112251882272417,110.0,7857.0,6.0,12.0,0.06872852233676977,0.13745704467353953,1,8000000,1,0,0,0,0,1,0,0
20.0,0.0,0.0,0.0,0.0,0.0,0.0,0,150000,0,0,1,0,1,0,0,0
24.470910335386723,79.0,4158.0,5.0,5.0,0.10822510822510824,0.10822510822510824,1,8000000,0,0,1,0,1,0,0,0
24.046543463381244,72.0,5530.0,1.0,1.0,0.0162748643761302,0.0162748643761302,1,12000000,1,0,0,0,0,0,0,0
20.112251882272417,0.0,0.0,0.0,0.0,0.0,0.0,0,275000,0,0,0,0,0,0,1,0
22.521560574948666,1.0,90.0,0.0,0.0,0.0,0.0,1,350000,0,1,0,0,0,1,0,0
21.286789869952088,8.0,186.0,0.0,0.0,0.0,0.0,1,500000,0,0,1,0,0,0,1,0
24.407939767282684,0.0,0.0,0.0,0.0,0.0,0.0,0,400000,0,0,0,0,0,0,0,1
22.217659137577,0.0,0.0,0.0,0.0,0.0,0.0,0,1700000,0,0,0,0,0,0,1,0
23.189596167008897,3.0,81.0,0.0,0.0,0.0,0.0,1,350000,0,0,1,0,0,1,0,0
23.737166324435318,68.0,3593.0,17.0,7.0,0.4258279988867242,0.17534094071806292,1,5500000,0,0,0,0,0,0,1,0
19.68788501026694,2.0,67.0,0.0,0.0,0.0,0.0,1,2000000,0,0,1,0,0,1,0,0
20.421629021218344,0.0,0.0,0.0,0.0,0.0,0.0,0,200000,0,1,0,0,0,0,1,0
26.94318959616701,128.0,9555.0,4.0,2.0,0.03767660910518053,0.018838304552590265,1,7000000,0,0,1,0,0,0,0,1
21.38261464750171,3.0,179.0,1.0,0.0,0.0,0.0,1,1000000,1,0,0,0,0,0,1,0
20.407939767282684,0.0,0.0,0.0,0.0,0.0,0.0,0,400000,0,0,1,0,0,0,1,0
23.838466803559207,30.0,1457.0,0.0,1.0,0.0,0.06177076183939602,1,20000000,0,0,1,0,0,0,0,1
23.81656399726215,30.0,1086.0,4.0,0.0,0.3314917127071823,0.0,1,18000000,0,0,0,0,0,1,0,0
23.800136892539356,15.0,938.0,0.0,0.0,0.0,0.0,1,2000000,0,0,1,0,0,0,0,1
20.021902806297057,0.0,0.0,0.0,0.0,0.0,0.0,0,200000,0,1,0,0,0,0,0,1
21.065023956194388,1.0,20.0,0.0,0.0,0.0,0.0,1,400000,1,0,0,0,0,0,0,1
19.915126625598905,0.0,0.0,0.0,0.0,0.0,0.0,0,150000,1,0,0,0,0,0,0,1
24.240930869267626,87.0,4978.0,6.0,11.0,0.10847730012053033,0.19887505022097227,1,3000000,0,0,0,0,0,0,0,0
26.239561943874058,0.0,0.0,0.0,0.0,0.0,0.0,0,250000,1,0,0,0,1,0,0,0
21.872689938398356,20.0,946.0,0.0,0.0,0.0,0.0,1,4500000,1,0,0,0,1,0,0,0
23.98631074606434,0.0,0.0,0.0,0.0,0.0,0.0,0,100000,0,1,0,0,1,0,0,0
20.145106091718002,0.0,0.0,0.0,0.0,0.0,0.0,0,150000,0,0,0,0,0,0,1,0
19.41409993155373,0.0,0.0,0.0,0.0,0.0,0.0,0,100000,0,1,0,0,0,0,1,0
22.90759753593429,133.0,6558.0,16.0,9.0,0.21957913998170173,0.12351326623970722,1,15000000,0,0,1,0,0,1,0,0
22.84188911704312,26.0,1532.0,2.0,3.0,0.1174934725848564,0.1762402088772846,1,6000000,0,0,0,0,0,0,0,1
22.65845311430527,82.0,4776.0,7.0,4.0,0.13190954773869346,0.07537688442211056,1,35000000,0,0,1,0,0,1,0,0
22.255989048596852,35.0,3048.0,0.0,1.0,0.0,0.02952755905511811,1,30000000,0,0,1,0,0,0,0,1
21.141683778234086,2.0,29.0,0.0,0.0,0.0,0.0,1,75000,0,0,0,0,0,1,0,0
21.90280629705681,23.0,1181.0,0.0,1.0,0.0,0.07620660457239627,1,12000000,0,0,1,0,1,0,0,0
22.47501711156742,0.0,0.0,0.0,0.0,0.0,0.0,0,150000,0,1,0,0,0,0,1,0
20.862422997946613,2.0,180.0,0.0,0.0,0.0,0.0,1,350000,1,0,0,0,0,1,0,0
24.262833675564682,93.0,5301.0,6.0,3.0,0.10186757215619695,0.050933786078098474,1,4000000,0,0,1,0,1,0,0,0
20.292950034223136,0.0,0.0,0.0,0.0,0.0,0.0,0,50000,1,0,0,0,1,0,0,0
27.315537303216974,15.0,1155.0,1.0,0.0,0.07792207792207792,0.0,1,3000000,1,0,0,0,1,0,0,0
22.954140999315538,2.0,90.0,0.0,0.0,0.0,0.0,1,700000,0,0,1,0,0,0,0,0
22.830937713894592,33.0,1996.0,4.0,1.0,0.18036072144288576,0.04509018036072144,1,15000000,0,0,1,0,0,0,0,0
23.252566735112936,62.0,1449.0,4.0,1.0,0.2484472049689441,0.062111801242236024,1,1500000,0,0,0,0,0,0,0,0
20.772073921971252,2.0,23.0,0.0,0.0,0.0,0.0,1,150000,0,0,1,0,0,0,0,0
22.5927446954141,58.0,3005.0,6.0,6.0,0.17970049916805325,0.17970049916805325,1,40000000,0,0,1,0,0,0,1,0
22.680355920602327,1.0,17.0,0.0,0.0,0.0,0.0,1,25000,1,0,0,0,0,0,0,0
19.87953456536619,0.0,0.0,0.0,0.0,0.0,0.0,0,100000,1,0,0,0,0,0,0,0
22.798083504449007,6.0,332.0,0.0,0.0,0.0,0.0,1,300000,1,0,0,0,0,0,0,0
20.733744010951405,0.0,0.0,0.0,0.0,0.0,0.0,0,50000,1,0,0,0,0,0,0,0
22.93223819301848,34.0,955.0,2.0,0.0,0.1884816753926702,0.0,1,1000000,1,0,0,0,0,0,0,0
20.227241615331966,0.0,0.0,0.0,0.0,0.0,0.0,0,100000,0,1,0,0,0,0,0,0
22.811772758384667,0.0,0.0,0.0,0.0,0.0,0.0,0,500000,0,1,0,0,0,0,0,0
21.1088295687885,0.0,0.0,0.0,0.0,0.0,0.0,0,250000,0,0,1,0,1,0,0,0
23.38945927446954,99.0,6645.0,3.0,7.0,0.040632054176072234,0.09480812641083522,1,35000000,0,0,1,0,0,0,1,0
25.913757700205338,3.0,243.0,0.0,0.0,0.0,0.0,1,2000000,1,0,0,0,0,1,0,0
24.58590006844627,94.0,6480.0,27.0,15.0,0.375,0.20833333333333331,1,24000000,0,0,0,0,0,0,0,1
23.121149897330596,139.0,8804.0,24.0,16.0,0.2453430258973194,0.1635620172648796,1,35000000,0,0,0,0,0,0,1,0
22.93223819301848,8.0,367.0,2.0,1.0,0.49046321525885556,0.24523160762942778,1,8000000,0,0,0,0,0,1,0,0
22.494182067077343,116.0,9833.0,10.0,5.0,0.09152852639072512,0.04576426319536256,1,25000000,1,0,0,0,0,0,0,1
21.163586584531142,7.0,147.0,2.0,0.0,0.0,0.0,1,1000000,0,0,0,0,0,0,0,0
19.301848049281315,0.0,0.0,0.0,0.0,0.0,0.0,0,125000,1,0,0,0,0,0,1,0
19.79192334017796,0.0,0.0,0.0,0.0,0.0,0.0,0,600000,0,0,0,0,0,0,1,0
24.684462696783026,95.0,5027.0,3.0,0.0,0.05370996618261388,0.0,1,10000000,0,0,1,0,1,0,0,0
21.763175906913073,12.0,453.0,0.0,0.0,0.0,0.0,1,600000,0,0,1,0,0,0,0,1
20.476386036960985,1.0,35.0,0.0,0.0,0.0,0.0,1,150000,0,0,1,0,0,1,0,0
21.675564681724847,158.0,10669.0,17.0,17.0,0.14340612990908239,0.14340612990908239,1,140000000,0,0,1,0,1,0,0,0
21.987679671457904,80.0,3486.0,14.0,5.0,0.36144578313253006,0.12908777969018934,1,15000000,0,0,0,0,0,1,0,0
21.22108145106092,69.0,3799.0,1.0,2.0,0.02369044485390892,0.04738088970781784,1,15000000,0,0,1,0,0,1,0,0
21.741273100616016,7.0,660.0,0.0,0.0,0.0,0.0,1,1700000,0,1,0,0,0,1,0,0
19.852156057494867,7.0,88.0,0.0,1.0,0.0,0.0,1,2000000,0,0,0,0,0,0,1,0
22.365503080082135,174.0,8042.0,16.0,15.0,0.1790599353394678,0.16786868938075106,1,15000000,0,0,0,0,1,0,0,0
21.10609171800137,18.0,436.0,1.0,0.0,0.20642201834862386,0.0,1,6000000,0,0,0,0,0,1,0,0
19.638603696098563,3.0,65.0,0.0,0.0,0.0,0.0,1,1200000,0,0,1,0,0,1,0,0
21.73305954825462,107.0,7274.0,3.0,7.0,0.03711850426175419,0.08660984327742645,1,40000000,1,0,0,0,0,1,0,0
19.748117727583846,2.0,11.0,0.0,0.0,0.0,0.0,1,500000,0,0,0,0,0,1,0,0
21.864476386036962,3.0,270.0,0.0,0.0,0.0,0.0,1,6000000,0,1,0,0,0,1,0,0
19.485284052019164,15.0,1040.0,0.0,1.0,0.0,0.08653846153846154,1,1500000,1,0,0,0,0,1,0,0
18.34360027378508,0.0,0.0,0.0,0.0,0.0,0.0,0,1200000,0,0,0,0,0,1,0,0
21.817932922655714,134.0,6101.0,18.0,19.0,0.26553024094410754,0.28028192099655796,1,30000000,0,0,0,0,0,1,0,0
21.021218343600275,0.0,0.0,0.0,0.0,0.0,0.0,0,300000,0,0,1,0,0,1,0,0
20.2217659137577,0.0,0.0,0.0,0.0,0.0,0.0,0,900000,1,0,0,0,0,1,0,0
21.724845995893222,8.0,339.0,0.0,0.0,0.0,0.0,1,5000000,1,0,0,0,0,1,0,0
20.15605749486653,0.0,0.0,0.0,0.0,0.0,0.0,0,25000,1,0,0,0,0,0,1,0
23.630390143737166,25.0,1687.0,1.0,1.0,0.053349140486069944,0.053349140486069944,1,4500000,1,0,0,0,1,0,0,0
23.28268309377139,127.0,6079.0,18.0,14.0,0.26649119921039643,0.20727093271919722,1,9000000,0,0,1,0,1,0,0,0
26.373716632443532,104.0,4587.0,19.0,11.0,0.3727926749509483,0.2158273381294964,1,4500000,0,0,0,0,0,0,0,0
26.21218343600274,25.0,891.0,0.0,3.0,0.0,0.30303030303030304,1,1800000,0,0,0,0,0,0,1,0
23.080082135523615,87.0,3558.0,11.0,9.0,0.2782462057335582,0.22765598650927485,1,28000000,0,0,0,0,1,0,0,0
20.041067761806982,0.0,0.0,0.0,0.0,0.0,0.0,0,75000,0,0,1,0,0,0,1,0
23.857631759069132,120.0,4258.0,19.0,9.0,0.4015969938938469,0.19023015500234852,1,7000000,0,0,0,0,1,0,0,0
21.29226557152635,1.0,6.0,0.0,0.0,0.0,0.0,1,800000,0,0,0,0,0,0,1,0
22.184804928131417,0.0,0.0,0.0,0.0,0.0,0.0,0,200000,0,0,1,0,0,0,0,0
20.657084188911703,27.0,1390.0,4.0,1.0,0.2589928057553957,0.06474820143884892,1,2000000,0,0,0,0,0,0,0,1
20.383299110198493,0.0,0.0,0.0,0.0,0.0,0.0,0,25000,0,1,0,0,0,0,1,0
24.92539356605065,141.0,9357.0,3.0,1.0,0.02885540237255531,0.009618467457518435,1,14000000,1,0,0,0,0,1,0,0
24.134154688569474,36.0,2757.0,1.0,0.0,0.03264417845484222,0.0,1,6000000,1,0,0,0,0,0,1,0
22.926762491444215,20.0,661.0,0.0,5.0,0.0,0.680786686838124,1,3000000,0,0,1,0,0,1,0,0
27.59479808350445,154.0,11290.0,13.0,6.0,0.10363153232949514,0.04782993799822852,1,7000000,1,0,0,0,1,0,0,0
25.152635181382614,88.0,4930.0,5.0,6.0,0.09127789046653144,0.10953346855983773,1,4000000,0,0,0,0,0,0,1,0
22.403832991101986,7.0,591.0,0.0,0.0,0.0,0.0,1,1500000,1,0,0,0,0,0,0,1
21.478439425051334,1.0,5.0,0.0,0.0,0.0,0.0,1,400000,0,0,0,0,0,0,0,1
23.378507871321013,4.0,70.0,0.0,0.0,0.0,0.0,1,300000,0,0,0,0,0,0,0,1
22.806297056810404,107.0,5882.0,6.0,11.0,0.09180550833049984,0.16831009860591636,1,10000000,1,0,0,0,0,0,0,0
19.86858316221766,0.0,0.0,0.0,0.0,0.0,0.0,0,150000,0,0,1,0,1,0,0,0
25.065023956194388,55.0,1934.0,1.0,3.0,0.04653567735263703,0.13960703205791106,1,800000,0,0,0,0,0,0,1,0
21.82614647501711,0.0,0.0,0.0,0.0,0.0,0.0,0,150000,0,0,1,0,1,0,0,0
23.310061601642712,23.0,687.0,2.0,0.0,0.26200873362445415,0.0,1,1000000,0,0,0,0,1,0,0,0
22.17385352498289,0.0,0.0,0.0,0.0,0.0,0.0,0,150000,0,0,1,0,0,1,0,0
23.222450376454482,0.0,0.0,0.0,0.0,0.0,0.0,0,225000,0,0,1,0,0,0,0,1
24.043805612594113,0.0,0.0,0.0,0.0,0.0,0.0,0,50000,0,1,0,0,1,0,0,0
23.548254620123203,10.0,384.0,2.0,0.0,0.46875,0.0,1,1200000,0,0,0,0,0,0,0,1
19.34839151266256,0.0,0.0,0.0,0.0,0.0,0.0,0,50000,0,1,0,0,0,0,1,0
20.34223134839151,2.0,14.0,0.0,0.0,0.0,0.0,1,175000,0,0,0,0,0,0,0,1
26.910335386721425,114.0,8553.0,3.0,13.0,0.03156787092248334,0.13679410733076114,1,9000000,1,0,0,0,0,0,0,0
20.243668720054757,7.0,274.0,0.0,0.0,0.0,0.0,1,800000,0,0,0,0,0,0,1,0
24.89801505817933,68.0,3230.0,4.0,5.0,0.11145510835913314,0.1393188854489164,1,2000000,0,0,1,0,0,0,0,1
27.11567419575633,18.0,1101.0,3.0,1.0,0.24523160762942778,0.08174386920980926,1,4000000,0,0,0,0,0,0,0,1
23.247091033538673,33.0,2925.0,2.0,2.0,0.06153846153846154,0.06153846153846154,1,25000000,1,0,0,0,0,0,1,0
21.305954825462013,20.0,342.0,0.0,1.0,0.0,0.2631578947368421,1,500000,0,0,1,0,1,0,0,0
25.587953456536617,1.0,90.0,0.0,1.0,0.0,0.0,1,1500000,0,0,0,0,0,1,0,0
22.847364818617386,45.0,2090.0,3.0,3.0,0.1291866028708134,0.1291866028708134,1,5000000,0,0,0,0,0,1,0,0
20.016427104722794,1.0,1.0,0.0,0.0,0.0,0.0,1,200000,0,0,1,0,0,1,0,0
21.02943189596167,0.0,0.0,0.0,0.0,0.0,0.0,0,125000,0,0,1,0,0,0,0,1
21.166324435318277,62.0,3450.0,8.0,9.0,0.20869565217391303,0.2347826086956522,1,15000000,0,0,1,0,0,1,0,0
23.71526351813826,13.0,469.0,1.0,0.0,0.19189765458422176,0.0,1,3000000,0,0,0,0,1,0,0,0
23.835728952772072,15.0,1129.0,1.0,2.0,0.07971656333038087,0.15943312666076173,1,2500000,1,0,0,0,0,0,0,1
23.526351813826146,245.0,17721.0,28.0,33.0,0.14220416455053328,0.16759776536312848,1,150000000,0,0,1,0,0,0,0,0
24.45448323066393,32.0,1414.0,1.0,0.0,0.06364922206506365,0.0,1,700000,0,0,1,0,1,0,0,0
22.083504449007528,0.0,0.0,0.0,0.0,0.0,0.0,0,200000,0,1,0,0,0,0,0,1
26.50513347022587,77.0,4753.0,13.0,8.0,0.2461603197980223,0.15148327372185988,1,20000000,0,0,0,0,0,1,0,0
24.10403832991102,5.0,306.0,0.0,1.0,0.0,0.29411764705882354,1,400000,1,0,0,0,0,0,0,0
22.376454483230663,64.0,4079.0,2.0,3.0,0.04412846285854376,0.06619269428781564,1,20000000,1,0,0,0,0,0,0,1
20.281998631074607,0.0,0.0,0.0,0.0,0.0,0.0,0,200000,1,0,0,0,0,0,1,0
21.83983572895277,8.0,72.0,0.0,0.0,0.0,0.0,1,450000,0,0,0,0,0,0,0,1
22.34633812457221,0.0,0.0,0.0,0.0,0.0,0.0,0,200000,1,0,0,0,0,0,0,1
20.331279945242983,1.0,83.0,0.0,0.0,0.0,0.0,1,100000,0,1,0,0,1,0,0,0
22.94592744695414,1.0,9.0,0.0,0.0,0.0,0.0,1,800000,0,0,1,0,0,0,0,1
22.584531143052704,0.0,0.0,0.0,0.0,0.0,0.0,0,400000,1,0,0,0,0,0,0,1
23.920602327173167,0.0,0.0,0.0,0.0,0.0,0.0,0,350000,0,0,1,0,1,0,0,0
19.926078028747433,0.0,0.0,0.0,0.0,0.0,0.0,0,600000,0,0,1,0,0,1,0,0
25.385352498288842,61.0,3069.0,2.0,2.0,0.05865102639296188,0.05865102639296188,1,7000000,1,0,0,0,0,0,1,0
21.900068446269678,5.0,244.0,1.0,0.0,0.0,0.0,1,400000,0,0,1,0,0,0,0,1
26.04791238877481,79.0,5121.0,16.0,8.0,0.281195079086116,0.140597539543058,1,5000000,0,0,0,0,0,0,0,0
24.583162217659137,205.0,16989.0,10.0,13.0,0.052975454705986226,0.0688680911177821,1,100000000,0,0,1,0,0,1,0,0
20.40520191649555,1.0,19.0,0.0,0.0,0.0,0.0,1,200000,0,0,0,0,0,0,0,1
26.182067077344286,122.0,8792.0,2.0,2.0,0.020473157415832575,0.020473157415832575,1,4000000,0,0,1,0,1,0,0,0
22.34360027378508,0.0,0.0,0.0,0.0,0.0,0.0,0,50000,1,0,0,0,1,0,0,0
24.706365503080082,80.0,5553.0,5.0,3.0,0.08103727714748785,0.04862236628849271,1,20000000,0,0,1,0,0,0,0,0
22.962354551676935,41.0,3059.0,0.0,1.0,0.0,0.029421379535796013,1,15000000,1,0,0,0,0,1,0,0
20.227241615331966,0.0,0.0,0.0,0.0,0.0,0.0,0,200000,1,0,0,0,0,0,0,1
19.915126625598905,5.0,124.0,0.0,0.0,0.0,0.0,1,1400000,0,0,1,0,0,0,0,1
21.401779603011637,0.0,0.0,0.0,0.0,0.0,0.0,0,150000,0,0,0,0,1,0,0,0
25.00752908966461,121.0,9232.0,4.0,3.0,0.0389948006932409,0.02924610051993068,1,12000000,1,0,0,0,1,0,0,0
24.45448323066393,144.0,7618.0,9.0,17.0,0.10632711997899712,0.20084011551588343,1,22000000,0,0,1,0,0,0,1,0
23.20328542094456,98.0,4379.0,7.0,3.0,0.14386846311943366,0.06165791276547157,1,8500000,0,0,1,0,0,0,1,0
19.665982203969882,0.0,0.0,0.0,0.0,0.0,0.0,0,25000,0,1,0,0,0,0,1,0
23.40041067761807,1.0,70.0,0.0,0.0,0.0,0.0,1,2000000,1,0,0,0,0,0,1,0
19.81930184804928,0.0,0.0,0.0,0.0,0.0,0.0,0,50000,0,0,0,0,0,0,1,0
28.093086926762492,47.0,3323.0,1.0,3.0,0.027083960276858263,0.08125188083057477,1,2500000,1,0,0,0,1,0,0,0
22.94592744695414,75.0,5843.0,7.0,13.0,0.1078213246619887,0.2002396029436933,1,40000000,1,0,0,0,0,0,0,1
27.59753593429158,28.0,1873.0,3.0,2.0,0.14415376401494928,0.09610250934329952,1,3000000,0,0,1,0,1,0,0,0
21.281314168377822,0.0,0.0,0.0,0.0,0.0,0.0,0,225000,1,0,0,0,0,0,0,1
20.175222450376456,0.0,0.0,0.0,0.0,0.0,0.0,0,125000,1,0,0,0,0,0,0,1
22.88021902806297,37.0,2349.0,0.0,2.0,0.0,0.07662835249042146,1,4000000,1,0,0,0,0,0,0,0
22.33264887063655,2.0,123.0,0.0,0.0,0.0,0.0,1,500000,1,0,0,0,0,0,1,0
23.37303216974675,66.0,3632.0,2.0,4.0,0.04955947136563877,0.09911894273127754,1,800000,0,0,1,0,0,0,1,0
22.702258726899384,7.0,286.0,1.0,0.0,0.3146853146853147,0.0,1,8000000,0,0,0,0,0,0,0,1
20.079397672826833,0.0,0.0,0.0,0.0,0.0,0.0,0,100000,0,0,1,0,0,0,0,1
19.71252566735113,0.0,0.0,0.0,0.0,0.0,0.0,0,75000,0,1,0,0,0,0,0,1
19.98904859685147,0.0,0.0,0.0,0.0,0.0,0.0,0,125000,0,0,1,0,0,0,0,1
19.644079397672826,15.0,836.0,1.0,0.0,0.10765550239234449,0.0,1,1800000,1,0,0,0,0,0,0,1
19.28268309377139,0.0,0.0,0.0,0.0,0.0,0.0,0,250000,0,0,0,0,0,0,0,1
21.815195071868583,53.0,3195.0,1.0,2.0,0.02816901408450704,0.05633802816901408,1,12000000,0,0,1,0,0,0,0,1
21.06776180698152,1.0,90.0,0.0,0.0,0.0,0.0,1,250000,0,0,1,0,0,1,0,0
25.22381930184805,26.0,2279.0,1.0,0.0,0.03949100482667837,0.0,1,16000000,1,0,0,0,0,1,0,0
20.692676249144423,0.0,0.0,0.0,0.0,0.0,0.0,0,150000,0,1,0,0,1,0,0,0
24.35318275154004,0.0,0.0,0.0,0.0,0.0,0.0,0,150000,0,0,1,0,1,0,0,0
22.885694729637233,0.0,0.0,0.0,0.0,0.0,0.0,0,50000,0,1,0,0,1,0,0,0
25.590691307323752,36.0,1660.0,5.0,0.0,0.27108433734939763,0.0,1,4000000,0,0,0,0,0,0,0,1
22.409308692676248,0.0,0.0,0.0,0.0,0.0,0.0,0,50000,0,1,0,0,0,0,0,0
24.637919233401778,0.0,0.0,0.0,0.0,0.0,0.0,0,700000,0,0,1,0,1,0,0,0
25.32511978097194,10.0,775.0,0.0,0.0,0.0,0.0,1,400000,0,1,0,0,1,0,0,0
24.79397672826831,0.0,0.0,0.0,0.0,0.0,0.0,0,350000,0,0,1,0,1,0,0,0
19.5564681724846,0.0,0.0,0.0,0.0,0.0,0.0,0,10000,0,1,0,0,0,0,0,1
19.644079397672826,1.0,2.0,0.0,0.0,0.0,0.0,1,300000,0,0,1,0,0,0,0,1
20.580424366872005,1.0,5.0,0.0,0.0,0.0,0.0,1,600000,0,0,0,0,0,0,0,1
23.110198494182068,22.0,757.0,0.0,0.0,0.0,0.0,1,7000000,0,0,0,0,0,1,0,0
18.34360027378508,0.0,0.0,0.0,0.0,0.0,0.0,0,300000,0,0,0,0,0,1,0,0
23.025325119780973,13.0,730.0,2.0,2.0,0.24657534246575344,0.24657534246575344,1,18000000,0,0,0,0,0,1,0,0
22.17659137577002,9.0,158.0,0.0,0.0,0.0,0.0,1,900000,0,0,1,0,0,0,0,0
22.926762491444215,64.0,2505.0,0.0,5.0,0.0,0.17964071856287422,1,18000000,0,0,1,0,0,1,0,0
24.40246406570842,0.0,0.0,0.0,0.0,0.0,0.0,0,250000,1,0,0,0,1,0,0,0
21.144421629021217,0.0,0.0,0.0,0.0,0.0,0.0,0,300000,0,1,0,0,1,0,0,0
20.35318275154004,0.0,0.0,0.0,0.0,0.0,0.0,0,10000,1,0,0,0,0,0,1,0
20.66255989048597,0.0,0.0,0.0,0.0,0.0,0.0,0,100000,1,0,0,0,1,0,0,0
22.874743326488705,14.0,334.0,0.0,0.0,0.0,0.0,1,2500000,0,0,0,0,0,0,0,0
22.543463381245722,0.0,0.0,0.0,0.0,0.0,0.0,0,100000,0,0,1,0,1,0,0,0
23.044490075290895,0.0,0.0,0.0,0.0,0.0,0.0,0,300000,0,0,1,0,1,0,0,0
25.429158110882955,2.0,24.0,0.0,0.0,0.0,0.0,1,100000,0,0,1,0,0,0,0,0
23.16495550992471,0.0,0.0,0.0,0.0,0.0,0.0,0,250000,1,0,0,0,0,0,0,0
19.572895277207394,0.0,0.0,0.0,0.0,0.0,0.0,0,50000,0,0,0,0,0,0,1,0
24.27378507871321,83.0,6361.0,2.0,8.0,0.0282974375098255,0.113189750039302,1,10000000,0,0,1,0,0,0,0,1
19.72347707049966,4.0,36.0,1.0,0.0,0.0,0.0,1,1000000,0,0,1,0,0,1,0,0
18.54072553045859,1.0,25.0,0.0,0.0,0.0,0.0,1,150000,0,0,1,0,0,1,0,0
19.641341546885695,7.0,118.0,0.0,0.0,0.0,0.0,1,400000,0,0,1,0,0,0,1,0
20.39425051334702,0.0,0.0,0.0,0.0,0.0,0.0,0,25000,0,0,1,0,0,0,1,0
20.046543463381244,1.0,1.0,0.0,0.0,0.0,0.0,1,200000,0,0,0,0,0,1,0,0
22.72416153319644,25.0,1363.0,0.0,1.0,0.0,0.06603081438004402,1,10000000,0,0,1,0,0,1,0,0
24.361396303901437,116.0,9013.0,6.0,1.0,0.059913458337956284,0.00998557638965938,1,12000000,1,0,0,0,0,0,1,0
24.982888432580424,2.0,180.0,0.0,0.0,0.0,0.0,1,5000000,1,0,0,0,0,1,0,0
21.861738535249827,1.0,17.0,0.0,0.0,0.0,0.0,1,200000,0,0,0,0,0,0,0,1
21.71937029431896,3.0,57.0,0.0,1.0,0.0,0.0,1,5000000,0,0,0,0,0,0,1,0
18.409308692676248,1.0,65.0,0.0,0.0,0.0,0.0,1,150000,0,0,1,0,0,1,0,0
23.707049965776864,116.0,6553.0,2.0,7.0,0.027468335113688385,0.09613917289790935,1,12000000,1,0,0,0,0,1,0,0
19.033538672142367,0.0,0.0,0.0,0.0,0.0,0.0,0,10000,0,1,0,0,0,0,0,1
19.731690622861056,0.0,0.0,0.0,0.0,0.0,0.0,0,200000,0,1,0,0,0,0,0,1
19.200547570157426,0.0,0.0,0.0,0.0,0.0,0.0,0,100000,1,0,0,0,0,0,0,1
22.261464750171115,5.0,43.0,0.0,0.0,0.0,0.0,1,150000,0,0,1,0,0,0,0,0
25.130732375085557,17.0,344.0,1.0,0.0,0.2616279069767442,0.0,1,800000,0,0,1,0,0,0,1,0
23.51813826146475,26.0,922.0,0.0,0.0,0.0,0.0,1,1500000,0,0,1,0,1,0,0,0
21.987679671457904,89.0,4209.0,11.0,14.0,0.2352102637205987,0.2993585174625802,1,28000000,0,0,1,0,0,0,0,1
21.36892539356605,0.0,0.0,0.0,0.0,0.0,0.0,0,75000,0,0,1,0,1,0,0,0
20.8870636550308,8.0,118.0,2.0,0.0,0.0,0.0,1,700000,0,0,0,0,0,0,1,0
21.073237508555785,5.0,348.0,0.0,0.0,0.0,0.0,1,3000000,1,0,0,0,0,1,0,0
21.530458590006845,112.0,6941.0,7.0,11.0,0.09076501944964702,0.14263074484944532,1,28000000,1,0,0,0,0,1,0,0
22.171115674195757,42.0,965.0,6.0,3.0,0.5595854922279793,0.27979274611398963,1,3000000,0,0,0,0,0,0,0,1
23.392197125256672,52.0,3566.0,0.0,0.0,0.0,0.0,1,18000000,1,0,0,0,0,0,1,0
20.191649555099247,0.0,0.0,0.0,0.0,0.0,0.0,0,200000,0,0,1,0,0,0,1,0
22.56810403832991,0.0,0.0,0.0,0.0,0.0,0.0,0,200000,1,0,0,0,0,0,0,0
22.32991101984942,4.0,59.0,0.0,1.0,0.0,0.0,1,75000,0,0,1,0,0,0,1,0
25.144421629021217,123.0,8848.0,5.0,4.0,0.050858951175406876,0.0406871609403255,1,6000000,1,0,0,0,1,0,0,0
23.408624229979466,0.0,0.0,0.0,0.0,0.0,0.0,0,150000,0,0,1,0,0,0,0,0
20.161533196440793,0.0,0.0,0.0,0.0,0.0,0.0,0,150000,1,0,0,0,0,0,1,0
19.422313483915126,0.0,0.0,0.0,0.0,0.0,0.0,0,100000,0,1,0,0,0,0,1,0
22.46406570841889,0.0,0.0,0.0,0.0,0.0,0.0,0,200000,0,0,1,0,0,0,1,0
23.364818617385353,19.0,926.0,3.0,4.0,0.2915766738660907,0.38876889848812096,1,15000000,0,0,1,0,0,0,1,0
21.522245037645447,0.0,0.0,0.0,0.0,0.0,0.0,0,200000,0,0,0,0,0,1,0,0
20.238193018480494,1.0,79.0,0.0,0.0,0.0,0.0,1,250000,0,0,1,0,0,1,0,0
23.23066392881588,4.0,69.0,0.0,1.0,0.0,0.0,1,350000,0,0,0,0,0,1,0,0
21.297741273100616,0.0,0.0,0.0,0.0,0.0,0.0,0,50000,0,1,0,0,0,0,1,0
20.344969199178646,0.0,0.0,0.0,0.0,0.0,0.0,0,25000,1,0,0,0,0,0,1,0
22.93223819301848,0.0,0.0,0.0,0.0,0.0,0.0,0,750000,0,0,0,0,0,0,1,0
23.876796714579054,34.0,1600.0,5.0,1.0,0.28125,0.05625,1,3000000,0,0,0,0,0,0,0,1
20.372347707049965,0.0,0.0,0.0,0.0,0.0,0.0,0,25000,0,0,0,0,0,0,1,0
20.10677618069815,0.0,0.0,0.0,0.0,0.0,0.0,0,75000,0,1,0,0,0,0,1,0
25.4072553045859,59.0,1547.0,8.0,2.0,0.4654169360051713,0.11635423400129283,1,3500000,0,0,0,0,1,0,0,0
19.822039698836413,0.0,0.0,0.0,0.0,0.0,0.0,0,150000,0,0,0,0,0,0,1,0
20.268309377138944,0.0,0.0,0.0,0.0,0.0,0.0,0,75000,0,1,0,0,0,0,1,0
21.073237508555785,1.0,4.0,0.0,0.0,0.0,0.0,1,50000,0,0,1,0,0,0,1,0
19.770020533880903,0.0,0.0,0.0,0.0,0.0,0.0,0,100000,0,0,0,0,0,0,1,0
19.482546201232033,1.0,31.0,0.0,0.0,0.0,0.0,1,75000,1,0,0,0,0,0,1,0
20.0,0.0,0.0,0.0,0.0,0.0,0.0,0,50000,1,0,0,0,0,0,1,0
20.369609856262834,0.0,0.0,0.0,0.0,0.0,0.0,0,50000,0,0,1,0,0,0,1,0
20.334017796030118,0.0,0.0,0.0,0.0,0.0,0.0,0,50000,0,0,1,0,0,0,1,0
20.27652292950034,0.0,0.0,0.0,0.0,0.0,0.0,0,50000,0,0,1,0,0,0,1,0
20.16700889801506,0.0,0.0,0.0,0.0,0.0,0.0,0,10000,1,0,0,0,0,0,1,0
19.84120465434634,0.0,0.0,0.0,0.0,0.0,0.0,0,100000,0,0,1,0,0,0,1,0
20.295687885010267,0.0,0.0,0.0,0.0,0.0,0.0,0,100000,0,0,0,0,0,0,1,0
19.805612594113622,0.0,0.0,0.0,0.0,0.0,0.0,0,100000,1,0,0,0,0,0,1,0
20.123203285420946,1.0,14.0,0.0,0.0,0.0,0.0,1,800000,1,0,0,0,0,0,1,0
22.642026009582477,38.0,2787.0,0.0,3.0,0.0,0.0968783638320775,1,4500000,0,0,1,0,0,0,1,0
19.808350444900753,0.0,0.0,0.0,0.0,0.0,0.0,0,100000,0,1,0,0,0,0,1,0
20.399726214921287,0.0,0.0,0.0,0.0,0.0,0.0,0,25000,0,0,1,0,0,0,1,0
20.035592060232716,0.0,0.0,0.0,0.0,0.0,0.0,0,200000,0,1,0,0,0,0,1,0
24.27104722792608,93.0,5016.0,1.0,7.0,0.017942583732057416,0.1255980861244019,1,35000000,1,0,0,0,0,0,0,0
21.357973990417523,0.0,0.0,0.0,0.0,0.0,0.0,0,150000,1,0,0,0,0,0,0,0
25.3305954825462,42.0,1892.0,0.0,3.0,0.0,0.1427061310782241,1,1800000,1,0,0,0,0,0,0,0
21.125256673511295,0.0,0.0,0.0,0.0,0.0,0.0,0,50000,0,0,1,0,0,0,0,0
24.03832991101985,25.0,1821.0,0.0,0.0,0.0,0.0,1,1500000,1,0,0,0,0,0,0,1
23.731690622861056,41.0,1028.0,4.0,0.0,0.35019455252918286,0.0,1,800000,0,0,0,0,0,0,0,0
20.947296372347708,0.0,0.0,0.0,0.0,0.0,0.0,0,25000,0,0,0,0,0,0,1,0
19.29637234770705,1.0,1.0,0.0,0.0,0.0,0.0,1,350000,1,0,0,0,0,0,0,1
21.686516084873375,1.0,90.0,0.0,0.0,0.0,0.0,1,100000,0,1,0,0,0,0,0,0
22.748802190280628,1.0,90.0,0.0,0.0,0.0,0.0,1,500000,0,1,0,0,0,1,0,0
21.138945927446954,12.0,261.0,0.0,1.0,0.0,0.0,1,1000000,0,0,0,0,0,1,0,0
23.140314852840522,13.0,413.0,0.0,0.0,0.0,0.0,1,1000000,0,0,0,0,0,0,0,0
24.05201916495551,4.0,260.0,1.0,1.0,0.0,0.0,1,1800000,0,0,0,0,0,1,0,0
22.16016427104723,16.0,512.0,1.0,0.0,0.17578125,0.0,1,400000,0,0,0,0,1,0,0,0
22.38466803559206,0.0,0.0,0.0,0.0,0.0,0.0,0,50000,0,0,0,0,0,0,1,0
18.275154004106778,0.0,0.0,0.0,0.0,0.0,0.0,0,300000,0,0,0,0,0,1,0,0
21.32511978097194,5.0,23.0,0.0,0.0,0.0,0.0,1,450000,0,0,0,0,1,0,0,0
22.89664613278576,18.0,768.0,0.0,0.0,0.0,0.0,1,3000000,0,0,1,0,0,0,0,0
20.290212183436,1.0,1.0,0.0,0.0,0.0,0.0,1,150000,1,0,0,0,1,0,0,0
21.464750171115675,103.0,4336.0,8.0,9.0,0.16605166051660517,0.1868081180811808,1,10000000,0,0,0,0,0,0,0,1
18.751540041067763,0.0,0.0,0.0,0.0,0.0,0.0,0,150000,0,1,0,0,1,0,0,0
18.247775496235455,0.0,0.0,0.0,0.0,0.0,0.0,0,250000,1,0,0,0,1,0,0,0
21.062286105407257,0.0,0.0,0.0,0.0,0.0,0.0,0,25000,0,1,0,0,0,0,0,0
24.27104722792608,75.0,6043.0,2.0,1.0,0.029786529869270228,0.014893264934635114,1,9000000,1,0,0,0,0,0,0,0
23.041752224503764,2.0,100.0,0.0,0.0,0.0,0.0,1,100000,1,0,0,0,0,0,0,0
21.3305954825462,10.0,156.0,0.0,1.0,0.0,0.0,1,300000,0,0,0,0,0,0,0,0
19.753593429158112,0.0,0.0,0.0,0.0,0.0,0.0,0,1800000,0,0,0,0,0,0,1,0
23.512662559890487,6.0,156.0,0.0,0.0,0.0,0.0,1,300000,0,0,1,0,1,0,0,0
23.367556468172484,3.0,53.0,1.0,0.0,0.0,0.0,1,300000,0,0,0,0,0,0,0,0
20.32580424366872,2.0,20.0,0.0,0.0,0.0,0.0,1,1000000,0,0,1,0,0,0,1,0
19.84394250513347,0.0,0.0,0.0,0.0,0.0,0.0,0,200000,0,0,0,0,0,0,1,0
18.713210130047912,0.0,0.0,0.0,0.0,0.0,0.0,0,25000,0,1,0,0,0,0,1,0
24.05201916495551,146.0,9955.0,1.0,7.0,0.009040683073832245,0.06328478151682572,1,20000000,0,0,1,0,0,0,1,0
23.208761122518823,60.0,4054.0,4.0,3.0,0.08880118401578689,0.06660088801184015,1,15000000,1,0,0,0,0,1,0,0
21.338809034907598,1.0,9.0,0.0,0.0,0.0,0.0,1,200000,0,0,0,0,0,0,1,0
19.76728268309377,0.0,0.0,0.0,0.0,0.0,0.0,0,25000,0,0,1,0,0,0,1,0
23.3347022587269,29.0,1181.0,0.0,3.0,0.0,0.2286198137171888,1,2500000,1,0,0,0,0,0,1,0
23.745379876796715,182.0,10292.0,40.0,44.0,0.3497862417411582,0.38476486591527403,1,70000000,0,0,0,0,1,0,0,0
20.095824777549623,0.0,0.0,0.0,0.0,0.0,0.0,0,25000,0,0,0,0,0,0,1,0
20.76933607118412,0.0,0.0,0.0,0.0,0.0,0.0,0,100000,1,0,0,0,0,0,0,0
22.532511978097194,37.0,2668.0,0.0,3.0,0.0,0.10119940029985007,1,20000000,0,0,1,0,0,0,1,0
23.17864476386037,63.0,4646.0,3.0,1.0,0.058114507102884204,0.019371502367628066,1,1200000,1,0,0,0,1,0,0,0
18.874743326488705,0.0,0.0,0.0,0.0,0.0,0.0,0,300000,0,0,1,0,1,0,0,0
22.844626967830255,4.0,55.0,0.0,0.0,0.0,0.0,1,350000,0,0,0,0,1,0,0,0
22.368240930869266,3.0,93.0,0.0,0.0,0.0,0.0,1,50000,0,0,1,0,0,0,1,0
23.89869952087611,199.0,12853.0,37.0,40.0,0.25908348245545787,0.2800902513031977,1,40000000,0,0,0,0,0,0,0,0
23.5564681724846,7.0,277.0,3.0,0.0,0.9747292418772563,0.0,1,1500000,0,0,1,0,0,0,0,0
24.59958932238193,79.0,6145.0,8.0,5.0,0.11716842961757526,0.07323026851098453,1,25000000,1,0,0,0,0,0,0,0
25.14715947980835,19.0,448.0,0.0,2.0,0.0,0.40178571428571425,1,700000,0,0,0,0,0,0,0,0
23.312799452429843,0.0,0.0,0.0,0.0,0.0,0.0,0,100000,1,0,0,0,1,0,0,0
21.045859000684462,31.0,2159.0,0.0,2.0,0.0,0.08337193144974525,1,4000000,1,0,0,0,1,0,0,0
19.37577002053388,0.0,0.0,0.0,0.0,0.0,0.0,0,175000,0,0,1,0,0,0,1,0
20.369609856262834,0.0,0.0,0.0,0.0,0.0,0.0,0,50000,1,0,0,0,0,0,1,0
23.953456536618756,166.0,9871.0,56.0,28.0,0.5105865667105662,0.2552932833552831,1,80000000,0,0,0,0,0,1,0,0
20.262833675564682,0.0,0.0,0.0,0.0,0.0,0.0,0,150000,1,0,0,0,1,0,0,0
20.262833675564682,0.0,0.0,0.0,0.0,0.0,0.0,0,1000000,0,1,0,0,0,0,0,0
22.091718001368925,62.0,4178.0,1.0,8.0,0.0215414073719483,0.1723312589755864,1,12000000,1,0,0,0,0,0,1,0
19.498973305954827,0.0,0.0,0.0,0.0,0.0,0.0,0,100000,1,0,0,0,0,1,0,0
20.33675564681725,1.0,6.0,0.0,0.0,0.0,0.0,1,500000,0,0,1,0,0,0,0,0
22.135523613963038,80.0,3872.0,6.0,8.0,0.13946280991735538,0.1859504132231405,1,12000000,0,0,0,0,0,0,0,0
21.149897330595483,1.0,45.0,0.0,0.0,0.0,0.0,1,300000,0,0,0,0,0,0,0,0
20.810403832991103,2.0,25.0,0.0,0.0,0.0,0.0,1,225000,0,0,0,0,0,0,1,0
22.157426420260094,0.0,0.0,0.0,0.0,0.0,0.0,0,75000,0,1,0,0,0,0,1,0
21.21013004791239,0.0,0.0,0.0,0.0,0.0,0.0,0,150000,1,0,0,0,0,0,0,0
23.433264887063654,37.0,1418.0,1.0,1.0,0.06346967559943582,0.06346967559943582,1,1500000,0,0,0,0,0,0,0,0
19.644079397672826,0.0,0.0,0.0,0.0,0.0,0.0,0,50000,0,0,1,0,0,0,0,0
20.076659822039698,0.0,0.0,0.0,0.0,0.0,0.0,0,50000,0,1,0,0,0,0,0,1
20.216290212183434,1.0,12.0,0.0,0.0,0.0,0.0,1,400000,0,1,0,0,0,0,0,0
21.987679671457904,0.0,0.0,0.0,0.0,0.0,0.0,0,100000,1,0,0,0,0,0,0,0
22.088980150581794,3.0,87.0,0.0,1.0,0.0,0.0,1,200000,0,0,1,0,0,0,0,0
23.953456536618756,44.0,2805.0,1.0,1.0,0.0320855614973262,0.0320855614973262,1,2500000,1,0,0,0,0,0,0,0
23.748117727583846,87.0,4279.0,4.0,1.0,0.08413180649684505,0.021032951624211264,1,2000000,0,0,1,0,0,0,0,0
23.81930184804928,15.0,573.0,2.0,2.0,0.31413612565445026,0.31413612565445026,1,1400000,0,0,0,0,0,0,0,0
22.04517453798768,25.0,638.0,1.0,0.0,0.14106583072100312,0.0,1,1500000,0,0,1,0,1,0,0,0
20.372347707049965,0.0,0.0,0.0,0.0,0.0,0.0,0,300000,0,0,0,0,0,1,0,0
26.65845311430527,203.0,13046.0,61.0,29.0,0.4208186417292657,0.2000613214778476,1,35000000,0,0,0,0,0,1,0,0
23.860369609856264,0.0,0.0,0.0,0.0,0.0,0.0,0,100000,0,1,0,0,0,0,0,0
24.33675564681725,37.0,2636.0,1.0,3.0,0.03414264036418817,0.10242792109256449,1,25000000,0,0,1,0,0,0,0,0
21.930184804928132,3.0,140.0,0.0,1.0,0.0,0.0,1,250000,0,0,0,0,0,0,0,0
23.696098562628336,2.0,91.0,0.0,0.0,0.0,0.0,1,600000,1,0,0,0,0,0,0,0
23.709787816564,24.0,673.0,5.0,0.0,0.6686478454680534,0.0,1,1800000,0,0,0,0,0,0,0,0
25.136208076659823,1.0,46.0,0.0,0.0,0.0,0.0,1,500000,0,0,0,0,0,0,0,0
23.055441478439427,63.0,2279.0,4.0,4.0,0.15796401930671347,0.15796401930671347,1,2000000,0,0,1,0,0,0,0,1
25.05133470225873,90.0,7546.0,7.0,4.0,0.08348794063079777,0.04770739464617015,1,18000000,1,0,0,0,0,1,0,0
24.347707049965777,130.0,8630.0,5.0,5.0,0.05214368482039397,0.05214368482039397,1,12000000,1,0,0,0,0,0,0,0
21.864476386036962,0.0,0.0,0.0,0.0,0.0,0.0,0,200000,1,0,0,0,0,0,0,0
25.927446954141,141.0,8254.0,8.0,14.0,0.08723043372910104,0.15265325902592683,1,9000000,1,0,0,0,0,0,0,1
23.033538672142367,100.0,4777.0,6.0,2.0,0.11304165794431652,0.037680552648105506,1,20000000,0,0,1,0,1,0,0,0
23.62217659137577,91.0,6696.0,4.0,12.0,0.05376344086021505,0.16129032258064516,1,20000000,1,0,0,0,1,0,0,0
26.091718001368925,107.0,8897.0,1.0,2.0,0.010115769360458582,0.020231538720917163,1,4000000,1,0,0,0,0,0,0,1
22.187542778918548,137.0,7317.0,5.0,5.0,0.06150061500615006,0.06150061500615006,1,22000000,0,0,1,0,0,1,0,0
20.37782340862423,0.0,0.0,0.0,0.0,0.0,0.0,0,50000,0,1,0,0,0,0,1,0
25.388090349075977,180.0,16127.0,0.0,0.0,0.0,0.0,1,12000000,0,1,0,0,0,0,0,0
19.797399041752225,0.0,0.0,0.0,0.0,0.0,0.0,0,100000,0,0,1,0,0,1,0,0
19.279945242984258,0.0,0.0,0.0,0.0,0.0,0.0,0,200000,0,1,0,0,0,1,0,0
22.855578370978783,0.0,0.0,0.0,0.0,0.0,0.0,0,75000,0,1,0,0,0,0,1,0
21.021218343600275,1.0,90.0,0.0,0.0,0.0,0.0,1,150000,0,1,0,0,0,0,0,0
24.71731690622861,88.0,5303.0,9.0,13.0,0.15274372996417124,0.22062983217046953,1,8000000,0,0,0,0,0,0,1,0
22.491444216290212,1.0,30.0,0.0,0.0,0.0,0.0,1,150000,1,0,0,0,0,0,0,0
21.711156741957563,0.0,0.0,0.0,0.0,0.0,0.0,0,600000,1,0,0,0,0,1,0,0
26.239561943874058,1.0,90.0,1.0,0.0,0.0,0.0,1,14000000,0,0,1,0,0,1,0,0
18.80082135523614,0.0,0.0,0.0,0.0,0.0,0.0,0,100000,0,1,0,0,0,0,1,0
21.22655715263518,0.0,0.0,0.0,0.0,0.0,0.0,0,150000,1,0,0,0,0,0,0,0
21.22655715263518,5.0,257.0,0.0,2.0,0.0,0.0,1,500000,0,0,1,0,0,0,0,0
21.634496919917865,0.0,0.0,0.0,0.0,0.0,0.0,0,25000,0,0,0,0,0,0,0,0
21.475701574264203,0.0,0.0,0.0,0.0,0.0,0.0,0,50000,1,0,0,0,0,0,0,0
21.399041752224505,2.0,75.0,0.0,0.0,0.0,0.0,1,150000,0,0,0,0,0,0,0,0
23.55373032169747,0.0,0.0,0.0,0.0,0.0,0.0,0,800000,0,0,0,0,0,0,0,0
21.519507186858316,0.0,0.0,0.0,0.0,0.0,0.0,0,300000,0,0,0,0,0,0,0,0
25.086926762491444,54.0,4284.0,3.0,1.0,0.06302521008403361,0.02100840336134454,1,12000000,1,0,0,0,0,1,0,0
21.388090349075977,0.0,0.0,0.0,0.0,0.0,0.0,0,300000,1,0,0,0,0,0,1,0
25.689253935660506,59.0,3236.0,2.0,3.0,0.055624227441285534,0.08343634116192832,1,5000000,1,0,0,0,1,0,0,0
19.11567419575633,2.0,15.0,0.0,0.0,0.0,0.0,1,300000,0,0,1,0,0,0,0,1
19.460643394934976,3.0,36.0,0.0,0.0,0.0,0.0,1,500000,1,0,0,0,0,0,0,1
22.255989048596852,124.0,5861.0,2.0,2.0,0.030711482682136155,0.030711482682136155,1,32000000,0,0,1,0,0,1,0,0
23.16221765913758,0.0,0.0,0.0,0.0,0.0,0.0,0,50000,0,1,0,0,1,0,0,0
19.32375085557837,1.0,5.0,0.0,0.0,0.0,0.0,1,500000,0,0,1,0,0,0,0,1
22.135523613963038,0.0,0.0,0.0,0.0,0.0,0.0,0,400000,0,1,0,0,0,0,0,0
22.915811088295687,1.0,13.0,0.0,0.0,0.0,0.0,1,500000,1,0,0,0,0,0,0,0
20.67898699520876,0.0,0.0,0.0,0.0,0.0,0.0,0,100000,1,0,0,0,0,0,0,0
22.5927446954141,2.0,77.0,0.0,0.0,0.0,0.0,1,500000,0,0,0,0,0,0,0,0
27.81656399726215,69.0,2992.0,5.0,8.0,0.15040106951871657,0.24064171122994651,1,2500000,0,0,0,0,0,0,0,0
23.920602327173167,0.0,0.0,0.0,0.0,0.0,0.0,0,100000,0,0,1,0,0,0,0,0
21.620807665982205,0.0,0.0,0.0,0.0,0.0,0.0,0,100000,0,0,1,0,0,0,1,0
23.419575633127995,0.0,0.0,0.0,0.0,0.0,0.0,0,100000,1,0,0,0,0,0,0,0
21.308692676249144,0.0,0.0,0.0,0.0,0.0,0.0,0,100000,1,0,0,0,0,0,0,0
22.78986995208761,0.0,0.0,0.0,0.0,0.0,0.0,0,200000,1,0,0,0,0,0,0,0
19.55920602327173,0.0,0.0,0.0,0.0,0.0,0.0,0,1500000,0,0,1,0,0,0,0,1
20.071184120465436,1.0,12.0,0.0,0.0,0.0,0.0,1,300000,0,0,1,0,0,1,0,0
22.2943189596167,0.0,0.0,0.0,0.0,0.0,0.0,0,600000,0,1,0,0,0,0,0,1
20.92539356605065,0.0,0.0,0.0,0.0,0.0,0.0,0,100000,0,0,1,0,0,0,0,0
23.238877481177276,0.0,0.0,0.0,0.0,0.0,0.0,0,150000,0,0,1,0,0,0,0,0
20.55852156057495,18.0,441.0,0.0,1.0,0.0,0.20408163265306123,1,15000000,0,0,0,0,0,1,0,0
23.84394250513347,4.0,226.0,0.0,0.0,0.0,0.0,1,150000,1,0,0,0,0,0,0,0
23.028062970568104,22.0,1478.0,1.0,0.0,0.06089309878213803,0.0,1,6000000,1,0,0,0,0,0,0,0
23.173169062286107,94.0,3390.0,10.0,11.0,0.2654867256637168,0.2920353982300885,1,5000000,0,0,1,0,0,0,0,0
21.50034223134839,18.0,335.0,1.0,1.0,0.26865671641791045,0.26865671641791045,1,1200000,0,0,0,0,0,0,0,1
21.32785763175907,1.0,14.0,0.0,0.0,0.0,0.0,1,50000,0,0,1,0,0,0,0,0
23.923340177960302,87.0,5002.0,15.0,6.0,0.2698920431827269,0.10795681727309077,1,10000000,0,0,0,0,0,0,0,0
21.084188911704313,1.0,45.0,0.0,0.0,0.0,0.0,1,200000,0,0,0,0,0,0,0,0
21.53867214236824,0.0,0.0,0.0,0.0,0.0,0.0,0,100000,0,0,0,0,0,0,1,0
19.923340177960302,0.0,0.0,0.0,0.0,0.0,0.0,0,1800000,0,0,0,0,0,0,0,1
20.4435318275154,1.0,2.0,0.0,0.0,0.0,0.0,1,350000,0,0,0,0,0,0,1,0
17.9958932238193,0.0,0.0,0.0,0.0,0.0,0.0,0,10000,0,1,0,0,0,0,1,0
23.742642026009584,0.0,0.0,0.0,0.0,0.0,0.0,0,500000,0,0,1,0,0,0,0,0
22.247775496235455,11.0,119.0,0.0,0.0,0.0,0.0,1,500000,0,0,0,0,1,0,0,0
20.087611225188226,1.0,1.0,0.0,0.0,0.0,0.0,1,175000,0,0,0,0,0,0,1,0
19.975359342915812,0.0,0.0,0.0,0.0,0.0,0.0,0,100000,1,0,0,0,0,0,1,0
22.847364818617386,4.0,211.0,0.0,0.0,0.0,0.0,1,600000,1,0,0,0,1,0,0,0
20.34223134839151,1.0,13.0,0.0,0.0,0.0,0.0,1,100000,0,0,1,0,0,0,1,0
19.991786447638603,0.0,0.0,0.0,0.0,0.0,0.0,0,150000,0,0,0,0,0,0,1,0
18.92950034223135,8.0,332.0,0.0,0.0,0.0,0.0,1,800000,0,0,0,0,0,1,0,0
20.61601642710472,0.0,0.0,0.0,0.0,0.0,0.0,0,150000,0,1,0,0,0,0,1,0
20.974674880219027,47.0,1568.0,1.0,1.0,0.057397959183673464,0.057397959183673464,1,3000000,1,0,0,0,0,0,0,1
21.02943189596167,36.0,1630.0,0.0,1.0,0.0,0.05521472392638037,1,7500000,0,0,1,0,0,0,1,0
19.411362080766597,0.0,0.0,0.0,0.0,0.0,0.0,0,1000000,0,0,1,0,0,0,1,0
21.322381930184804,83.0,4984.0,15.0,11.0,0.27086677367576245,0.19863563402889245,1,35000000,0,0,0,0,1,0,0,0
21.930184804928132,1.0,10.0,0.0,0.0,0.0,0.0,1,2000000,0,0,1,0,0,0,1,0
20.424366872005475,0.0,0.0,0.0,0.0,0.0,0.0,0,200000,0,0,0,0,0,0,1,0
24.465434633812457,168.0,10029.0,32.0,21.0,0.2871672150762788,0.18845348489380795,1,40000000,0,0,0,0,0,0,0,0
20.555783709787818,9.0,579.0,0.0,0.0,0.0,0.0,1,800000,1,0,0,0,0,1,0,0
19.978097193702943,0.0,0.0,0.0,0.0,0.0,0.0,0,200000,1,0,0,0,0,1,0,0
22.986995208761122,1.0,90.0,0.0,0.0,0.0,0.0,1,800000,0,1,0,0,0,1,0,0
22.99520876112252,4.0,219.0,0.0,0.0,0.0,0.0,1,3000000,1,0,0,0,0,1,0,0
22.581793292265573,16.0,303.0,0.0,0.0,0.0,0.0,1,450000,0,0,1,0,0,1,0,0
20.45722108145106,0.0,0.0,0.0,0.0,0.0,0.0,0,2800000,0,0,1,0,0,1,0,0
23.238877481177276,1.0,14.0,0.0,0.0,0.0,0.0,1,100000,1,0,0,0,0,0,0,0
18.770704996577688,5.0,321.0,0.0,1.0,0.0,0.2803738317757009,1,2500000,0,0,0,0,0,0,1,0
18.91854893908282,0.0,0.0,0.0,0.0,0.0,0.0,0,150000,0,0,1,0,0,0,1,0
18.33538672142368,0.0,0.0,0.0,0.0,0.0,0.0,0,200000,0,0,1,0,1,0,0,0
23.225188227241617,28.0,2477.0,0.0,0.0,0.0,0.0,1,15000000,0,1,0,0,0,1,0,0
23.200547570157426,0.0,0.0,0.0,0.0,0.0,0.0,0,100000,0,1,0,0,1,0,0,0
23.802874743326488,49.0,2546.0,2.0,1.0,0.07069913589945012,0.03534956794972506,1,800000,0,0,0,0,0,0,1,0
18.781656399726216,0.0,0.0,0.0,0.0,0.0,0.0,0,50000,1,0,0,0,1,0,0,0
21.240246406570844,0.0,0.0,0.0,0.0,0.0,0.0,0,50000,0,1,0,0,1,0,0,0
21.45927446954141,130.0,8769.0,1.0,6.0,0.010263427984946972,0.06158056790968183,1,35000000,0,0,1,0,0,1,0,0
18.954140999315538,1.0,15.0,0.0,0.0,0.0,0.0,1,100000,0,0,0,0,0,0,1,0
23.67419575633128,79.0,5763.0,0.0,3.0,0.0,0.04685059864653826,1,2500000,1,0,0,0,0,0,1,0
24.082135523613964,3.0,270.0,0.0,0.0,0.0,0.0,1,50000,1,0,0,0,0,0,0,0
22.376454483230663,43.0,3104.0,2.0,1.0,0.05798969072164949,0.028994845360824743,1,15000000,1,0,0,0,0,0,1,0
24.78576317590691,11.0,570.0,0.0,0.0,0.0,0.0,1,3000000,1,0,0,0,0,1,0,0
20.01368925393566,0.0,0.0,0.0,0.0,0.0,0.0,0,150000,0,0,1,0,1,0,0,0
19.433264887063654,0.0,0.0,0.0,0.0,0.0,0.0,0,150000,0,0,0,0,1,0,0,0
25.593429158110883,148.0,9382.0,53.0,22.0,0.5084203794500107,0.211042421658495,1,30000000,0,0,0,0,0,0,0,0
22.510609171800137,3.0,23.0,0.0,0.0,0.0,0.0,1,2000000,0,0,1,0,1,0,0,0
19.20602327173169,0.0,0.0,0.0,0.0,0.0,0.0,0,125000,1,0,0,0,0,0,0,1
21.568788501026695,23.0,1538.0,2.0,0.0,0.11703511053315994,0.0,1,5000000,1,0,0,0,0,0,0,1
22.135523613963038,1.0,1.0,0.0,0.0,0.0,0.0,1,150000,0,0,1,0,0,0,0,1
24.320328542094455,0.0,0.0,0.0,0.0,0.0,0.0,0,2000000,0,1,0,0,0,0,1,0
26.12457221081451,175.0,13827.0,3.0,4.0,0.019527012367107834,0.026036016489477107,1,20000000,1,0,0,0,0,0,0,1
22.570841889117045,164.0,12489.0,7.0,13.0,0.050444391064136444,0.09368244054768196,1,35000000,1,0,0,0,0,1,0,0
26.754277891854894,225.0,18790.0,4.0,16.0,0.019159127195316657,0.07663650878126663,1,25000000,1,0,0,0,0,1,0,0
23.17864476386037,0.0,0.0,0.0,0.0,0.0,0.0,0,500000,0,1,0,0,0,1,0,0
18.95687885010267,0.0,0.0,0.0,0.0,0.0,0.0,0,50000,1,0,0,0,0,0,1,0
19.26899383983573,0.0,0.0,0.0,0.0,0.0,0.0,0,10000,0,1,0,0,0,0,1,0
23.15126625598905,22.0,595.0,0.0,1.0,0.0,0.1512605042016807,1,900000,1,0,0,0,0,0,1,0
21.861738535249827,7.0,66.0,0.0,1.0,0.0,0.0,1,600000,0,0,0,0,0,0,1,0
17.418206707734427,1.0,15.0,0.0,0.0,0.0,0.0,1,150000,0,0,1,0,0,1,0,0
20.265571526351813,0.0,0.0,0.0,0.0,0.0,0.0,0,200000,1,0,0,0,0,1,0,0
19.20328542094456,1.0,75.0,0.0,0.0,0.0,0.0,1,1200000,0,0,0,0,0,1,0,0
22.68583162217659,3.0,188.0,0.0,0.0,0.0,0.0,1,3800000,1,0,0,0,0,1,0,0
20.985626283367555,0.0,0.0,0.0,0.0,0.0,0.0,0,100000,1,0,0,0,0,1,0,0
23.498973305954827,3.0,279.0,1.0,0.0,0.3225806451612903,0.0,1,250000,1,0,0,0,0,1,0,0
24.824093086926762,11.0,306.0,0.0,0.0,0.0,0.0,1,2000000,0,0,1,0,0,0,0,1
19.132101300479125,0.0,0.0,0.0,0.0,0.0,0.0,0,250000,0,1,0,0,0,1,0,0
19.68788501026694,0.0,0.0,0.0,0.0,0.0,0.0,0,100000,0,0,0,1,0,1,0,0
22.680355920602327,112.0,7509.0,20.0,11.0,0.23971234518577705,0.13184178985217737,1,50000000,0,0,0,0,0,0,0,0
19.753593429158112,0.0,0.0,0.0,0.0,0.0,0.0,0,250000,0,0,0,0,1,0,0,0
21.037645448323065,1.0,45.0,0.0,0.0,0.0,0.0,1,150000,0,0,1,0,0,1,0,0
19.64955509924709,8.0,110.0,0.0,0.0,0.0,0.0,1,600000,0,0,0,0,0,1,0,0
21.234770704996578,1.0,13.0,0.0,0.0,0.0,0.0,1,350000,1,0,0,0,0,0,1,0
25.32511978097194,103.0,7962.0,1.0,4.0,0.011303692539562923,0.04521477015825169,1,25000000,1,0,0,0,0,0,0,0
25.30321697467488,129.0,9949.0,8.0,6.0,0.07236908231983114,0.05427681173987335,1,40000000,0,0,1,0,0,1,0,0
25.08145106091718,93.0,4477.0,22.0,4.0,0.44226044226044225,0.0804109895018986,1,20000000,0,0,0,0,0,1,0,0
22.622861054072555,0.0,0.0,0.0,0.0,0.0,0.0,0,100000,0,0,1,0,0,0,0,0
26.119096509240247,125.0,5953.0,20.0,9.0,0.30236855367041826,0.13606584915168823,1,5000000,0,0,0,0,1,0,0,0
19.208761122518823,17.0,503.0,0.0,0.0,0.0,0.0,1,2500000,0,0,1,0,0,0,1,0
24.418891170431213,6.0,195.0,0.0,0.0,0.0,0.0,1,300000,1,0,0,0,1,0,0,0
24.93634496919918,80.0,5809.0,43.0,4.0,0.6662076088827681,0.061972800826304006,1,65000000,0,0,0,0,0,1,0,0
27.89322381930185,60.0,4013.0,10.0,8.0,0.224271118863693,0.1794168950909544,1,12000000,0,0,0,0,1,0,0,0
23.080082135523615,0.0,0.0,0.0,0.0,0.0,0.0,0,300000,1,0,0,0,0,0,0,0
19.07460643394935,0.0,0.0,0.0,0.0,0.0,0.0,0,75000,0,1,0,0,0,0,1,0
21.374401095140314,13.0,510.0,1.0,0.0,0.1764705882352941,0.0,1,800000,0,0,1,0,1,0,0,0
21.960301163586585,6.0,208.0,0.0,0.0,0.0,0.0,1,2000000,1,0,0,0,0,0,1,0
21.021218343600275,0.0,0.0,0.0,0.0,0.0,0.0,0,100000,0,0,0,0,0,0,0,1
20.602327173169062,1.0,1.0,0.0,0.0,0.0,0.0,1,200000,0,0,1,0,0,1,0,0
21.1088295687885,6.0,69.0,1.0,0.0,0.0,0.0,1,1800000,0,0,0,0,0,1,0,0
23.0362765229295,5.0,450.0,0.0,0.0,0.0,0.0,1,700000,0,1,0,0,0,1,0,0
22.5927446954141,75.0,5102.0,4.0,10.0,0.07056056448451588,0.1764014112112897,1,30000000,0,0,1,0,0,1,0,0
20.870636550308006,0.0,0.0,0.0,0.0,0.0,0.0,0,200000,0,1,0,0,0,0,0,0
19.058179329226558,0.0,0.0,0.0,0.0,0.0,0.0,0,500000,1,0,0,0,0,0,0,0
21.07049965776865,66.0,4299.0,1.0,3.0,0.0209351011863224,0.0628053035589672,1,22000000,1,0,0,0,0,0,1,0
20.659822039698838,29.0,1611.0,0.0,1.0,0.0,0.055865921787709494,1,4000000,1,0,0,0,0,0,0,0
20.941820670773442,41.0,1107.0,4.0,1.0,0.3252032520325203,0.08130081300813008,1,5000000,0,0,0,0,0,0,1,0
17.360711841204655,0.0,0.0,0.0,0.0,0.0,0.0,0,300000,0,0,0,0,0,0,0,1
19.359342915811087,0.0,0.0,0.0,0.0,0.0,0.0,0,400000,0,1,0,0,0,0,0,1
23.463381245722108,119.0,7586.0,13.0,19.0,0.15423147904033746,0.22541523859741627,1,40000000,0,0,0,0,0,0,0,0
21.190965092402465,60.0,1888.0,1.0,1.0,0.04766949152542373,0.04766949152542373,1,2500000,0,0,1,0,0,0,0,0
21.193702943189596,0.0,0.0,0.0,0.0,0.0,0.0,0,200000,0,0,0,0,0,1,0,0
20.15605749486653,0.0,0.0,0.0,0.0,0.0,0.0,0,250000,1,0,0,0,0,1,0,0
21.99041752224504,75.0,3036.0,4.0,4.0,0.11857707509881424,0.11857707509881424,1,6000000,0,0,1,0,0,0,1,0
21.06776180698152,69.0,3293.0,11.0,7.0,0.3006377163680535,0.19131491041603402,1,25000000,0,0,0,0,0,1,0,0
21.169062286105408,115.0,5735.0,19.0,15.0,0.2981691368788143,0.23539668700959024,1,30000000,0,0,0,0,1,0,0,0
20.922655715263517,27.0,691.0,2.0,4.0,0.26049204052098407,0.5209840810419681,1,4000000,0,0,1,0,0,0,0,0
21.201916495550993,71.0,5135.0,14.0,8.0,0.24537487828627072,0.14021421616358326,1,70000000,1,0,0,0,0,1,0,0
19.342915811088297,0.0,0.0,0.0,0.0,0.0,0.0,0,2000000,1,0,0,0,0,1,0,0
19.783709787816566,0.0,0.0,0.0,0.0,0.0,0.0,0,100000,1,0,0,0,1,0,0,0
18.54072553045859,0.0,0.0,0.0,0.0,0.0,0.0,0,250000,1,0,0,0,1,0,0,0
21.924709103353866,56.0,4299.0,3.0,1.0,0.0628053035589672,0.0209351011863224,1,20000000,0,0,1,0,1,0,0,0
21.51129363449692,118.0,6649.0,13.0,10.0,0.17596631072341706,0.13535870055647464,1,18000000,0,0,0,0,0,1,0,0
22.250513347022586,35.0,1986.0,0.0,5.0,0.0,0.22658610271903323,1,3000000,1,0,0,0,0,0,0,1
20.320328542094455,1.0,11.0,0.0,0.0,0.0,0.0,1,300000,0,0,1,0,1,0,0,0
21.49486652977413,33.0,2970.0,0.0,1.0,0.0,0.030303030303030304,1,30000000,0,1,0,0,1,0,0,0
18.784394250513348,0.0,0.0,0.0,0.0,0.0,0.0,0,150000,1,0,0,0,1,0,0,0
18.611909650924023,0.0,0.0,0.0,0.0,0.0,0.0,0,50000,1,0,0,0,1,0,0,0
22.253251197809718,0.0,0.0,0.0,0.0,0.0,0.0,0,50000,0,0,1,0,1,0,0,0
20.15879534565366,2.0,2.0,0.0,0.0,0.0,0.0,1,1500000,0,0,1,0,1,0,0,0
19.16221765913758,0.0,0.0,0.0,0.0,0.0,0.0,0,100000,1,0,0,0,0,1,0,0
20.449007529089666,24.0,1336.0,1.0,0.0,0.06736526946107785,0.0,1,2000000,1,0,0,0,0,0,0,0
22.146475017111566,131.0,7885.0,18.0,27.0,0.20545339251743816,0.30818008877615727,1,35000000,0,0,0,0,0,1,0,0
22.083504449007528,92.0,6341.0,14.0,9.0,0.19870682857593439,0.12774010408452924,1,40000000,0,0,1,0,0,1,0,0
24.161533196440793,12.0,168.0,0.0,0.0,0.0,0.0,1,3500000,0,0,0,0,0,0,0,0
23.926078028747433,21.0,1284.0,0.0,0.0,0.0,0.0,1,500000,1,0,0,0,1,0,0,0
18.428473648186174,0.0,0.0,0.0,0.0,0.0,0.0,0,200000,1,0,0,0,0,1,0,0
22.321697467488022,84.0,6247.0,1.0,11.0,0.01440691531935329,0.15847606851288618,1,70000000,0,0,1,0,0,1,0,0
21.399041752224505,0.0,0.0,0.0,0.0,0.0,0.0,0,175000,0,0,1,0,0,0,0,1
20.45722108145106,58.0,2988.0,4.0,6.0,0.12048192771084337,0.18072289156626503,1,10000000,0,0,1,0,0,0,0,1
20.79671457905544,0.0,0.0,0.0,0.0,0.0,0.0,0,300000,1,0,0,0,0,0,0,1
20.583162217659137,9.0,96.0,0.0,0.0,0.0,0.0,1,4000000,1,0,0,0,0,0,0,1
19.342915811088297,0.0,0.0,0.0,0.0,0.0,0.0,0,200000,0,0,0,0,1,0,0,0
21.582477754962355,5.0,119.0,0.0,0.0,0.0,0.0,1,400000,1,0,0,0,0,0,0,1
22.11088295687885,40.0,2020.0,3.0,4.0,0.13366336633663367,0.1782178217821782,1,15000000,0,0,1,0,1,0,0,0
21.385352498288842,0.0,0.0,0.0,0.0,0.0,0.0,0,100000,1,0,0,0,1,0,0,0
22.652977412731005,78.0,3992.0,2.0,2.0,0.04509018036072144,0.04509018036072144,1,17000000,0,0,1,0,0,1,0,0
24.262833675564682,131.0,8660.0,21.0,26.0,0.21824480369515012,0.2702078521939954,1,50000000,0,0,0,0,1,0,0,0
21.284052019164957,0.0,0.0,0.0,0.0,0.0,0.0,0,100000,1,0,0,0,1,0,0,0
23.211498973305954,0.0,0.0,0.0,0.0,0.0,0.0,0,100000,0,1,0,0,1,0,0,0
20.136892539356605,0.0,0.0,0.0,0.0,0.0,0.0,0,1000000,1,0,0,0,0,0,1,0
21.22108145106092,0.0,0.0,0.0,0.0,0.0,0.0,0,25000,0,0,1,0,0,0,1,0
20.45722108145106,0.0,0.0,0.0,0.0,0.0,0.0,0,50000,0,0,1,0,0,0,1,0
19.958932238193018,1.0,1.0,0.0,0.0,0.0,0.0,1,250000,1,0,0,0,0,1,0,0
21.70841889117043,41.0,1831.0,5.0,2.0,0.24576734025122884,0.09830693610049153,1,6000000,0,0,0,0,0,0,0,0
19.017111567419576,0.0,0.0,0.0,0.0,0.0,0.0,0,150000,0,0,0,0,0,1,0,0
22.064339493497606,0.0,0.0,0.0,0.0,0.0,0.0,0,175000,0,1,0,0,0,1,0,0
20.112251882272417,1.0,90.0,0.0,0.0,0.0,0.0,1,200000,0,0,1,0,0,1,0,0
19.263518138261464,1.0,9.0,0.0,0.0,0.0,0.0,1,200000,0,0,1,0,0,1,0,0
19.260780287474333,0.0,0.0,0.0,0.0,0.0,0.0,0,150000,0,0,1,0,0,1,0,0
24.281998631074607,148.0,7464.0,17.0,15.0,0.204983922829582,0.18086816720257234,1,17000000,0,0,0,0,0,0,1,0
20.78028747433265,0.0,0.0,0.0,0.0,0.0,0.0,0,400000,0,1,0,0,0,0,1,0
21.267624914442163,70.0,4311.0,2.0,0.0,0.04175365344467641,0.0,1,18000000,1,0,0,0,0,0,1,0
18.390143737166323,0.0,0.0,0.0,0.0,0.0,0.0,0,250000,1,0,0,0,0,1,0,0
20.76933607118412,23.0,1090.0,0.0,0.0,0.0,0.0,1,2500000,0,0,1,0,0,1,0,0
18.90485968514716,0.0,0.0,0.0,0.0,0.0,0.0,0,250000,0,0,1,0,0,1,0,0
21.420944558521562,0.0,0.0,0.0,0.0,0.0,0.0,0,250000,1,0,0,0,0,1,0,0
21.44558521560575,6.0,267.0,0.0,1.0,0.0,0.0,1,8000000,1,0,0,0,0,1,0,0
22.535249828884325,62.0,2384.0,4.0,6.0,0.15100671140939598,0.22651006711409394,1,10000000,0,0,1,0,0,0,1,0
25.61533196440794,0.0,0.0,0.0,0.0,0.0,0.0,0,150000,0,0,0,0,0,0,0,0
26.04791238877481,98.0,6999.0,37.0,20.0,0.47578225460780116,0.25717959708529786,1,20000000,0,0,0,0,0,0,0,1
22.64476386036961,55.0,1609.0,3.0,1.0,0.1678060907395898,0.05593536357986326,1,12000000,0,0,1,0,0,1,0,0
19.227926078028748,1.0,29.0,0.0,0.0,0.0,0.0,1,900000,0,0,1,0,0,1,0,0
21.352498288843258,25.0,1953.0,1.0,0.0,0.04608294930875576,0.0,1,200000,1,0,0,0,0,1,0,0
20.75564681724846,49.0,1925.0,6.0,2.0,0.2805194805194805,0.09350649350649351,1,20000000,0,0,0,0,0,0,1,0
22.559890485968516,7.0,382.0,2.0,0.0,0.47120418848167545,0.0,1,15000000,0,0,1,0,0,1,0,0
20.843258042436688,0.0,0.0,0.0,0.0,0.0,0.0,0,150000,1,0,0,0,0,1,0,0
24.88158795345654,5.0,174.0,0.0,0.0,0.0,0.0,1,450000,0,0,0,0,0,0,1,0
23.50718685831622,73.0,3318.0,8.0,9.0,0.21699819168173598,0.244122965641953,1,15000000,0,0,1,0,0,1,0,0
23.43600273785079,0.0,0.0,0.0,0.0,0.0,0.0,0,800000,0,0,0,0,1,0,0,0
25.215605749486652,132.0,6940.0,15.0,10.0,0.19452449567723346,0.12968299711815562,1,2400000,0,0,0,0,0,0,1,0
19.531827515400412,0.0,0.0,0.0,0.0,0.0,0.0,0,200000,1,0,0,0,0,0,1,0
19.351129363449694,1.0,1.0,0.0,0.0,0.0,0.0,1,600000,0,0,1,0,0,0,1,0
24.566735112936346,132.0,7577.0,13.0,16.0,0.15441467599313713,0.1900488319915534,1,4500000,0,0,0,0,0,0,1,0
23.312799452429843,12.0,1080.0,0.0,0.0,0.0,0.0,1,5000000,0,1,0,0,1,0,0,0
23.077344284736483,78.0,3788.0,5.0,4.0,0.11879619852164731,0.09503695881731784,1,7000000,0,0,1,0,1,0,0,0
18.652977412731005,0.0,0.0,0.0,0.0,0.0,0.0,0,150000,0,0,0,0,0,1,0,0
20.28747433264887,0.0,0.0,0.0,0.0,0.0,0.0,0,250000,0,0,1,0,0,1,0,0
22.258726899383984,76.0,5562.0,1.0,0.0,0.016181229773462782,0.0,1,50000000,1,0,0,0,0,1,0,0
24.684462696783026,88.0,5555.0,5.0,11.0,0.081008100810081,0.1782178217821782,1,3000000,0,0,0,0,1,0,0,0
18.844626967830255,0.0,0.0,0.0,0.0,0.0,0.0,0,1000000,0,0,0,0,0,0,0,1
23.069130732375086,0.0,0.0,0.0,0.0,0.0,0.0,0,100000,0,1,0,0,1,0,0,0
22.340862422997947,103.0,4447.0,20.0,13.0,0.404767258826175,0.2630987182370137,1,20000000,0,0,0,0,0,0,0,0
21.78781656399726,14.0,859.0,0.0,0.0,0.0,0.0,1,2000000,1,0,0,0,0,0,0,0
23.665982203969882,85.0,4919.0,4.0,6.0,0.07318560683065663,0.10977841024598496,1,5000000,0,0,1,0,1,0,0,0
20.621492128678987,1.0,90.0,0.0,0.0,0.0,0.0,1,300000,0,1,0,0,0,0,0,0
24.11772758384668,99.0,7367.0,10.0,3.0,0.12216641780914891,0.03664992534274467,1,14000000,1,0,0,0,0,0,0,0
21.856262833675565,28.0,928.0,1.0,2.0,0.09698275862068965,0.1939655172413793,1,1500000,0,0,1,0,0,0,0,0
21.481177275838466,0.0,0.0,0.0,0.0,0.0,0.0,0,250000,0,0,0,0,1,0,0,0
22.70773442847365,3.0,119.0,0.0,0.0,0.0,0.0,1,300000,1,0,0,0,0,0,0,0
23.299110198494184,0.0,0.0,0.0,0.0,0.0,0.0,0,100000,0,1,0,0,0,0,0,0
24.136892539356605,74.0,6276.0,4.0,1.0,0.05736137667304015,0.014340344168260038,1,8000000,1,0,0,0,1,0,0,0
20.66255989048597,5.0,33.0,0.0,0.0,0.0,0.0,1,25000,0,0,0,0,0,0,0,1
20.692676249144423,0.0,0.0,0.0,0.0,0.0,0.0,0,150000,1,0,0,0,1,0,0,0
21.609856262833677,11.0,268.0,0.0,0.0,0.0,0.0,1,300000,0,0,0,0,1,0,0,0
21.790554414784395,34.0,1781.0,1.0,0.0,0.05053340819764178,0.0,1,4500000,0,0,1,0,1,0,0,0
25.779603011635867,29.0,903.0,0.0,0.0,0.0,0.0,1,4000000,1,0,0,0,1,0,0,0
19.94524298425736,1.0,7.0,0.0,0.0,0.0,0.0,1,200000,1,0,0,0,1,0,0,0
22.973305954825463,140.0,8610.0,7.0,10.0,0.07317073170731707,0.10452961672473868,1,55000000,0,0,1,0,0,0,0,0
20.435318275154003,0.0,0.0,0.0,0.0,0.0,0.0,0,150000,1,0,0,0,0,0,1,0
20.320328542094455,0.0,0.0,0.0,0.0,0.0,0.0,0,75000,0,0,1,0,0,0,1,0
24.955509924709105,129.0,6786.0,32.0,9.0,0.42440318302387264,0.11936339522546419,1,5000000,0,0,0,0,1,0,0,0
24.933607118412045,147.0,9422.0,52.0,22.0,0.4967098280619826,0.2101464657185311,1,40000000,0,0,0,0,0,0,0,1
20.859685147159478,57.0,2433.0,5.0,5.0,0.1849568434032059,0.1849568434032059,1,12000000,0,0,1,0,0,0,0,1
20.473648186173854,2.0,2.0,0.0,0.0,0.0,0.0,1,200000,0,0,1,0,0,1,0,0
24.432580424366872,0.0,0.0,0.0,0.0,0.0,0.0,0,275000,0,0,1,0,1,0,0,0
26.034223134839152,89.0,4964.0,22.0,11.0,0.3988718775181306,0.1994359387590653,1,3000000,0,0,1,0,0,0,1,0
21.776865160848732,33.0,1708.0,0.0,0.0,0.0,0.0,1,3000000,1,0,0,0,0,0,0,0
19.983572895277206,47.0,1725.0,3.0,2.0,0.1565217391304348,0.10434782608695652,1,5000000,0,0,1,0,1,0,0,0
25.6290212183436,109.0,4896.0,7.0,8.0,0.12867647058823528,0.14705882352941177,1,3000000,0,0,1,0,0,0,0,0
24.438056125941138,2.0,141.0,0.0,0.0,0.0,0.0,1,300000,1,0,0,0,0,0,0,0
23.761806981519506,3.0,16.0,0.0,0.0,0.0,0.0,1,175000,0,0,0,0,1,0,0,0
21.418206707734427,1.0,12.0,0.0,0.0,0.0,0.0,1,100000,0,0,0,0,1,0,0,0
24.06297056810404,0.0,0.0,0.0,0.0,0.0,0.0,0,25000,1,0,0,0,0,0,0,0
24.878850102669404,0.0,0.0,0.0,0.0,0.0,0.0,0,100000,1,0,0,0,0,0,0,0
27.707049965776864,140.0,6569.0,4.0,5.0,0.05480286192723397,0.06850357740904248,1,4000000,0,0,1,0,0,0,0,0
23.89322381930185,5.0,122.0,0.0,0.0,0.0,0.0,1,500000,0,0,1,0,0,0,0,0
22.855578370978783,109.0,8881.0,3.0,4.0,0.030401981758810946,0.0405359756784146,1,20000000,1,0,0,0,1,0,0,0
22.04791238877481,4.0,254.0,0.0,0.0,0.0,0.0,1,300000,0,0,1,0,0,0,0,0
22.195756331279945,56.0,3510.0,1.0,2.0,0.02564102564102564,0.05128205128205128,1,6000000,1,0,0,0,0,0,0,1
21.861738535249827,1.0,7.0,0.0,0.0,0.0,0.0,1,150000,0,0,1,0,0,0,0,1
22.548939082819988,0.0,0.0,0.0,0.0,0.0,0.0,0,200000,1,0,0,0,0,0,0,0
23.44147843942505,69.0,3934.0,16.0,3.0,0.36603965429588203,0.06863243518047789,1,4000000,0,0,0,0,1,0,0,0
21.02943189596167,63.0,3030.0,0.0,0.0,0.0,0.0,1,18000000,1,0,0,0,0,0,0,1
22.7378507871321,0.0,0.0,0.0,0.0,0.0,0.0,0,2000000,1,0,0,0,0,1,0,0
24.944558521560573,139.0,9863.0,7.0,14.0,0.063875088715401,0.127750177430802,1,18000000,1,0,0,0,1,0,0,0
18.965092402464066,0.0,0.0,0.0,0.0,0.0,0.0,0,50000,0,0,1,0,1,0,0,0
20.33675564681725,28.0,1595.0,1.0,3.0,0.05642633228840126,0.16927899686520376,1,5000000,0,0,1,0,0,0,0,1
22.729637234770706,4.0,116.0,0.0,0.0,0.0,0.0,1,200000,0,0,0,0,0,0,0,0
24.6652977412731,0.0,0.0,0.0,0.0,0.0,0.0,0,200000,0,1,0,0,1,0,0,0
22.130047912388775,22.0,434.0,0.0,1.0,0.0,0.2073732718894009,1,5000000,0,0,1,0,0,0,0,1
22.286105407255306,0.0,0.0,0.0,0.0,0.0,0.0,0,100000,0,0,1,0,1,0,0,0
22.70773442847365,0.0,0.0,0.0,0.0,0.0,0.0,0,175000,0,1,0,0,0,0,0,1
19.863107460643395,3.0,76.0,0.0,0.0,0.0,0.0,1,800000,1,0,0,0,0,0,0,1
20.49555099247091,17.0,431.0,1.0,0.0,0.2088167053364269,0.0,1,5000000,1,0,0,0,0,1,0,0
19.315537303216974,1.0,8.0,0.0,0.0,0.0,0.0,1,200000,1,0,0,0,1,0,0,0
20.553045859000683,68.0,2971.0,14.0,4.0,0.4240996297542915,0.12117132278694043,1,15000000,0,0,0,0,0,0,0,0
22.064339493497606,98.0,6599.0,7.0,5.0,0.09546901045612971,0.06819215032580694,1,90000000,0,0,1,0,0,0,0,1
26.833675564681723,22.0,686.0,0.0,0.0,0.0,0.0,1,1500000,1,0,0,0,1,0,0,0
25.5523613963039,90.0,3851.0,2.0,6.0,0.04674110620618021,0.14022331861854065,1,1200000,1,0,0,0,1,0,0,0
23.40041067761807,97.0,3970.0,15.0,9.0,0.34005037783375314,0.2040302267002519,1,2700000,0,0,0,0,1,0,0,0
22.21492128678987,0.0,0.0,0.0,0.0,0.0,0.0,0,200000,0,0,1,0,0,1,0,0
18.075290896646134,0.0,0.0,0.0,0.0,0.0,0.0,0,300000,1,0,0,0,0,0,0,1
21.193702943189596,66.0,1591.0,6.0,2.0,0.33940917661847897,0.11313639220615965,1,7000000,0,0,0,0,0,0,0,1
21.13347022587269,14.0,257.0,0.0,0.0,0.0,0.0,1,2500000,0,0,1,0,0,0,0,1
20.673511293634498,49.0,2892.0,1.0,5.0,0.03112033195020747,0.15560165975103735,1,40000000,0,0,1,0,0,0,0,1
18.84188911704312,2.0,51.0,0.0,0.0,0.0,0.0,1,700000,1,0,0,0,0,1,0,0
18.622861054072555,0.0,0.0,0.0,0.0,0.0,0.0,0,250000,1,0,0,0,0,1,0,0
18.56536618754278,1.0,5.0,0.0,0.0,0.0,0.0,1,900000,0,0,1,0,0,1,0,0
23.808350444900753,24.0,1532.0,0.0,1.0,0.0,0.0587467362924282,1,2500000,1,0,0,0,1,0,0,0
19.408624229979466,0.0,0.0,0.0,0.0,0.0,0.0,0,250000,1,0,0,0,0,0,0,1
19.83299110198494,1.0,1.0,0.0,0.0,0.0,0.0,1,100000,0,0,0,0,0,0,0,1
20.50650239561944,0.0,0.0,0.0,0.0,0.0,0.0,0,200000,1,0,0,0,0,1,0,0
21.574264202600958,58.0,3200.0,6.0,5.0,0.16874999999999998,0.140625,1,10000000,1,0,0,0,0,0,0,1
26.09719370294319,21.0,888.0,0.0,0.0,0.0,0.0,1,1800000,0,0,1,0,0,0,0,0
25.99041752224504,108.0,7646.0,0.0,2.0,0.0,0.023541721161391575,1,6000000,1,0,0,0,1,0,0,0
20.265571526351813,0.0,0.0,0.0,0.0,0.0,0.0,0,75000,1,0,0,0,0,0,0,1
25.4839151266256,0.0,0.0,0.0,0.0,0.0,0.0,0,150000,1,0,0,0,1,0,0,0
25.322381930184804,33.0,1571.0,3.0,1.0,0.1718650541056652,0.057288351368555056,1,2000000,1,0,0,0,1,0,0,0
22.119096509240247,80.0,4168.0,3.0,3.0,0.06477927063339732,0.06477927063339732,1,5500000,0,0,1,0,0,0,1,0
23.033538672142367,2.0,108.0,0.0,0.0,0.0,0.0,1,300000,1,0,0,0,1,0,0,0
21.48665297741273,17.0,580.0,2.0,3.0,0.3103448275862069,0.46551724137931033,1,10000000,0,0,0,0,0,0,0,1
24.88158795345654,75.0,5769.0,1.0,0.0,0.015600624024960999,0.0,1,25000000,0,0,1,0,0,1,0,0
22.269678302532512,0.0,0.0,0.0,0.0,0.0,0.0,0,200000,0,0,0,0,1,0,0,0
18.85284052019165,0.0,0.0,0.0,0.0,0.0,0.0,0,225000,0,0,0,0,1,0,0,0
20.041067761806982,0.0,0.0,0.0,0.0,0.0,0.0,0,7000000,0,1,0,0,0,0,0,1
20.777549623545518,1.0,6.0,0.0,0.0,0.0,0.0,1,1200000,0,0,0,0,0,0,0,1
19.025325119780973,0.0,0.0,0.0,0.0,0.0,0.0,0,150000,0,0,0,0,0,1,0,0
23.808350444900753,2.0,124.0,0.0,0.0,0.0,0.0,1,14000000,0,0,0,0,0,1,0,0
19.531827515400412,3.0,119.0,0.0,0.0,0.0,0.0,1,250000,1,0,0,0,0,1,0,0
20.292950034223136,0.0,0.0,0.0,0.0,0.0,0.0,0,200000,1,0,0,0,0,1,0,0
19.860369609856264,0.0,0.0,0.0,0.0,0.0,0.0,0,150000,0,1,0,0,1,0,0,0
21.100616016427104,147.0,5414.0,23.0,11.0,0.3823420760990026,0.1828592537864795,1,22000000,0,0,0,0,0,1,0,0
22.60643394934976,22.0,975.0,2.0,5.0,0.18461538461538463,0.46153846153846156,1,250000,0,0,0,0,0,1,0,0
21.894592744695416,0.0,0.0,0.0,0.0,0.0,0.0,0,125000,0,0,1,0,0,0,1,0
20.654346338124572,70.0,4493.0,12.0,9.0,0.240373914978856,0.180280436234142,1,15000000,0,0,1,0,1,0,0,0
22.17659137577002,23.0,546.0,1.0,5.0,0.16483516483516483,0.8241758241758242,1,1000000,0,0,0,0,1,0,0,0
18.414784394250514,0.0,0.0,0.0,0.0,0.0,0.0,0,200000,1,0,0,0,1,0,0,0
27.222450376454482,33.0,1657.0,7.0,4.0,0.38020519010259507,0.21726010863005432,1,9000000,0,0,1,0,0,0,0,1
20.48186173853525,4.0,13.0,0.0,0.0,0.0,0.0,1,150000,0,0,1,0,1,0,0,0
22.080766598220396,0.0,0.0,0.0,0.0,0.0,0.0,0,500000,0,0,1,0,1,0,0,0
23.446954140999317,0.0,0.0,0.0,0.0,0.0,0.0,0,100000,0,0,1,0,1,0,0,0
25.9958932238193,12.0,262.0,1.0,0.0,0.0,0.0,1,500000,0,0,0,0,0,0,0,0
23.238877481177276,48.0,3882.0,1.0,0.0,0.023183925811437404,0.0,1,8000000,1,0,0,0,1,0,0,0
23.148528405201915,18.0,1407.0,0.0,1.0,0.0,0.06396588486140725,1,2000000,1,0,0,0,0,0,1,0
23.67693360711841,1.0,7.0,0.0,0.0,0.0,0.0,1,250000,1,0,0,0,1,0,0,0
21.377138945927445,4.0,54.0,0.0,0.0,0.0,0.0,1,300000,0,0,0,0,1,0,0,0
22.130047912388775,3.0,76.0,0.0,0.0,0.0,0.0,1,600000,0,0,1,0,1,0,0,0
20.11772758384668,0.0,0.0,0.0,0.0,0.0,0.0,0,100000,0,0,1,0,1,0,0,0
22.234086242299796,0.0,0.0,0.0,0.0,0.0,0.0,0,150000,1,0,0,0,0,0,1,0
22.85284052019165,80.0,5632.0,1.0,1.0,0.015980113636363636,0.015980113636363636,1,25000000,1,0,0,0,0,0,0,0
26.272416153319643,27.0,1669.0,0.0,0.0,0.0,0.0,1,1500000,1,0,0,0,0,0,1,0
24.071184120465436,102.0,6676.0,1.0,6.0,0.01348112642300779,0.08088675853804674,1,6000000,1,0,0,0,1,0,0,0
20.213552361396303,0.0,0.0,0.0,0.0,0.0,0.0,0,100000,0,0,0,0,1,0,0,0
23.02258726899384,10.0,868.0,0.0,1.0,0.0,0.10368663594470046,1,1200000,1,0,0,0,1,0,0,0
19.09924709103354,0.0,0.0,0.0,0.0,0.0,0.0,0,150000,0,0,0,0,1,0,0,0
21.401779603011637,12.0,605.0,0.0,0.0,0.0,0.0,1,800000,1,0,0,0,1,0,0,0
22.83915126625599,0.0,0.0,0.0,0.0,0.0,0.0,0,550000,0,0,1,0,1,0,0,0
20.88432580424367,2.0,34.0,0.0,0.0,0.0,0.0,1,100000,1,0,0,0,1,0,0,0
24.517453798767967,57.0,4436.0,0.0,1.0,0.0,0.02028854824165915,1,9000000,1,0,0,0,1,0,0,0
22.38466803559206,7.0,570.0,0.0,0.0,0.0,0.0,1,800000,0,1,0,0,0,0,0,1
22.116358658453116,0.0,0.0,0.0,0.0,0.0,0.0,0,300000,0,0,0,0,0,0,1,0
23.449691991786448,59.0,4523.0,3.0,3.0,0.05969489277028521,0.05969489277028521,1,3000000,1,0,0,0,1,0,0,0
24.49281314168378,77.0,5014.0,1.0,3.0,0.017949740725967292,0.05384922217790187,1,7000000,1,0,0,0,1,0,0,0
19.197809719370294,0.0,0.0,0.0,0.0,0.0,0.0,0,150000,0,0,0,0,1,0,0,0
19.534565366187543,1.0,1.0,0.0,0.0,0.0,0.0,1,250000,0,0,1,0,0,1,0,0
21.136208076659823,107.0,3684.0,16.0,12.0,0.39087947882736157,0.2931596091205212,1,17000000,0,0,0,0,0,0,0,1
25.177275838466805,0.0,0.0,0.0,0.0,0.0,0.0,0,100000,1,0,0,0,1,0,0,0
24.292950034223136,56.0,3668.0,3.0,3.0,0.07360959651035986,0.07360959651035986,1,7000000,0,0,1,0,1,0,0,0
26.740588637919235,89.0,4530.0,16.0,5.0,0.31788079470198677,0.09933774834437085,1,3000000,0,0,0,0,1,0,0,0
23.9315537303217,41.0,2921.0,4.0,4.0,0.1232454638822321,0.1232454638822321,1,40000000,0,0,1,0,1,0,0,0
20.298425735797398,0.0,0.0,0.0,0.0,0.0,0.0,0,100000,0,0,1,0,1,0,0,0
19.942505133470227,1.0,3.0,0.0,0.0,0.0,0.0,1,800000,0,0,1,0,0,0,1,0
19.091033538672143,0.0,0.0,0.0,0.0,0.0,0.0,0,100000,1,0,0,0,0,0,1,0
20.583162217659137,4.0,96.0,0.0,0.0,0.0,0.0,1,500000,0,0,1,0,0,0,0,1
24.213552361396303,47.0,1734.0,4.0,0.0,0.20761245674740486,0.0,1,2000000,0,0,1,0,0,0,0,1
21.749486652977414,1.0,45.0,0.0,0.0,0.0,0.0,1,200000,1,0,0,0,0,0,0,0
18.770704996577688,0.0,0.0,0.0,0.0,0.0,0.0,0,75000,0,1,0,0,0,0,1,0
21.39082819986311,0.0,0.0,0.0,0.0,0.0,0.0,0,150000,0,1,0,0,1,0,0,0
19.693360711841205,0.0,0.0,0.0,0.0,0.0,0.0,0,300000,1,0,0,0,0,0,1,0
20.23271731690623,167.0,10823.0,10.0,13.0,0.08315624133789153,0.10810311373925899,1,80000000,0,0,1,0,1,0,0,0
19.537303216974674,19.0,993.0,1.0,1.0,0.09063444108761329,0.09063444108761329,1,4000000,0,0,1,0,1,0,0,0
22.127310061601644,53.0,1962.0,5.0,5.0,0.22935779816513763,0.22935779816513763,1,5000000,0,0,0,0,0,0,0,1
20.799452429842574,1.0,11.0,0.0,0.0,0.0,0.0,1,1200000,0,0,0,0,0,0,0,1
22.858316221765914,0.0,0.0,0.0,0.0,0.0,0.0,0,50000,0,1,0,0,0,0,0,0
23.422313483915126,31.0,1939.0,10.0,5.0,0.46415678184631254,0.23207839092315627,1,15000000,0,0,0,0,1,0,0,0
22.16563997262149,38.0,2267.0,2.0,1.0,0.07940008822232024,0.03970004411116012,1,5000000,1,0,0,0,0,0,0,1
18.869267624914443,0.0,0.0,0.0,0.0,0.0,0.0,0,200000,0,1,0,0,1,0,0,0
19.329226557152634,0.0,0.0,0.0,0.0,0.0,0.0,0,200000,1,0,0,0,1,0,0,0
20.758384668035593,0.0,0.0,0.0,0.0,0.0,0.0,0,200000,0,0,1,0,1,0,0,0
21.27310061601643,100.0,4489.0,14.0,8.0,0.2806861216306527,0.16039206950323012,1,20000000,0,0,0,0,0,0,0,1
20.941820670773442,25.0,449.0,0.0,0.0,0.0,0.0,1,3500000,0,0,0,0,1,0,0,0
23.28542094455852,4.0,62.0,1.0,0.0,0.0,0.0,1,250000,0,0,0,0,1,0,0,0
21.399041752224505,1.0,82.0,0.0,0.0,0.0,0.0,1,50000,1,0,0,0,1,0,0,0
23.20328542094456,118.0,8788.0,7.0,8.0,0.07168866636322258,0.08192990441511151,1,50000000,1,0,0,0,0,0,0,0
21.921971252566735,178.0,10059.0,31.0,19.0,0.27736355502535043,0.16999701759618252,1,28000000,0,0,0,0,0,1,0,0
25.04312114989733,23.0,395.0,1.0,1.0,0.22784810126582278,0.22784810126582278,1,2000000,0,0,0,0,0,0,1,0
22.647501711156742,8.0,301.0,0.0,0.0,0.0,0.0,1,1800000,0,0,1,0,1,0,0,0
21.760438056125942,0.0,0.0,0.0,0.0,0.0,0.0,0,500000,0,0,1,0,1,0,0,0
19.43600273785079,0.0,0.0,0.0,0.0,0.0,0.0,0,10000,0,1,0,0,0,0,1,0
21.678302532511978,78.0,3831.0,8.0,5.0,0.18794048551292092,0.11746280344557557,1,30000000,0,0,1,0,0,0,1,0
21.256673511293634,0.0,0.0,0.0,0.0,0.0,0.0,0,175000,1,0,0,0,0,0,0,1
20.295687885010267,0.0,0.0,0.0,0.0,0.0,0.0,0,150000,0,0,1,0,0,0,1,0
19.38398357289528,0.0,0.0,0.0,0.0,0.0,0.0,0,50000,0,1,0,0,0,0,1,0
20.344969199178646,0.0,0.0,0.0,0.0,0.0,0.0,0,200000,1,0,0,0,0,0,1,0
20.147843942505133,0.0,0.0,0.0,0.0,0.0,0.0,0,600000,0,0,1,0,0,0,1,0
21.848049281314168,37.0,2284.0,0.0,3.0,0.0,0.11821366024518389,1,7000000,1,0,0,0,0,0,1,0
19.88227241615332,1.0,4.0,0.0,0.0,0.0,0.0,1,300000,0,0,1,0,0,0,1,0
21.01574264202601,0.0,0.0,0.0,0.0,0.0,0.0,0,600000,0,1,0,0,0,0,1,0
18.844626967830255,0.0,0.0,0.0,0.0,0.0,0.0,0,100000,1,0,0,0,0,1,0,0
22.072553045859,7.0,98.0,0.0,0.0,0.0,0.0,1,250000,0,0,0,0,1,0,0,0
19.83299110198494,0.0,0.0,0.0,0.0,0.0,0.0,0,250000,0,0,1,0,0,1,0,0
22.00958247775496,0.0,0.0,0.0,0.0,0.0,0.0,0,50000,1,0,0,0,1,0,0,0
19.06365503080082,2.0,2.0,0.0,0.0,0.0,0.0,1,400000,0,0,1,0,0,0,0,1
22.026009582477755,14.0,474.0,0.0,0.0,0.0,0.0,1,3000000,0,0,1,0,1,0,0,0
24.813141683778234,76.0,4029.0,0.0,3.0,0.0,0.06701414743112435,1,6000000,1,0,0,0,0,0,0,1
23.039014373716633,8.0,146.0,0.0,0.0,0.0,0.0,1,500000,0,0,0,0,1,0,0,0
19.444216290212182,0.0,0.0,0.0,0.0,0.0,0.0,0,250000,1,0,0,0,1,0,0,0
20.45722108145106,0.0,0.0,0.0,0.0,0.0,0.0,0,100000,1,0,0,0,0,0,1,0
19.60574948665298,0.0,0.0,0.0,0.0,0.0,0.0,0,150000,1,0,0,0,0,0,1,0
20.251882272416154,1.0,1.0,0.0,0.0,0.0,0.0,1,150000,0,0,1,0,0,0,1,0
20.27652292950034,0.0,0.0,0.0,0.0,0.0,0.0,0,125000,0,0,0,0,0,0,1,0
21.711156741957563,0.0,0.0,0.0,0.0,0.0,0.0,0,125000,0,0,1,0,0,0,1,0
20.281998631074607,0.0,0.0,0.0,0.0,0.0,0.0,0,50000,0,1,0,0,0,0,1,0
19.50171115674196,0.0,0.0,0.0,0.0,0.0,0.0,0,50000,1,0,0,0,0,0,1,0
19.014373716632445,0.0,0.0,0.0,0.0,0.0,0.0,0,75000,0,0,1,0,0,0,1,0
22.349075975359344,1.0,2.0,0.0,0.0,0.0,0.0,1,100000,0,1,0,0,0,0,1,0
20.268309377138944,0.0,0.0,0.0,0.0,0.0,0.0,0,75000,0,1,0,0,0,0,1,0
19.356605065023956,0.0,0.0,0.0,0.0,0.0,0.0,0,125000,0,0,0,0,0,0,1,0
19.110198494182068,0.0,0.0,0.0,0.0,0.0,0.0,0,150000,1,0,0,0,0,0,0,1
18.94318959616701,0.0,0.0,0.0,0.0,0.0,0.0,0,500000,0,0,1,0,0,1,0,0
24.906228610540726,31.0,1795.0,2.0,3.0,0.10027855153203342,0.15041782729805014,1,2000000,0,0,1,0,1,0,0,0
23.857631759069132,102.0,7172.0,2.0,11.0,0.02509760178471835,0.13803680981595093,1,10000000,1,0,0,0,1,0,0,0
20.539356605065024,59.0,2514.0,15.0,9.0,0.5369928400954653,0.32219570405727926,1,45000000,0,0,1,0,0,0,0,1
21.932922655715263,0.0,0.0,0.0,0.0,0.0,0.0,0,100000,0,0,0,0,0,0,1,0
24.490075290896645,8.0,98.0,0.0,1.0,0.0,0.0,1,400000,0,0,0,0,1,0,0,0
19.329226557152634,0.0,0.0,0.0,0.0,0.0,0.0,0,75000,0,0,1,0,0,0,1,0
19.143052703627653,0.0,0.0,0.0,0.0,0.0,0.0,0,50000,0,0,1,0,0,0,1,0
20.139630390143736,0.0,0.0,0.0,0.0,0.0,0.0,0,500000,0,0,1,0,0,1,0,0
21.188227241615333,7.0,166.0,0.0,0.0,0.0,0.0,1,900000,0,0,1,0,0,1,0,0
22.417522245037645,84.0,4138.0,17.0,2.0,0.3697438376027066,0.04349927501208313,1,18000000,0,0,0,0,0,1,0,0
17.998631074606433,0.0,0.0,0.0,0.0,0.0,0.0,0,100000,1,0,0,0,0,0,1,0
20.525667351129364,0.0,0.0,0.0,0.0,0.0,0.0,0,200000,0,0,1,0,0,1,0,0
23.592060232717316,45.0,3206.0,1.0,2.0,0.028072364316905803,0.056144728633811605,1,14000000,1,0,0,0,0,0,1,0
24.112251882272417,92.0,7546.0,5.0,2.0,0.05963424330771269,0.023853697323085076,1,10000000,1,0,0,0,1,0,0,0
18.642026009582477,0.0,0.0,0.0,0.0,0.0,0.0,0,25000,0,1,0,0,0,0,1,0
18.951403148528406,0.0,0.0,0.0,0.0,0.0,0.0,0,100000,0,1,0,0,0,0,1,0
17.842573579739906,1.0,1.0,0.0,0.0,0.0,0.0,1,700000,1,0,0,0,0,0,1,0
21.451060917180012,14.0,365.0,1.0,0.0,0.24657534246575344,0.0,1,1500000,0,0,1,0,0,0,1,0
20.150581793292265,0.0,0.0,0.0,0.0,0.0,0.0,0,200000,1,0,0,0,0,0,1,0
21.73305954825462,13.0,116.0,0.0,0.0,0.0,0.0,1,3000000,0,0,0,0,0,0,1,0
20.227241615331966,1.0,4.0,0.0,0.0,0.0,0.0,1,200000,0,1,0,0,0,0,1,0
20.933607118412045,0.0,0.0,0.0,0.0,0.0,0.0,0,300000,0,1,0,0,0,0,1,0
20.459958932238195,0.0,0.0,0.0,0.0,0.0,0.0,0,100000,0,0,0,0,0,0,1,0
19.055441478439427,0.0,0.0,0.0,0.0,0.0,0.0,0,150000,0,1,0,0,0,0,1,0
19.42778918548939,0.0,0.0,0.0,0.0,0.0,0.0,0,10000,0,0,1,0,0,0,1,0
19.19233401779603,0.0,0.0,0.0,0.0,0.0,0.0,0,150000,0,0,0,0,0,0,1,0
20.1533196440794,0.0,0.0,0.0,0.0,0.0,0.0,0,250000,0,0,1,0,0,0,1,0
20.076659822039698,33.0,932.0,2.0,1.0,0.19313304721030042,0.09656652360515021,1,6000000,0,0,0,0,0,0,0,1
19.874058863791923,12.0,1008.0,0.0,0.0,0.0,0.0,1,7000000,1,0,0,0,1,0,0,0
25.678302532511978,15.0,609.0,0.0,0.0,0.0,0.0,1,2000000,1,0,0,0,0,0,0,0
21.27583846680356,37.0,1634.0,11.0,1.0,0.605875152998776,0.055079559363525085,1,15000000,0,0,0,0,0,0,0,1
21.88911704312115,25.0,830.0,2.0,0.0,0.2168674698795181,0.0,1,4000000,0,0,0,0,0,0,0,1
18.324435318275153,1.0,90.0,0.0,0.0,0.0,0.0,1,300000,1,0,0,0,0,0,0,1
21.12251882272416,100.0,6273.0,8.0,5.0,0.11477761836441894,0.07173601147776183,1,70000000,0,0,1,0,0,1,0,0
20.57221081451061,1.0,90.0,0.0,0.0,0.0,0.0,1,250000,1,0,0,0,0,0,1,0
23.6249144421629,0.0,0.0,0.0,0.0,0.0,0.0,0,200000,0,0,1,0,0,0,1,0
19.129363449691994,0.0,0.0,0.0,0.0,0.0,0.0,0,200000,0,0,1,0,0,0,1,0
23.54277891854894,58.0,2108.0,8.0,2.0,0.3415559772296015,0.08538899430740038,1,7500000,0,0,0,0,0,0,0,1
19.446954140999317,0.0,0.0,0.0,0.0,0.0,0.0,0,25000,1,0,0,0,0,0,1,0
20.919917864476385,0.0,0.0,0.0,0.0,0.0,0.0,0,600000,1,0,0,0,1,0,0,0
21.831622176591377,5.0,131.0,0.0,0.0,0.0,0.0,1,200000,1,0,0,0,0,1,0,0
23.091033538672143,1.0,18.0,0.0,0.0,0.0,0.0,1,150000,0,0,0,0,0,0,0,0
22.924024640657084,0.0,0.0,0.0,0.0,0.0,0.0,0,100000,1,0,0,0,1,0,0,0
22.729637234770706,80.0,6277.0,0.0,5.0,0.0,0.07169029791301577,1,15000000,1,0,0,0,0,0,0,0
26.190280629705683,116.0,4591.0,28.0,7.0,0.5489000217817469,0.13722500544543673,1,15000000,0,0,0,0,1,0,0,0
20.91170431211499,108.0,5521.0,9.0,8.0,0.14671255207389966,0.13041115739902193,1,40000000,0,0,1,0,0,0,0,1
24.306639288158795,172.0,10157.0,25.0,27.0,0.22152210298316433,0.23924387122181745,1,35000000,0,0,0,0,0,1,0,0
21.897330595482547,94.0,6835.0,2.0,5.0,0.02633504023408925,0.06583760058522312,1,40000000,1,0,0,0,0,1,0,0
19.88227241615332,0.0,0.0,0.0,0.0,0.0,0.0,0,75000,1,0,0,0,0,0,1,0
19.583846680355922,0.0,0.0,0.0,0.0,0.0,0.0,0,200000,1,0,0,0,0,0,0,1
22.34360027378508,0.0,0.0,0.0,0.0,0.0,0.0,0,25000,0,1,0,0,0,0,0,0
18.94866529774127,0.0,0.0,0.0,0.0,0.0,0.0,0,200000,0,0,0,0,0,1,0,0
20.681724845995895,3.0,16.0,0.0,0.0,0.0,0.0,1,600000,0,0,1,0,0,0,0,1
20.05475701574264,13.0,237.0,0.0,0.0,0.0,0.0,1,1500000,0,0,0,0,1,0,0,0
21.097878165639973,3.0,56.0,0.0,0.0,0.0,0.0,1,150000,1,0,0,0,1,0,0,0
21.916495550992472,0.0,0.0,0.0,0.0,0.0,0.0,0,150000,0,0,1,0,0,0,0,1
18.95687885010267,1.0,6.0,0.0,0.0,0.0,0.0,1,450000,0,0,1,0,0,0,0,1
23.1129363449692,136.0,10323.0,8.0,13.0,0.06974716652136007,0.1133391455972101,1,10000000,1,0,0,0,0,0,0,0
17.711156741957563,0.0,0.0,0.0,0.0,0.0,0.0,0,150000,0,1,0,0,1,0,0,0
22.5927446954141,85.0,4266.0,13.0,13.0,0.2742616033755274,0.2742616033755274,1,35000000,0,0,0,0,0,0,1,0
21.645448323066393,3.0,21.0,0.0,0.0,0.0,0.0,1,150000,0,0,0,0,1,0,0,0
21.965776865160848,7.0,630.0,0.0,0.0,0.0,0.0,1,4000000,0,1,0,0,0,1,0,0
20.347707049965777,1.0,63.0,0.0,0.0,0.0,0.0,1,3500000,0,0,1,0,0,0,0,1
20.758384668035593,0.0,0.0,0.0,0.0,0.0,0.0,0,450000,0,0,1,0,0,0,0,1
21.349760438056126,18.0,1348.0,1.0,2.0,0.06676557863501484,0.13353115727002968,1,5000000,1,0,0,0,0,0,0,1
19.94524298425736,0.0,0.0,0.0,0.0,0.0,0.0,0,100000,0,0,1,0,1,0,0,0
25.95756331279945,68.0,3449.0,3.0,7.0,0.07828356045230501,0.18266164105537835,1,4000000,1,0,0,0,1,0,0,0
24.98836413415469,34.0,1748.0,2.0,1.0,0.10297482837528604,0.05148741418764302,1,2000000,1,0,0,0,0,0,0,1
19.50171115674196,0.0,0.0,0.0,0.0,0.0,0.0,0,100000,0,0,0,0,0,0,1,0
20.78302532511978,9.0,83.0,0.0,0.0,0.0,0.0,1,700000,0,0,1,0,1,0,0,0
23.668720054757017,43.0,1345.0,7.0,3.0,0.46840148698884754,0.20074349442379183,1,28000000,0,0,0,0,0,0,1,0
25.338809034907598,68.0,4152.0,2.0,1.0,0.04335260115606936,0.02167630057803468,1,3000000,1,0,0,0,1,0,0,0
19.753593429158112,0.0,0.0,0.0,0.0,0.0,0.0,0,150000,0,0,1,0,1,0,0,0
20.383299110198493,0.0,0.0,0.0,0.0,0.0,0.0,0,150000,0,0,1,0,0,0,0,0
22.39835728952772,0.0,0.0,0.0,0.0,0.0,0.0,0,50000,0,1,0,0,0,0,0,0
20.83504449007529,46.0,4091.0,0.0,0.0,0.0,0.0,1,25000000,0,1,0,0,1,0,0,0
20.134154688569474,4.0,193.0,1.0,0.0,0.0,0.0,1,500000,1,0,0,0,0,0,0,0
22.759753593429156,11.0,920.0,0.0,0.0,0.0,0.0,1,3000000,0,1,0,0,0,0,0,0
24.213552361396303,2.0,117.0,0.0,0.0,0.0,0.0,1,400000,1,0,0,0,0,0,0,0
23.353867214236825,35.0,1928.0,1.0,2.0,0.046680497925311204,0.09336099585062241,1,3500000,1,0,0,0,0,0,0,0
22.98425735797399,41.0,2058.0,1.0,1.0,0.043731778425655975,0.043731778425655975,1,5000000,0,0,1,0,0,0,0,0
21.163586584531142,1.0,120.0,0.0,0.0,0.0,0.0,1,100000,1,0,0,0,0,0,0,0
22.628336755646817,35.0,1758.0,2.0,4.0,0.10238907849829351,0.20477815699658702,1,3500000,0,0,0,0,0,0,0,0
23.748117727583846,43.0,1541.0,0.0,1.0,0.0,0.05840363400389357,1,1800000,0,0,0,0,0,0,0,0
23.030800821355236,117.0,4476.0,6.0,5.0,0.12064343163538874,0.10053619302949061,1,5000000,0,0,1,0,0,0,0,0
20.268309377138944,0.0,0.0,0.0,0.0,0.0,0.0,0,250000,0,0,0,0,0,0,0,0
23.06365503080082,128.0,8365.0,12.0,10.0,0.12910938433950986,0.1075911536162582,1,25000000,0,0,1,0,0,0,0,0
23.37577002053388,0.0,0.0,0.0,0.0,0.0,0.0,0,50000,0,1,0,0,1,0,0,0
23.2580424366872,0.0,0.0,0.0,0.0,0.0,0.0,0,300000,0,0,0,0,0,0,0,0
25.065023956194388,0.0,0.0,0.0,0.0,0.0,0.0,0,10000,0,1,0,0,1,0,0,0
28.66803559206023,81.0,6871.0,2.0,1.0,0.026197060107699024,0.013098530053849512,1,3000000,1,0,0,0,0,0,1,0
20.640657084188913,0.0,0.0,0.0,0.0,0.0,0.0,0,150000,0,0,1,0,1,0,0,0
21.130732375085557,6.0,108.0,0.0,0.0,0.0,0.0,1,800000,0,0,1,0,1,0,0,0
21.53867214236824,6.0,336.0,2.0,0.0,0.5357142857142857,0.0,1,900000,0,0,1,0,0,1,0,0
23.805612594113622,15.0,451.0,1.0,1.0,0.19955654101995565,0.19955654101995565,1,2500000,0,0,0,0,0,0,0,1
23.26899383983573,0.0,0.0,0.0,0.0,0.0,0.0,0,100000,0,1,0,0,1,0,0,0
18.64476386036961,0.0,0.0,0.0,0.0,0.0,0.0,0,250000,0,0,1,0,0,1,0,0
22.6694045174538,28.0,1008.0,1.0,0.0,0.08928571428571427,0.0,1,800000,0,0,1,0,1,0,0,0
19.89322381930185,0.0,0.0,0.0,0.0,0.0,0.0,0,500000,1,0,0,0,0,0,0,1
23.04996577686516,65.0,4118.0,1.0,1.0,0.021855269548324428,0.021855269548324428,1,1800000,1,0,0,0,1,0,0,0
24.021902806297057,111.0,8929.0,1.0,1.0,0.010079516183223206,0.010079516183223206,1,28000000,1,0,0,0,0,1,0,0
22.11362080766598,13.0,146.0,1.0,0.0,0.0,0.0,1,300000,0,0,1,0,1,0,0,0
25.54962354551677,11.0,539.0,1.0,0.0,0.16697588126159554,0.0,1,7000000,0,0,1,0,0,0,1,0
20.867898699520875,8.0,536.0,1.0,0.0,0.16791044776119401,0.0,1,8000000,1,0,0,0,0,1,0,0
22.078028747433265,0.0,0.0,0.0,0.0,0.0,0.0,0,600000,1,0,0,0,1,0,0,0
22.9596167008898,70.0,5166.0,2.0,5.0,0.03484320557491289,0.08710801393728224,1,35000000,1,0,0,0,0,0,0,0
21.218343600273784,19.0,667.0,0.0,1.0,0.0,0.13493253373313344,1,2000000,0,0,1,0,0,1,0,0
21.097878165639973,2.0,2.0,0.0,0.0,0.0,0.0,1,1000000,1,0,0,0,0,1,0,0
21.06776180698152,131.0,8302.0,27.0,20.0,0.29270055408335344,0.21681522524692842,1,75000000,0,0,0,0,0,0,1,0
17.976728268309376,0.0,0.0,0.0,0.0,0.0,0.0,0,150000,1,0,0,0,0,1,0,0
19.093771389459274,0.0,0.0,0.0,0.0,0.0,0.0,0,100000,1,0,0,0,0,1,0,0
19.82751540041068,3.0,69.0,0.0,0.0,0.0,0.0,1,300000,0,0,1,0,0,1,0,0
22.77891854893908,17.0,576.0,0.0,0.0,0.0,0.0,1,9000000,0,0,0,0,0,0,1,0
21.39082819986311,72.0,2670.0,2.0,3.0,0.06741573033707865,0.10112359550561799,1,15000000,0,0,1,0,0,0,0,1
23.09924709103354,0.0,0.0,0.0,0.0,0.0,0.0,0,600000,1,0,0,0,1,0,0,0
21.812457221081452,1.0,18.0,0.0,0.0,0.0,0.0,1,2000000,1,0,0,0,1,0,0,0
24.71731690622861,160.0,10658.0,4.0,12.0,0.03377744417339088,0.10133233252017264,1,12000000,1,0,0,0,0,1,0,0
20.4435318275154,25.0,1013.0,0.0,0.0,0.0,0.0,1,6000000,1,0,0,0,0,0,0,1
20.22450376454483,1.0,3.0,0.0,0.0,0.0,0.0,1,500000,0,1,0,0,0,1,0,0
21.856262833675565,59.0,4299.0,2.0,7.0,0.0418702023726448,0.1465457083042568,1,40000000,0,0,1,0,1,0,0,0
21.691991786447637,105.0,6500.0,22.0,13.0,0.3046153846153846,0.18,1,32000000,0,0,0,0,0,0,1,0
25.568788501026695,25.0,1834.0,3.0,1.0,0.14721919302071973,0.04907306434023991,1,4000000,0,0,0,0,1,0,0,0
20.40520191649555,34.0,2600.0,1.0,0.0,0.03461538461538462,0.0,1,3000000,1,0,0,0,0,0,1,0
21.111567419575632,2.0,134.0,0.0,0.0,0.0,0.0,1,250000,0,0,1,0,1,0,0,0
21.66461327857632,0.0,0.0,0.0,0.0,0.0,0.0,0,25000,0,0,0,0,0,0,0,0
20.583162217659137,0.0,0.0,0.0,0.0,0.0,0.0,0,450000,0,0,0,0,1,0,0,0
21.730321697467488,0.0,0.0,0.0,0.0,0.0,0.0,0,600000,1,0,0,0,0,0,0,1
20.602327173169062,0.0,0.0,0.0,0.0,0.0,0.0,0,100000,0,0,0,0,1,0,0,0
20.88432580424367,0.0,0.0,0.0,0.0,0.0,0.0,0,150000,0,0,1,0,0,1,0,0
18.417522245037645,0.0,0.0,0.0,0.0,0.0,0.0,0,100000,0,0,1,0,0,1,0,0
21.22655715263518,8.0,183.0,0.0,0.0,0.0,0.0,1,450000,0,0,1,0,0,1,0,0
23.017111567419576,0.0,0.0,0.0,0.0,0.0,0.0,0,100000,0,1,0,0,1,0,0,0
21.141683778234086,0.0,0.0,0.0,0.0,0.0,0.0,0,175000,1,0,0,0,0,1,0,0
21.152635181382614,0.0,0.0,0.0,0.0,0.0,0.0,0,50000,0,1,0,0,1,0,0,0
20.35318275154004,21.0,951.0,0.0,0.0,0.0,0.0,1,500000,1,0,0,0,1,0,0,0
23.49349760438056,149.0,8919.0,13.0,25.0,0.1311806256306761,0.2522704339051463,1,15000000,0,0,1,0,0,0,0,1
21.336071184120467,0.0,0.0,0.0,0.0,0.0,0.0,0,200000,0,0,0,0,1,0,0,0
20.8186173853525,1.0,81.0,0.0,0.0,0.0,0.0,1,150000,0,1,0,0,1,0,0,0
19.62217659137577,4.0,126.0,0.0,0.0,0.0,0.0,1,500000,0,0,0,0,1,0,0,0
19.967145790554415,0.0,0.0,0.0,0.0,0.0,0.0,0,100000,1,0,0,0,0,1,0,0
23.627652292950035,28.0,809.0,2.0,0.0,0.22249690976514214,0.0,1,2500000,0,0,1,0,0,0,0,1
21.95756331279945,0.0,0.0,0.0,0.0,0.0,0.0,0,50000,1,0,0,0,1,0,0,0
22.379192334017795,2.0,34.0,0.0,0.0,0.0,0.0,1,200000,0,0,1,0,1,0,0,0
19.62217659137577,0.0,0.0,0.0,0.0,0.0,0.0,0,150000,0,0,0,0,1,0,0,0
22.784394250513348,89.0,5377.0,6.0,5.0,0.1004277478147666,0.08368978984563884,1,50000000,0,0,1,0,0,1,0,0
23.370294318959616,84.0,4988.0,7.0,6.0,0.12630312750601444,0.1082598235765838,1,25000000,0,0,1,0,0,0,1,0
19.20328542094456,0.0,0.0,0.0,0.0,0.0,0.0,0,100000,1,0,0,0,1,0,0,0
21.579739904175224,0.0,0.0,0.0,0.0,0.0,0.0,0,50000,0,0,0,0,1,0,0,0
20.019164955509925,0.0,0.0,0.0,0.0,0.0,0.0,0,200000,1,0,0,0,1,0,0,0
20.95003422313484,0.0,0.0,0.0,0.0,0.0,0.0,0,350000,1,0,0,0,1,0,0,0
21.22108145106092,1.0,90.0,0.0,0.0,0.0,0.0,1,200000,0,0,1,0,0,1,0,0
20.648870636550306,0.0,0.0,0.0,0.0,0.0,0.0,0,150000,1,0,0,0,0,0,0,0
20.79671457905544,0.0,0.0,0.0,0.0,0.0,0.0,0,150000,0,0,1,0,0,0,0,0
20.974674880219027,2.0,101.0,0.0,0.0,0.0,0.0,1,150000,1,0,0,0,0,1,0,0
24.59958932238193,52.0,3903.0,15.0,2.0,0.34588777863182163,0.04611837048424289,1,15000000,0,0,0,0,0,0,1,0
22.351813826146476,0.0,0.0,0.0,0.0,0.0,0.0,0,500000,0,0,0,0,1,0,0,0
20.06570841889117,0.0,0.0,0.0,0.0,0.0,0.0,0,250000,0,0,0,0,1,0,0,0
19.655030800821354,0.0,0.0,0.0,0.0,0.0,0.0,0,50000,0,0,1,0,1,0,0,0
22.00684462696783,6.0,83.0,0.0,0.0,0.0,0.0,1,200000,1,0,0,0,1,0,0,0
21.35523613963039,0.0,0.0,0.0,0.0,0.0,0.0,0,100000,1,0,0,0,1,0,0,0
22.50239561943874,57.0,2569.0,4.0,2.0,0.14013234721681586,0.07006617360840793,1,14000000,0,0,0,0,0,0,0,0
22.650239561943874,6.0,312.0,1.0,0.0,0.28846153846153844,0.0,1,600000,0,0,1,0,0,0,0,0
20.607802874743328,9.0,551.0,0.0,0.0,0.0,0.0,1,500000,1,0,0,0,0,0,0,0
20.56125941136208,0.0,0.0,0.0,0.0,0.0,0.0,0,25000,1,0,0,0,0,0,0,0
19.50171115674196,0.0,0.0,0.0,0.0,0.0,0.0,0,125000,0,0,1,0,0,0,1,0
20.919917864476385,6.0,564.0,0.0,1.0,0.0,0.1595744680851064,1,7000000,1,0,0,0,0,1,0,0
20.076659822039698,7.0,292.0,0.0,0.0,0.0,0.0,1,1500000,1,0,0,0,1,0,0,0
21.83709787816564,3.0,25.0,0.0,0.0,0.0,0.0,1,250000,0,0,1,0,1,0,0,0
19.709787816564,15.0,556.0,0.0,1.0,0.0,0.16187050359712232,1,500000,0,0,1,0,1,0,0,0
20.38877481177276,1.0,9.0,0.0,0.0,0.0,0.0,1,300000,0,0,0,0,0,0,0,0
21.65366187542779,2.0,48.0,0.0,0.0,0.0,0.0,1,200000,0,0,1,0,0,1,0,0
25.144421629021217,36.0,2547.0,0.0,0.0,0.0,0.0,1,3000000,1,0,0,0,0,0,1,0
20.10130047912389,0.0,0.0,0.0,0.0,0.0,0.0,0,100000,1,0,0,0,1,0,0,0
21.27310061601643,155.0,7480.0,26.0,33.0,0.3128342245989305,0.39705882352941174,1,90000000,0,0,1,0,0,0,0,0
21.648186173853524,43.0,2311.0,1.0,1.0,0.03894418000865426,0.03894418000865426,1,4000000,1,0,0,0,0,0,0,0
25.38261464750171,9.0,306.0,2.0,1.0,0.5882352941176471,0.29411764705882354,1,4000000,0,0,0,0,0,0,1,0
23.066392881587955,3.0,42.0,0.0,0.0,0.0,0.0,1,100000,0,0,0,0,1,0,0,0
21.22655715263518,0.0,0.0,0.0,0.0,0.0,0.0,0,150000,1,0,0,0,1,0,0,0
21.56331279945243,9.0,470.0,1.0,0.0,0.19148936170212766,0.0,1,5000000,0,0,1,0,1,0,0,0
21.27583846680356,11.0,351.0,2.0,1.0,0.5128205128205129,0.25641025641025644,1,600000,0,0,0,0,0,1,0,0
20.44079397672827,27.0,1567.0,0.0,1.0,0.0,0.05743458838544991,1,15000000,1,0,0,0,0,0,0,1
21.738535249828885,23.0,829.0,0.0,3.0,0.0,0.32569360675512665,1,20000000,0,0,0,0,0,1,0,0
17.590691307323752,0.0,0.0,0.0,0.0,0.0,0.0,0,300000,0,0,0,0,0,1,0,0
20.03832991101985,0.0,0.0,0.0,0.0,0.0,0.0,0,75000,1,0,0,0,0,1,0,0
21.61259411362081,40.0,2070.0,2.0,0.0,0.08695652173913043,0.0,1,4000000,0,0,1,0,0,1,0,0
20.136892539356605,0.0,0.0,0.0,0.0,0.0,0.0,0,150000,1,0,0,0,1,0,0,0
21.27310061601643,83.0,4583.0,6.0,7.0,0.11782675103643903,0.1374645428758455,1,16000000,0,0,1,0,0,0,0,1
21.059548254620122,17.0,408.0,0.0,0.0,0.0,0.0,1,2200000,0,0,1,0,0,1,0,0
20.331279945242983,74.0,3603.0,1.0,9.0,0.024979184013322234,0.2248126561199001,1,35000000,0,0,1,0,0,1,0,0
19.085557837097877,1.0,7.0,0.0,0.0,0.0,0.0,1,1200000,0,0,1,0,0,0,1,0
18.00684462696783,8.0,80.0,0.0,0.0,0.0,0.0,1,1000000,0,0,0,0,0,0,1,0
20.262833675564682,12.0,165.0,0.0,0.0,0.0,0.0,1,5000000,0,0,0,0,0,0,0,1
19.091033538672143,0.0,0.0,0.0,0.0,0.0,0.0,0,100000,0,1,0,0,0,0,0,1
20.290212183436,53.0,2611.0,4.0,3.0,0.1378782075833014,0.10340865568747606,1,17000000,0,0,0,0,0,1,0,0
23.134839151266256,0.0,0.0,0.0,0.0,0.0,0.0,0,50000,0,1,0,0,1,0,0,0
22.633812457221083,40.0,3386.0,1.0,1.0,0.026580035440047254,0.026580035440047254,1,12000000,1,0,0,0,0,0,1,0
21.190965092402465,0.0,0.0,0.0,0.0,0.0,0.0,0,50000,0,0,1,0,0,0,1,0
20.31211498973306,1.0,3.0,0.0,0.0,0.0,0.0,1,200000,0,0,0,0,0,0,0,0
21.144421629021217,77.0,5362.0,12.0,7.0,0.20141738157403952,0.1174934725848564,1,28000000,0,0,1,0,0,1,0,0
19.00889801505818,1.0,2.0,0.0,0.0,0.0,0.0,1,500000,0,0,1,0,0,1,0,0
19.6249144421629,0.0,0.0,0.0,0.0,0.0,0.0,0,400000,0,0,1,0,0,1,0,0
22.518822724161534,75.0,5504.0,4.0,1.0,0.06540697674418605,0.016351744186046513,1,22000000,1,0,0,0,1,0,0,0
20.725530458590008,47.0,1780.0,4.0,1.0,0.20224719101123598,0.050561797752808994,1,4200000,0,0,0,0,0,0,1,0
20.383299110198493,18.0,1357.0,0.0,1.0,0.0,0.06632277081798084,1,450000,0,0,1,0,0,1,0,0
20.804928131416837,3.0,73.0,0.0,0.0,0.0,0.0,1,1800000,0,0,0,0,0,1,0,0
23.16769336071184,10.0,632.0,2.0,1.0,0.2848101265822785,0.14240506329113925,1,275000,0,0,1,0,0,1,0,0
19.222450376454482,0.0,0.0,0.0,0.0,0.0,0.0,0,600000,0,1,0,0,0,0,1,0
19.94524298425736,0.0,0.0,0.0,0.0,0.0,0.0,0,150000,1,0,0,0,0,1,0,0
25.322381930184804,50.0,3860.0,4.0,0.0,0.09326424870466321,0.0,1,5000000,1,0,0,0,0,0,0,1
19.134839151266256,0.0,0.0,0.0,0.0,0.0,0.0,0,500000,1,0,0,0,0,1,0,0
23.104722792607802,3.0,10.0,0.0,0.0,0.0,0.0,1,125000,0,0,0,0,1,0,0,0
22.417522245037645,76.0,4749.0,3.0,2.0,0.05685407454200884,0.037902716361339225,1,5500000,0,0,1,0,0,0,1,0
19.745379876796715,20.0,258.0,0.0,0.0,0.0,0.0,1,5000000,0,0,1,0,0,0,1,0
22.414784394250514,120.0,8193.0,13.0,12.0,0.14280483339436104,0.13181984621017942,1,35000000,0,0,1,0,0,1,0,0
19.583846680355922,0.0,0.0,0.0,0.0,0.0,0.0,0,25000,1,0,0,0,0,0,1,0
20.95277207392197,4.0,229.0,1.0,0.0,0.0,0.0,1,5000000,0,0,0,0,0,1,0,0
19.006160164271048,0.0,0.0,0.0,0.0,0.0,0.0,0,4000000,1,0,0,0,0,1,0,0
20.824093086926762,0.0,0.0,0.0,0.0,0.0,0.0,0,500000,0,0,1,0,0,0,1,0
18.069815195071868,0.0,0.0,0.0,0.0,0.0,0.0,0,100000,0,1,0,0,1,0,0,0
21.897330595482547,120.0,9355.0,10.0,12.0,0.09620523784072688,0.11544628540887225,1,50000000,0,0,1,0,0,1,0,0
17.28952772073922,0.0,0.0,0.0,0.0,0.0,0.0,0,250000,0,0,0,0,1,0,0,0
23.140314852840522,9.0,529.0,1.0,0.0,0.17013232514177695,0.0,1,1000000,1,0,0,0,0,0,0,0
20.11772758384668,1.0,34.0,0.0,0.0,0.0,0.0,1,300000,0,0,1,0,0,0,0,0
21.218343600273784,6.0,311.0,0.0,0.0,0.0,0.0,1,2500000,1,0,0,0,0,0,0,1
18.598220396988363,0.0,0.0,0.0,0.0,0.0,0.0,0,25000,0,0,0,0,0,0,1,0
20.539356605065024,0.0,0.0,0.0,0.0,0.0,0.0,0,300000,1,0,0,0,0,0,1,0
20.73100616016427,15.0,443.0,1.0,1.0,0.20316027088036115,0.20316027088036115,1,800000,0,0,0,0,0,0,1,0
19.45242984257358,4.0,35.0,0.0,0.0,0.0,0.0,1,2000000,0,0,1,0,0,0,1,0
19.967145790554415,3.0,151.0,0.0,0.0,0.0,0.0,1,150000,0,0,1,0,0,1,0,0
23.093771389459274,25.0,954.0,0.0,1.0,0.0,0.09433962264150944,1,1500000,1,0,0,0,1,0,0,0
19.83025325119781,4.0,119.0,0.0,1.0,0.0,0.0,1,3500000,0,0,1,0,0,0,0,1
19.838466803559207,0.0,0.0,0.0,0.0,0.0,0.0,0,150000,0,1,0,0,0,0,0,1
19.972621492128678,6.0,149.0,0.0,0.0,0.0,0.0,1,3000000,1,0,0,0,0,0,0,1
20.958247775496236,26.0,950.0,2.0,1.0,0.18947368421052632,0.09473684210526316,1,4000000,1,0,0,0,0,0,1,0
20.314852840520192,0.0,0.0,0.0,0.0,0.0,0.0,0,400000,0,0,0,0,0,0,1,0
20.580424366872005,1.0,3.0,0.0,0.0,0.0,0.0,1,400000,1,0,0,0,0,0,1,0
18.532511978097194,0.0,0.0,0.0,0.0,0.0,0.0,0,125000,1,0,0,0,0,0,1,0
19.170431211498972,0.0,0.0,0.0,0.0,0.0,0.0,0,100000,0,0,1,0,0,0,1,0
23.578370978781656,63.0,3127.0,24.0,4.0,0.6907579149344419,0.11512631915574033,1,18000000,0,0,0,0,1,0,0,0
21.374401095140314,8.0,350.0,0.0,0.0,0.0,0.0,1,1000000,0,0,1,0,0,0,1,0
20.331279945242983,0.0,0.0,0.0,0.0,0.0,0.0,0,150000,0,1,0,0,0,0,1,0
18.95687885010267,0.0,0.0,0.0,0.0,0.0,0.0,0,100000,0,0,0,0,1,0,0,0
18.8911704312115,2.0,12.0,0.0,0.0,0.0,0.0,1,150000,0,0,0,0,1,0,0,0
19.90965092402464,3.0,65.0,0.0,0.0,0.0,0.0,1,200000,0,0,0,0,0,1,0,0
20.413415468856947,48.0,2794.0,2.0,1.0,0.06442376521116679,0.03221188260558339,1,22000000,1,0,0,0,0,0,1,0
20.306639288158795,3.0,13.0,0.0,0.0,0.0,0.0,1,250000,0,0,0,0,0,1,0,0
23.4031485284052,0.0,0.0,0.0,0.0,0.0,0.0,0,25000,0,0,0,0,0,0,0,0
21.746748802190282,6.0,180.0,0.0,0.0,0.0,0.0,1,600000,0,0,0,0,0,0,1,0
19.7782340862423,0.0,0.0,0.0,0.0,0.0,0.0,0,50000,0,0,1,0,1,0,0,0
20.83230663928816,16.0,1017.0,0.0,1.0,0.0,0.08849557522123894,1,10000000,0,0,1,0,0,0,0,0
21.141683778234086,96.0,6914.0,7.0,5.0,0.0911194677466011,0.06508533410471508,1,60000000,1,0,0,0,0,0,0,0
22.04243668720055,32.0,1985.0,0.0,1.0,0.0,0.04534005037783375,1,2500000,1,0,0,0,0,0,1,0
20.361396303901437,0.0,0.0,0.0,0.0,0.0,0.0,0,200000,0,0,1,0,0,0,0,1
19.197809719370294,56.0,1961.0,9.0,3.0,0.4130545639979602,0.13768485466598673,1,35000000,0,0,1,0,1,0,0,0
19.685147159479808,69.0,3845.0,1.0,6.0,0.023407022106631988,0.14044213263979194,1,45000000,1,0,0,0,0,1,0,0
22.688569472963724,0.0,0.0,0.0,0.0,0.0,0.0,0,200000,0,1,0,0,0,0,0,0
22.989733059548254,0.0,0.0,0.0,0.0,0.0,0.0,0,25000,0,0,0,0,0,0,0,0
22.67488021902806,0.0,0.0,0.0,0.0,0.0,0.0,0,100000,0,0,1,0,0,0,0,0
24.112251882272417,13.0,188.0,0.0,2.0,0.0,0.0,1,900000,0,0,0,0,1,0,0,0
20.520191649555098,1.0,71.0,0.0,0.0,0.0,0.0,1,400000,0,0,1,0,0,0,1,0
23.15400410677618,4.0,131.0,1.0,1.0,0.0,0.0,1,1000000,0,0,0,0,0,0,0,0
22.012320328542096,77.0,4774.0,1.0,2.0,0.018852115626309174,0.03770423125261835,1,10000000,1,0,0,0,1,0,0,0
20.550308008213552,1.0,2.0,0.0,0.0,0.0,0.0,1,500000,1,0,0,0,0,0,1,0
18.7378507871321,0.0,0.0,0.0,0.0,0.0,0.0,0,150000,1,0,0,0,0,0,1,0
19.252566735112936,58.0,5127.0,13.0,3.0,0.22820362785254533,0.0526623756582797,1,60000000,1,0,0,0,0,1,0,0
21.08145106091718,1.0,13.0,0.0,0.0,0.0,0.0,1,150000,1,0,0,0,0,0,0,0
22.46132785763176,79.0,4066.0,1.0,3.0,0.022134776192818492,0.06640432857845548,1,5000000,0,0,1,0,0,0,0,0
19.33744010951403,0.0,0.0,0.0,0.0,0.0,0.0,0,10000,0,1,0,0,0,0,1,0
22.926762491444215,82.0,4490.0,9.0,7.0,0.18040089086859687,0.1403118040089087,1,8000000,0,0,0,0,0,0,0,0
23.44147843942505,30.0,2048.0,1.0,3.0,0.0439453125,0.1318359375,1,15000000,0,0,1,0,0,0,0,0
24.331279945242983,63.0,2832.0,4.0,2.0,0.1271186440677966,0.0635593220338983,1,4000000,0,0,1,0,0,0,1,0
20.944558521560573,1.0,29.0,0.0,0.0,0.0,0.0,1,250000,0,0,0,0,1,0,0,0
19.279945242984258,0.0,0.0,0.0,0.0,0.0,0.0,0,50000,1,0,0,0,0,0,1,0
20.00273785078713,0.0,0.0,0.0,0.0,0.0,0.0,0,50000,1,0,0,0,1,0,0,0
19.28268309377139,0.0,0.0,0.0,0.0,0.0,0.0,0,50000,0,1,0,0,1,0,0,0
21.177275838466805,0.0,0.0,0.0,0.0,0.0,0.0,0,150000,0,1,0,0,0,0,0,1
21.1088295687885,128.0,6709.0,15.0,17.0,0.20122223878372333,0.22805187062155313,1,32000000,0,0,0,0,0,0,0,1
19.34839151266256,0.0,0.0,0.0,0.0,0.0,0.0,0,100000,0,1,0,0,0,0,0,0
20.993839835728952,39.0,1728.0,3.0,1.0,0.15625,0.05208333333333333,1,6000000,0,0,0,0,0,0,0,0
20.42984257357974,2.0,24.0,0.0,0.0,0.0,0.0,1,300000,0,0,1,0,0,0,0,0
20.791238877481177,0.0,0.0,0.0,0.0,0.0,0.0,0,150000,1,0,0,0,0,0,0,0
23.682409308692677,10.0,586.0,0.0,0.0,0.0,0.0,1,1000000,1,0,0,0,0,0,0,0
22.652977412731005,26.0,567.0,2.0,0.0,0.31746031746031744,0.0,1,2000000,0,0,0,0,0,0,0,0
21.23750855578371,53.0,3485.0,1.0,4.0,0.02582496413199426,0.10329985652797705,1,35000000,1,0,0,0,0,0,1,0
18.625598904859686,1.0,25.0,0.0,0.0,0.0,0.0,1,150000,1,0,0,0,0,0,1,0
19.720739219712527,2.0,121.0,0.0,1.0,0.0,0.0,1,3000000,0,0,0,0,0,0,0,1
19.98631074606434,6.0,210.0,0.0,0.0,0.0,0.0,1,5000000,1,0,0,0,0,0,1,0
20.04928131416838,25.0,1030.0,4.0,4.0,0.34951456310679613,0.34951456310679613,1,28000000,0,0,1,0,0,0,0,1
19.460643394934976,2.0,13.0,0.0,0.0,0.0,0.0,1,500000,0,0,0,0,0,0,0,1
19.67419575633128,0.0,0.0,0.0,0.0,0.0,0.0,0,4000000,0,0,1,0,0,0,0,1
19.488021902806295,6.0,124.0,0.0,0.0,0.0,0.0,1,3500000,0,0,0,0,0,0,0,1
22.50239561943874,11.0,374.0,0.0,0.0,0.0,0.0,1,1500000,1,0,0,0,0,0,0,0
19.463381245722108,0.0,0.0,0.0,0.0,0.0,0.0,0,350000,0,0,1,0,0,0,1,0
20.465434633812457,0.0,0.0,0.0,0.0,0.0,0.0,0,900000,1,0,0,0,0,0,1,0
21.93839835728953,8.0,124.0,0.0,0.0,0.0,0.0,1,1500000,1,0,0,0,0,1,0,0
24.906228610540726,95.0,5893.0,11.0,6.0,0.16799592737145766,0.09163414220261328,1,23000000,0,0,1,0,0,0,1,0
20.670773442847366,0.0,0.0,0.0,0.0,0.0,0.0,0,400000,1,0,0,0,0,0,1,0
19.07460643394935,0.0,0.0,0.0,0.0,0.0,0.0,0,100000,0,1,0,0,0,0,1,0
22.899383983572896,0.0,0.0,0.0,0.0,0.0,0.0,0,300000,1,0,0,0,1,0,0,0
21.429158110882955,13.0,449.0,1.0,1.0,0.20044543429844097,0.20044543429844097,1,5000000,0,0,0,0,1,0,0,0
19.422313483915126,36.0,947.0,3.0,1.0,0.28511087645195354,0.09503695881731784,1,8000000,0,0,0,0,1,0,0,0
20.041067761806982,76.0,3492.0,11.0,7.0,0.28350515463917525,0.1804123711340206,1,40000000,0,0,1,0,1,0,0,0
23.994524298425734,56.0,2948.0,2.0,2.0,0.061058344640434185,0.061058344640434185,1,4000000,0,0,1,0,1,0,0,0
20.04928131416838,0.0,0.0,0.0,0.0,0.0,0.0,0,50000,1,0,0,0,1,0,0,0
20.361396303901437,0.0,0.0,0.0,0.0,0.0,0.0,0,100000,0,0,1,0,0,0,0,0
21.196440793976727,3.0,31.0,0.0,0.0,0.0,0.0,1,800000,0,0,0,0,0,0,0,1
20.240930869267626,142.0,10889.0,6.0,10.0,0.04959133070070714,0.08265221783451189,1,40000000,1,0,0,0,0,1,0,0
20.06570841889117,0.0,0.0,0.0,0.0,0.0,0.0,0,6000000,0,0,1,0,0,0,0,1
20.503764544832308,46.0,3014.0,6.0,7.0,0.17916390179163905,0.2090245520902455,1,45000000,0,0,1,0,0,0,0,1
19.652292950034223,0.0,0.0,0.0,0.0,0.0,0.0,0,75000,0,0,0,0,0,0,0,1
20.698151950718685,0.0,0.0,0.0,0.0,0.0,0.0,0,250000,0,0,1,0,1,0,0,0
25.02943189596167,76.0,3597.0,11.0,8.0,0.27522935779816515,0.20016680567139283,1,4000000,0,0,0,0,0,0,0,0
19.394934976043807,0.0,0.0,0.0,0.0,0.0,0.0,0,200000,0,0,1,0,0,0,0,0
21.921971252566735,45.0,3101.0,0.0,1.0,0.0,0.029022895840051594,1,3500000,1,0,0,0,0,0,1,0
20.725530458590008,0.0,0.0,0.0,0.0,0.0,0.0,0,600000,0,0,1,0,0,1,0,0
21.31416837782341,1.0,34.0,0.0,0.0,0.0,0.0,1,300000,0,0,1,0,0,0,0,1
18.954140999315538,0.0,0.0,0.0,0.0,0.0,0.0,0,150000,0,0,1,0,0,1,0,0
20.687200547570157,3.0,28.0,0.0,0.0,0.0,0.0,1,400000,0,0,0,0,0,0,0,1
26.327173169062284,33.0,1491.0,0.0,1.0,0.0,0.060362173038229376,1,9000000,0,0,1,0,0,0,0,0
19.901437371663246,0.0,0.0,0.0,0.0,0.0,0.0,0,50000,1,0,0,0,0,0,1,0
22.924024640657084,95.0,4667.0,3.0,6.0,0.05785301049925006,0.11570602099850012,1,7000000,0,0,1,0,0,0,0,0
19.159479808350444,0.0,0.0,0.0,0.0,0.0,0.0,0,150000,0,0,1,0,0,1,0,0
19.211498973305954,0.0,0.0,0.0,0.0,0.0,0.0,0,75000,0,0,1,0,0,0,0,1
23.378507871321013,19.0,777.0,1.0,0.0,0.11583011583011582,0.0,1,2500000,0,0,1,0,0,0,0,0
21.409993155373034,0.0,0.0,0.0,0.0,0.0,0.0,0,500000,1,0,0,0,0,0,0,1
20.334017796030118,1.0,4.0,0.0,0.0,0.0,0.0,1,400000,0,0,0,0,0,0,1,0
21.749486652977414,0.0,0.0,0.0,0.0,0.0,0.0,0,600000,0,0,0,0,1,0,0,0
20.851471594798085,17.0,514.0,1.0,1.0,0.17509727626459143,0.17509727626459143,1,5000000,0,0,0,0,0,0,0,1
20.76933607118412,0.0,0.0,0.0,0.0,0.0,0.0,0,150000,0,0,1,0,0,0,0,1
20.761122518822724,62.0,4910.0,0.0,1.0,0.0,0.018329938900203666,1,22000000,1,0,0,0,0,1,0,0
19.028062970568104,0.0,0.0,0.0,0.0,0.0,0.0,0,500000,0,0,1,0,0,0,1,0
24.594113620807665,67.0,3427.0,1.0,2.0,0.02626203676685147,0.05252407353370294,1,2500000,0,0,1,0,0,0,1,0
21.27310061601643,4.0,213.0,0.0,0.0,0.0,0.0,1,3000000,1,0,0,0,0,1,0,0
20.123203285420946,0.0,0.0,0.0,0.0,0.0,0.0,0,100000,1,0,0,0,1,0,0,0
19.45516769336071,1.0,10.0,0.0,0.0,0.0,0.0,1,13000000,0,0,1,0,0,1,0,0
22.767967145790553,3.0,130.0,1.0,0.0,0.0,0.0,1,4000000,0,0,1,0,0,1,0,0
23.59479808350445,10.0,399.0,1.0,0.0,0.22556390977443608,0.0,1,2500000,0,0,0,0,0,0,0,0
19.76728268309377,0.0,0.0,0.0,0.0,0.0,0.0,0,150000,1,0,0,0,0,0,0,1
18.431211498973305,0.0,0.0,0.0,0.0,0.0,0.0,0,100000,0,1,0,0,0,0,0,1
19.397672826830938,0.0,0.0,0.0,0.0,0.0,0.0,0,500000,1,0,0,0,0,0,0,1
20.531143052703626,0.0,0.0,0.0,0.0,0.0,0.0,0,100000,1,0,0,0,1,0,0,0
21.22381930184805,105.0,9355.0,0.0,1.0,0.0,0.00962052378407269,1,18000000,0,1,0,0,1,0,0,0
21.130732375085557,0.0,0.0,0.0,0.0,0.0,0.0,0,100000,0,0,1,0,1,0,0,0
21.242984257357975,0.0,0.0,0.0,0.0,0.0,0.0,0,150000,1,0,0,0,1,0,0,0
19.849418206707735,0.0,0.0,0.0,0.0,0.0,0.0,0,500000,0,0,0,0,0,0,1,0
19.78097193702943,0.0,0.0,0.0,0.0,0.0,0.0,0,150000,0,0,1,0,1,0,0,0
21.582477754962355,0.0,0.0,0.0,0.0,0.0,0.0,0,100000,1,0,0,0,1,0,0,0
20.292950034223136,0.0,0.0,0.0,0.0,0.0,0.0,0,25000,0,0,1,0,0,0,0,0
20.993839835728952,162.0,8665.0,32.0,28.0,0.33237160992498554,0.2908251586843624,1,120000000,0,0,0,0,1,0,0,0
19.0362765229295,0.0,0.0,0.0,0.0,0.0,0.0,0,25000,0,1,0,0,0,0,1,0
22.54072553045859,33.0,1641.0,3.0,0.0,0.16453382084095064,0.0,1,3800000,0,0,0,0,0,0,1,0
19.956194387405887,0.0,0.0,0.0,0.0,0.0,0.0,0,75000,0,1,0,0,0,0,0,1
20.76659822039699,6.0,54.0,0.0,0.0,0.0,0.0,1,250000,0,0,1,0,1,0,0,0
22.650239561943874,2.0,42.0,0.0,0.0,0.0,0.0,1,200000,0,0,0,0,0,0,0,0
21.371663244353183,11.0,1020.0,0.0,0.0,0.0,0.0,1,8000000,0,1,0,0,0,0,1,0
22.652977412731005,4.0,360.0,0.0,0.0,0.0,0.0,1,500000,0,1,0,0,1,0,0,0
19.318275154004105,10.0,147.0,0.0,0.0,0.0,0.0,1,500000,0,0,0,0,0,0,0,1
19.696098562628336,0.0,0.0,0.0,0.0,0.0,0.0,0,50000,0,1,0,0,0,0,0,1
19.093771389459274,1.0,63.0,0.0,0.0,0.0,0.0,1,100000,1,0,0,0,0,0,0,0
18.72142368240931,1.0,15.0,0.0,0.0,0.0,0.0,1,250000,0,0,1,0,1,0,0,0
23.811088295687885,25.0,1198.0,2.0,0.0,0.15025041736227046,0.0,1,1700000,1,0,0,0,0,0,1,0
23.247091033538673,53.0,1987.0,7.0,2.0,0.3170608958228485,0.09058882737795672,1,4000000,0,0,0,0,1,0,0,0
19.87953456536619,1.0,6.0,0.0,0.0,0.0,0.0,1,50000,0,0,1,0,1,0,0,0
19.140314852840522,0.0,0.0,0.0,0.0,0.0,0.0,0,50000,1,0,0,0,1,0,0,0
19.6249144421629,0.0,0.0,0.0,0.0,0.0,0.0,0,50000,1,0,0,0,1,0,0,0
20.290212183436,20.0,508.0,1.0,0.0,0.17716535433070865,0.0,1,1500000,0,0,0,0,1,0,0,0
19.523613963039015,0.0,0.0,0.0,0.0,0.0,0.0,0,100000,0,1,0,0,0,0,1,0
22.414784394250514,107.0,7568.0,6.0,15.0,0.07135306553911205,0.17838266384778012,1,40000000,0,0,1,0,1,0,0,0
18.127310061601644,0.0,0.0,0.0,0.0,0.0,0.0,0,500000,0,1,0,0,0,1,0,0
21.270362765229294,71.0,4439.0,0.0,2.0,0.0,0.04054967334985357,1,12000000,1,0,0,0,0,0,0,1
19.60574948665298,13.0,749.0,0.0,0.0,0.0,0.0,1,800000,0,0,1,0,1,0,0,0
21.88637919233402,0.0,0.0,0.0,0.0,0.0,0.0,0,50000,0,1,0,0,1,0,0,0
22.921286789869953,26.0,1771.0,0.0,2.0,0.0,0.10163749294184077,1,4500000,0,0,1,0,1,0,0,0
20.216290212183434,1.0,18.0,0.0,0.0,0.0,0.0,1,600000,0,0,1,0,1,0,0,0
21.83709787816564,8.0,155.0,0.0,0.0,0.0,0.0,1,1000000,0,0,0,0,0,0,0,0
20.079397672826833,7.0,93.0,1.0,0.0,0.0,0.0,1,1000000,1,0,0,0,0,0,0,1
18.770704996577688,1.0,30.0,0.0,0.0,0.0,0.0,1,150000,0,0,0,0,0,1,0,0
23.95071868583162,57.0,3666.0,8.0,1.0,0.19639934533551553,0.024549918166939442,1,25000000,0,0,1,0,0,0,1,0
19.811088295687885,2.0,57.0,0.0,0.0,0.0,0.0,1,200000,1,0,0,0,0,1,0,0
18.12183436002738,0.0,0.0,0.0,0.0,0.0,0.0,0,150000,1,0,0,0,0,1,0,0
20.687200547570157,4.0,333.0,1.0,0.0,0.2702702702702703,0.0,1,4000000,0,0,0,0,0,1,0,0
20.473648186173854,33.0,1574.0,0.0,1.0,0.0,0.05717916137229988,1,10000000,1,0,0,0,0,1,0,0
19.274469541409992,0.0,0.0,0.0,0.0,0.0,0.0,0,100000,0,0,0,0,1,0,0,0
20.227241615331966,76.0,5056.0,2.0,3.0,0.03560126582278481,0.053401898734177215,1,35000000,0,0,1,0,0,1,0,0
19.496235455167692,2.0,146.0,0.0,0.0,0.0,0.0,1,700000,1,0,0,0,1,0,0,0
20.09034907597536,78.0,4438.0,6.0,8.0,0.12167643082469581,0.16223524109959442,1,25000000,0,0,1,0,0,1,0,0
20.361396303901437,45.0,1429.0,5.0,1.0,0.31490552834149754,0.06298110566829951,1,7000000,0,0,0,0,0,0,0,1
20.689938398357288,0.0,0.0,0.0,0.0,0.0,0.0,0,50000,1,0,0,0,0,0,0,1
20.517453798767967,0.0,0.0,0.0,0.0,0.0,0.0,0,300000,1,0,0,0,1,0,0,0
20.553045859000683,112.0,7403.0,4.0,3.0,0.048628934215858434,0.03647170066189383,1,50000000,1,0,0,0,0,1,0,0
21.467488021902806,5.0,405.0,0.0,0.0,0.0,0.0,1,500000,1,0,0,0,0,0,0,0
19.485284052019164,31.0,2001.0,1.0,1.0,0.04497751124437781,0.04497751124437781,1,20000000,1,0,0,0,0,0,0,1
19.860369609856264,52.0,3533.0,0.0,1.0,0.0,0.025474101330314178,1,35000000,1,0,0,0,0,0,0,1
20.71731690622861,0.0,0.0,0.0,0.0,0.0,0.0,0,125000,0,0,0,0,0,0,0,1
20.761122518822724,14.0,144.0,0.0,0.0,0.0,0.0,1,500000,0,0,0,0,1,0,0,0
19.759069130732374,77.0,4944.0,3.0,10.0,0.05461165048543689,0.18203883495145629,1,10000000,0,0,1,0,0,0,1,0
20.985626283367555,0.0,0.0,0.0,0.0,0.0,0.0,0,125000,0,0,1,0,0,1,0,0
21.127994524298426,6.0,285.0,1.0,0.0,0.3157894736842105,0.0,1,300000,1,0,0,0,0,0,1,0
21.130732375085557,7.0,456.0,0.0,0.0,0.0,0.0,1,3500000,1,0,0,0,0,0,1,0
20.88432580424367,0.0,0.0,0.0,0.0,0.0,0.0,0,700000,0,0,1,0,0,0,1,0
20.197125256673512,4.0,137.0,0.0,1.0,0.0,0.0,1,1500000,0,0,1,0,0,1,0,0
20.136892539356605,5.0,379.0,0.0,0.0,0.0,0.0,1,1500000,0,1,0,0,0,0,0,1
21.311430527036276,121.0,7917.0,2.0,11.0,0.02273588480485032,0.12504736642667677,1,20000000,0,0,1,0,1,0,0,0
21.67008898015058,19.0,785.0,2.0,1.0,0.22929936305732482,0.11464968152866241,1,4000000,0,0,1,0,0,0,0,0
18.965092402464066,0.0,0.0,0.0,0.0,0.0,0.0,0,400000,1,0,0,0,1,0,0,0
20.01368925393566,0.0,0.0,0.0,0.0,0.0,0.0,0,500000,0,0,0,0,0,0,0,0
20.361396303901437,0.0,0.0,0.0,0.0,0.0,0.0,0,50000,0,1,0,0,0,0,0,0
21.60164271047228,105.0,6741.0,9.0,7.0,0.12016021361815754,0.09345794392523364,1,35000000,0,0,0,0,0,1,0,0
20.61601642710472,57.0,3864.0,9.0,11.0,0.2096273291925466,0.2562111801242236,1,50000000,0,0,1,0,0,0,0,1
25.193702943189596,53.0,3252.0,1.0,0.0,0.027675276752767528,0.0,1,4000000,1,0,0,0,0,1,0,0
19.394934976043807,0.0,0.0,0.0,0.0,0.0,0.0,0,75000,1,0,0,0,0,0,1,0
20.410677618069816,0.0,0.0,0.0,0.0,0.0,0.0,0,250000,0,1,0,0,0,0,1,0
19.091033538672143,1.0,14.0,0.0,0.0,0.0,0.0,1,125000,0,0,0,0,0,0,1,0
24.75564681724846,84.0,2403.0,11.0,3.0,0.41198501872659177,0.11235955056179775,1,1800000,0,0,0,0,1,0,0,0
19.8466803559206,2.0,17.0,0.0,0.0,0.0,0.0,1,300000,0,0,0,0,0,0,0,0
21.242984257357975,0.0,0.0,0.0,0.0,0.0,0.0,0,50000,0,1,0,0,1,0,0,0
20.503764544832308,2.0,26.0,1.0,0.0,0.0,0.0,1,200000,0,0,0,0,0,0,1,0
20.517453798767967,0.0,0.0,0.0,0.0,0.0,0.0,0,175000,0,0,1,0,0,0,1,0
20.4435318275154,1.0,2.0,0.0,0.0,0.0,0.0,1,400000,1,0,0,0,0,0,1,0
20.840520191649556,0.0,0.0,0.0,0.0,0.0,0.0,0,225000,0,0,1,0,0,0,1,0
21.661875427789184,0.0,0.0,0.0,0.0,0.0,0.0,0,25000,0,1,0,0,0,0,0,0
24.424366872005475,28.0,1774.0,0.0,0.0,0.0,0.0,1,1500000,1,0,0,0,0,0,0,0
18.633812457221083,2.0,17.0,0.0,0.0,0.0,0.0,1,6000000,0,0,1,0,0,0,0,1
20.947296372347708,0.0,0.0,0.0,0.0,0.0,0.0,0,25000,0,0,1,0,0,0,0,1
20.640657084188913,0.0,0.0,0.0,0.0,0.0,0.0,0,50000,0,1,0,0,0,0,0,0
22.5927446954141,1.0,5.0,0.0,0.0,0.0,0.0,1,500000,0,1,0,0,0,0,0,0
18.951403148528406,1.0,14.0,0.0,0.0,0.0,0.0,1,1500000,0,0,0,0,0,0,1,0
19.430527036276523,1.0,11.0,0.0,0.0,0.0,0.0,1,1000000,0,0,0,0,0,0,1,0
20.54757015742642,2.0,7.0,0.0,0.0,0.0,0.0,1,1200000,0,0,1,0,0,0,1,0
20.917180013689254,51.0,2405.0,11.0,7.0,0.41164241164241167,0.26195426195426197,1,45000000,0,0,0,0,0,0,1,0
20.344969199178646,2.0,61.0,0.0,0.0,0.0,0.0,1,2500000,0,0,0,0,0,0,0,1
22.33264887063655,40.0,2115.0,1.0,0.0,0.0425531914893617,0.0,1,10000000,0,0,1,0,1,0,0,0
19.408624229979466,0.0,0.0,0.0,0.0,0.0,0.0,0,50000,1,0,0,0,1,0,0,0
22.56536618754278,13.0,429.0,0.0,0.0,0.0,0.0,1,2700000,0,0,0,0,0,0,1,0
18.642026009582477,0.0,0.0,0.0,0.0,0.0,0.0,0,50000,1,0,0,0,0,0,0,1
21.913757700205338,114.0,7986.0,10.0,7.0,0.11269722013523667,0.07888805409466566,1,28000000,0,0,1,0,0,0,0,1
22.338124572210816,6.0,264.0,1.0,1.0,0.0,0.0,1,50000,0,0,1,0,0,0,0,0
20.344969199178646,0.0,0.0,0.0,0.0,0.0,0.0,0,200000,1,0,0,0,0,0,1,0
20.197125256673512,0.0,0.0,0.0,0.0,0.0,0.0,0,1200000,0,0,1,0,0,0,1,0
20.057494866529773,12.0,814.0,0.0,0.0,0.0,0.0,1,4000000,1,0,0,0,0,1,0,0
20.136892539356605,10.0,193.0,1.0,3.0,0.0,0.0,1,7000000,0,0,0,0,0,1,0,0
20.591375770020534,0.0,0.0,0.0,0.0,0.0,0.0,0,1700000,0,0,1,0,0,0,0,1
20.265571526351813,0.0,0.0,0.0,0.0,0.0,0.0,0,150000,1,0,0,0,0,0,0,0
19.871321013004792,40.0,1612.0,5.0,2.0,0.27915632754342434,0.11166253101736973,1,8000000,0,0,0,0,1,0,0,0
21.861738535249827,28.0,1732.0,1.0,3.0,0.05196304849884526,0.1558891454965358,1,4000000,1,0,0,0,0,0,0,0
19.67145790554415,1.0,1.0,0.0,0.0,0.0,0.0,1,400000,0,0,0,0,1,0,0,0
19.96167008898015,1.0,90.0,0.0,0.0,0.0,0.0,1,2000000,0,1,0,0,0,0,1,0
19.89596167008898,0.0,0.0,0.0,0.0,0.0,0.0,0,150000,1,0,0,0,0,0,0,1
18.439425051334702,0.0,0.0,0.0,0.0,0.0,0.0,0,100000,0,0,1,0,0,0,1,0
17.409993155373034,0.0,0.0,0.0,0.0,0.0,0.0,0,200000,0,0,0,0,0,0,0,0
20.11772758384668,0.0,0.0,0.0,0.0,0.0,0.0,0,150000,0,0,0,0,0,0,1,0
19.761806981519506,2.0,106.0,0.0,0.0,0.0,0.0,1,2000000,0,0,0,0,0,0,1,0
21.0403832991102,35.0,857.0,2.0,1.0,0.2100350058343057,0.10501750291715285,1,3000000,0,0,0,0,0,0,1,0
21.31416837782341,0.0,0.0,0.0,0.0,0.0,0.0,0,500000,1,0,0,0,0,0,0,1
18.84188911704312,0.0,0.0,0.0,0.0,0.0,0.0,0,200000,1,0,0,0,0,0,0,1
22.119096509240247,1.0,15.0,0.0,0.0,0.0,0.0,1,50000,0,0,0,0,1,0,0,0
20.906228610540726,0.0,0.0,0.0,0.0,0.0,0.0,0,150000,1,0,0,0,0,0,1,0
18.54072553045859,0.0,0.0,0.0,0.0,0.0,0.0,0,200000,0,0,1,0,0,0,1,0
19.54551676933607,57.0,1809.0,5.0,1.0,0.24875621890547264,0.04975124378109452,1,18000000,0,0,0,0,0,0,1,0
18.64476386036961,0.0,0.0,0.0,0.0,0.0,0.0,0,50000,1,0,0,0,0,0,1,0
19.824777549623544,0.0,0.0,0.0,0.0,0.0,0.0,0,100000,0,1,0,0,0,0,1,0
19.578370978781656,0.0,0.0,0.0,0.0,0.0,0.0,0,100000,0,0,1,0,1,0,0,0
20.476386036960985,0.0,0.0,0.0,0.0,0.0,0.0,0,1000000,1,0,0,0,0,0,0,0
22.198494182067076,51.0,1999.0,13.0,5.0,0.5852926463231616,0.22511255627813906,1,30000000,0,0,0,0,0,0,0,0
22.89664613278576,40.0,2813.0,7.0,5.0,0.2239601848560256,0.15997156061144685,1,30000000,0,0,0,0,0,0,0,0
23.41409993155373,13.0,364.0,0.0,1.0,0.0,0.24725274725274726,1,600000,0,0,0,0,0,0,0,0
23.307323750855577,79.0,5701.0,2.0,3.0,0.031573408174004565,0.047360112261006844,1,20000000,1,0,0,0,0,0,0,0
21.796030116358658,2.0,91.0,0.0,0.0,0.0,0.0,1,3000000,1,0,0,0,0,0,0,0
22.47501711156742,0.0,0.0,0.0,0.0,0.0,0.0,0,25000,0,0,0,0,0,0,0,0
20.706365503080082,1.0,14.0,0.0,0.0,0.0,0.0,1,300000,0,0,1,0,0,0,0,0
19.923340177960302,0.0,0.0,0.0,0.0,0.0,0.0,0,200000,1,0,0,0,0,0,0,0
20.383299110198493,1.0,12.0,0.0,0.0,0.0,0.0,1,1000000,0,0,0,0,0,0,0,0
19.23340177960301,0.0,0.0,0.0,0.0,0.0,0.0,0,400000,0,0,1,0,0,0,1,0
23.405886379192335,26.0,1417.0,7.0,3.0,0.4446012702893437,0.19054340155257588,1,7000000,0,0,0,0,0,0,1,0
19.351129363449694,0.0,0.0,0.0,0.0,0.0,0.0,0,150000,0,1,0,0,0,0,1,0
20.8186173853525,0.0,0.0,0.0,0.0,0.0,0.0,0,700000,1,0,0,0,0,0,1,0
25.39630390143737,4.0,215.0,1.0,0.0,0.0,0.0,1,1000000,0,0,0,0,0,1,0,0
19.20328542094456,0.0,0.0,0.0,0.0,0.0,0.0,0,50000,1,0,0,0,0,0,1,0
18.86652977412731,0.0,0.0,0.0,0.0,0.0,0.0,0,100000,0,1,0,0,0,0,1,0
20.383299110198493,4.0,72.0,0.0,1.0,0.0,0.0,1,400000,0,0,1,0,0,0,1,0
20.021902806297057,0.0,0.0,0.0,0.0,0.0,0.0,0,2000000,0,0,0,0,0,0,1,0
19.039014373716633,0.0,0.0,0.0,0.0,0.0,0.0,0,250000,1,0,0,0,0,0,1,0
20.479123887748116,2.0,6.0,0.0,0.0,0.0,0.0,1,900000,0,0,1,0,0,0,1,0
19.531827515400412,2.0,2.0,0.0,0.0,0.0,0.0,1,2000000,0,0,1,0,0,1,0,0
20.32580424366872,35.0,1063.0,5.0,4.0,0.4233301975540922,0.33866415804327377,1,20000000,0,0,0,0,0,1,0,0
22.757015742642025,3.0,128.0,0.0,0.0,0.0,0.0,1,800000,0,0,0,0,0,1,0,0
20.84873374401095,0.0,0.0,0.0,0.0,0.0,0.0,0,200000,1,0,0,0,0,0,1,0
19.43600273785079,0.0,0.0,0.0,0.0,0.0,0.0,0,50000,0,0,1,0,0,0,1,0
19.006160164271048,0.0,0.0,0.0,0.0,0.0,0.0,0,125000,0,1,0,0,0,0,1,0
19.928815879534564,0.0,0.0,0.0,0.0,0.0,0.0,0,500000,0,1,0,0,0,0,0,1
21.437371663244353,1.0,90.0,0.0,0.0,0.0,0.0,1,150000,0,0,1,0,0,1,0,0
23.616700889801507,78.0,4507.0,19.0,4.0,0.3794098069669403,0.07987574883514534,1,30000000,0,0,0,0,0,1,0,0
19.523613963039015,1.0,9.0,0.0,0.0,0.0,0.0,1,400000,0,0,0,0,0,0,0,0
19.84120465434634,47.0,1827.0,3.0,5.0,0.14778325123152708,0.24630541871921183,1,12000000,1,0,0,0,0,0,0,0
18.33538672142368,0.0,0.0,0.0,0.0,0.0,0.0,0,500000,0,0,1,0,0,0,0,0
18.89664613278576,151.0,11219.0,49.0,52.0,0.3930831624922007,0.41714947856315177,1,200000000,0,0,0,0,0,0,0,0
22.288843258042437,5.0,149.0,0.0,0.0,0.0,0.0,1,500000,0,0,0,0,1,0,0,0
20.2217659137577,0.0,0.0,0.0,0.0,0.0,0.0,0,1500000,0,1,0,0,0,0,0,0
20.00273785078713,18.0,933.0,0.0,1.0,0.0,0.09646302250803858,1,6000000,1,0,0,0,0,1,0,0
20.410677618069816,31.0,1131.0,5.0,2.0,0.3978779840848807,0.15915119363395225,1,12000000,0,0,0,0,0,1,0,0
17.97946611909651,2.0,2.0,0.0,0.0,0.0,0.0,1,800000,0,0,1,0,0,0,1,0
22.559890485968516,107.0,7316.0,6.0,5.0,0.07381082558775287,0.06150902132312739,1,30000000,0,0,1,0,0,0,0,0
18.05886379192334,0.0,0.0,0.0,0.0,0.0,0.0,0,50000,0,0,1,0,0,0,0,0
19.917864476386036,9.0,204.0,3.0,0.0,0.0,0.0,1,800000,0,0,0,0,0,1,0,0
22.195756331279945,30.0,2099.0,1.0,2.0,0.04287756074321105,0.0857551214864221,1,4000000,1,0,0,0,0,0,0,0
17.968514715947983,0.0,0.0,0.0,0.0,0.0,0.0,0,100000,0,1,0,0,0,0,0,0
21.322381930184804,2.0,84.0,0.0,0.0,0.0,0.0,1,800000,0,1,0,0,0,0,1,0
21.05407255304586,88.0,3399.0,7.0,8.0,0.1853486319505737,0.21182700794351278,1,25000000,0,0,0,0,0,0,0,1
19.685147159479808,0.0,0.0,0.0,0.0,0.0,0.0,0,800000,1,0,0,0,0,0,1,0
20.21902806297057,0.0,0.0,0.0,0.0,0.0,0.0,0,250000,0,1,0,0,0,1,0,0
22.921286789869953,1.0,45.0,0.0,0.0,0.0,0.0,1,300000,0,0,1,0,0,0,0,0
20.369609856262834,3.0,23.0,0.0,0.0,0.0,0.0,1,200000,0,0,0,0,0,0,0,0
21.694729637234772,7.0,187.0,0.0,0.0,0.0,0.0,1,1000000,0,0,0,0,0,0,0,0
18.973305954825463,0.0,0.0,0.0,0.0,0.0,0.0,0,10000,0,0,1,0,0,0,1,0
19.512662559890487,0.0,0.0,0.0,0.0,0.0,0.0,0,500000,0,1,0,0,0,0,1,0
20.55852156057495,17.0,1225.0,0.0,0.0,0.0,0.0,1,9000000,1,0,0,0,0,0,0,1
19.865845311430526,6.0,362.0,0.0,0.0,0.0,0.0,1,1200000,1,0,0,0,0,0,1,0
23.08829568788501,0.0,0.0,0.0,0.0,0.0,0.0,0,800000,1,0,0,0,0,0,0,1
20.865160848733744,4.0,142.0,1.0,0.0,0.0,0.0,1,450000,0,0,0,0,0,1,0,0
20.851471594798085,0.0,0.0,0.0,0.0,0.0,0.0,0,500000,0,0,0,0,0,1,0,0
20.82135523613963,28.0,1067.0,7.0,2.0,0.5904404873477038,0.16869728209934395,1,7000000,0,0,0,0,0,0,0,1
22.5927446954141,0.0,0.0,0.0,0.0,0.0,0.0,0,150000,0,0,1,0,0,0,0,0
19.90965092402464,2.0,18.0,0.0,0.0,0.0,0.0,1,600000,0,0,0,0,0,1,0,0
20.17248459958932,10.0,187.0,0.0,0.0,0.0,0.0,1,2000000,0,0,0,0,0,0,0,1
21.462012320328544,6.0,259.0,0.0,0.0,0.0,0.0,1,700000,1,0,0,0,1,0,0,0
21.333333333333332,1.0,8.0,0.0,0.0,0.0,0.0,1,250000,0,0,1,0,1,0,0,0
21.111567419575632,2.0,117.0,1.0,0.0,0.0,0.0,1,350000,0,0,0,0,0,1,0,0
20.046543463381244,26.0,426.0,1.0,0.0,0.2112676056338028,0.0,1,8000000,0,0,1,0,0,0,1,0
24.895277207392198,13.0,968.0,0.0,0.0,0.0,0.0,1,2500000,1,0,0,0,1,0,0,0
19.449691991786448,0.0,0.0,0.0,0.0,0.0,0.0,0,50000,0,0,0,0,1,0,0,0
18.811772758384667,9.0,290.0,0.0,0.0,0.0,0.0,1,600000,1,0,0,0,0,0,0,0
20.88158795345654,0.0,0.0,0.0,0.0,0.0,0.0,0,600000,0,0,1,0,0,0,0,0
22.666666666666668,0.0,0.0,0.0,0.0,0.0,0.0,0,50000,1,0,0,0,0,0,0,0
20.36413415468857,0.0,0.0,0.0,0.0,0.0,0.0,0,400000,0,0,1,0,0,0,0,0
22.89390828199863,3.0,87.0,0.0,0.0,0.0,0.0,1,50000,0,0,1,0,0,0,0,0
22.143737166324435,1.0,34.0,0.0,0.0,0.0,0.0,1,150000,0,0,0,0,0,0,0,0
21.097878165639973,0.0,0.0,0.0,0.0,0.0,0.0,0,100000,1,0,0,0,0,0,0,0
19.980835044490075,0.0,0.0,0.0,0.0,0.0,0.0,0,250000,0,0,0,0,1,0,0,0
21.6290212183436,50.0,2292.0,1.0,4.0,0.03926701570680628,0.15706806282722513,1,12000000,1,0,0,0,1,0,0,0
18.9596167008898,20.0,939.0,1.0,1.0,0.09584664536741215,0.09584664536741215,1,25000000,0,0,1,0,0,1,0,0
23.3347022587269,25.0,1513.0,0.0,0.0,0.0,0.0,1,1200000,1,0,0,0,0,0,0,0
20.944558521560573,1.0,4.0,0.0,0.0,0.0,0.0,1,50000,1,0,0,0,0,0,0,0
19.444216290212182,0.0,0.0,0.0,0.0,0.0,0.0,0,25000,0,0,1,0,0,0,0,0
19.756331279945243,0.0,0.0,0.0,0.0,0.0,0.0,0,200000,0,1,0,0,0,0,1,0
20.00273785078713,2.0,135.0,0.0,0.0,0.0,0.0,1,100000,1,0,0,0,0,0,0,0
21.56331279945243,7.0,100.0,0.0,0.0,0.0,0.0,1,7500000,0,0,1,0,0,0,0,0
22.250513347022586,73.0,4138.0,4.0,3.0,0.08699855002416626,0.06524891251812469,1,10000000,0,0,1,0,0,0,0,0
21.89185489390828,72.0,3509.0,11.0,7.0,0.28213166144200624,0.17953833000854943,1,10000000,0,0,0,0,0,0,0,0
21.39082819986311,43.0,3485.0,3.0,0.0,0.07747489239598278,0.0,1,30000000,1,0,0,0,0,0,1,0
21.086926762491444,41.0,1892.0,4.0,2.0,0.19027484143763215,0.09513742071881608,1,20000000,0,0,1,0,0,0,0,1
21.71937029431896,83.0,6114.0,20.0,17.0,0.2944062806673209,0.25024533856722275,1,80000000,0,0,1,0,0,0,1,0
22.45037645448323,11.0,856.0,1.0,0.0,0.10514018691588785,0.0,1,1000000,1,0,0,0,1,0,0,0
22.740588637919235,16.0,1219.0,1.0,2.0,0.07383100902379,0.14766201804758,1,9000000,0,0,1,0,1,0,0,0
22.636550308008214,1.0,66.0,0.0,0.0,0.0,0.0,1,200000,1,0,0,0,0,0,0,0
23.329226557152634,3.0,94.0,0.0,0.0,0.0,0.0,1,200000,0,0,0,0,0,0,0,0
20.40520191649555,37.0,774.0,8.0,3.0,0.9302325581395349,0.3488372093023256,1,18000000,0,0,0,0,0,1,0,0
21.149897330595483,5.0,55.0,0.0,0.0,0.0,0.0,1,2000000,0,0,0,0,1,0,0,0
21.637234770704996,0.0,0.0,0.0,0.0,0.0,0.0,0,200000,1,0,0,0,1,0,0,0
19.140314852840522,0.0,0.0,0.0,0.0,0.0,0.0,0,100000,1,0,0,0,0,0,1,0
21.169062286105408,81.0,5301.0,0.0,9.0,0.0,0.15280135823429541,1,12000000,1,0,0,0,1,0,0,0
19.88501026694045,0.0,0.0,0.0,0.0,0.0,0.0,0,350000,0,0,1,0,0,0,0,1
21.201916495550993,42.0,2179.0,6.0,10.0,0.24782010096374482,0.4130335016062414,1,20000000,0,0,0,0,1,0,0,0
18.976043805612594,17.0,526.0,0.0,0.0,0.0,0.0,1,9000000,0,0,1,0,0,0,0,1
21.505817932922657,3.0,68.0,0.0,0.0,0.0,0.0,1,2000000,0,0,0,0,0,1,0,0
24.306639288158795,61.0,4975.0,1.0,3.0,0.018090452261306532,0.0542713567839196,1,20000000,1,0,0,0,0,0,0,0
19.991786447638603,1.0,90.0,0.0,0.0,0.0,0.0,1,100000,0,0,1,0,0,1,0,0
23.356605065023956,0.0,0.0,0.0,0.0,0.0,0.0,0,800000,0,0,1,0,1,0,0,0
19.89322381930185,43.0,2945.0,1.0,6.0,0.030560271646859084,0.18336162988115448,1,2000000,1,0,0,0,0,1,0,0
19.186858316221766,2.0,18.0,0.0,0.0,0.0,0.0,1,300000,0,0,1,0,0,1,0,0
22.581793292265573,95.0,5911.0,24.0,9.0,0.3654204026391473,0.13703265098968026,1,10000000,0,0,0,0,1,0,0,0
19.802874743326488,1.0,9.0,0.0,0.0,0.0,0.0,1,100000,1,0,0,0,1,0,0,0
20.257357973990416,52.0,2882.0,0.0,2.0,0.0,0.062456627342123525,1,10000000,1,0,0,0,1,0,0,0
19.978097193702943,3.0,31.0,0.0,0.0,0.0,0.0,1,150000,1,0,0,0,1,0,0,0
19.94524298425736,66.0,2923.0,18.0,3.0,0.5542251111871366,0.09237085186452275,1,70000000,0,0,0,0,0,1,0,0
20.125941136208077,4.0,97.0,0.0,0.0,0.0,0.0,1,900000,0,0,1,0,1,0,0,0
17.968514715947983,2.0,27.0,0.0,0.0,0.0,0.0,1,200000,0,0,0,0,1,0,0,0
19.800136892539356,30.0,547.0,1.0,1.0,0.16453382084095064,0.16453382084095064,1,5000000,0,0,0,0,0,0,0,1
19.838466803559207,1.0,11.0,0.0,0.0,0.0,0.0,1,100000,1,0,0,0,1,0,0,0
19.208761122518823,0.0,0.0,0.0,0.0,0.0,0.0,0,1800000,0,1,0,0,0,0,1,0
20.295687885010267,2.0,180.0,0.0,0.0,0.0,0.0,1,8000000,0,0,0,0,0,1,0,0
18.981519507186857,0.0,0.0,0.0,0.0,0.0,0.0,0,275000,0,0,1,0,0,0,1,0
20.060232717316907,3.0,70.0,0.0,0.0,0.0,0.0,1,2500000,1,0,0,0,0,0,1,0
24.295687885010267,61.0,4847.0,22.0,13.0,0.40850010315659174,0.24138642459253148,1,30000000,0,0,0,0,0,0,0,1
18.822724161533195,0.0,0.0,0.0,0.0,0.0,0.0,0,400000,1,0,0,0,0,0,0,1
20.39425051334702,31.0,1169.0,3.0,0.0,0.2309666381522669,0.0,1,8000000,0,0,0,0,0,0,0,0
22.691307323750856,48.0,2118.0,4.0,6.0,0.16997167138810199,0.254957507082153,1,9000000,0,0,0,0,0,0,1,0
19.978097193702943,28.0,750.0,2.0,1.0,0.24,0.12,1,8000000,0,0,0,0,0,0,0,0
21.22381930184805,31.0,1626.0,2.0,2.0,0.11070110701107011,0.11070110701107011,1,20000000,0,0,1,0,0,0,0,0
20.251882272416154,0.0,0.0,0.0,0.0,0.0,0.0,0,300000,0,0,1,0,0,0,0,0
19.189596167008897,2.0,94.0,0.0,0.0,0.0,0.0,1,200000,1,0,0,0,0,0,0,0
22.622861054072555,0.0,0.0,0.0,0.0,0.0,0.0,0,800000,0,0,0,0,0,0,0,0
20.476386036960985,0.0,0.0,0.0,0.0,0.0,0.0,0,50000,0,0,1,0,0,0,0,0
19.367556468172484,128.0,10119.0,2.0,5.0,0.017788319003854136,0.04447079750963534,1,80000000,1,0,0,0,0,0,0,0
18.830937713894592,12.0,541.0,0.0,0.0,0.0,0.0,1,4500000,1,0,0,0,0,0,1,0
20.736481861738536,13.0,310.0,2.0,0.0,0.5806451612903226,0.0,1,800000,0,0,0,0,0,0,0,0
23.433264887063654,69.0,4579.0,4.0,0.0,0.0786197859794715,0.0,1,2500000,1,0,0,0,1,0,0,0
21.215605749486652,1.0,9.0,0.0,0.0,0.0,0.0,1,25000,0,0,0,0,0,0,0,0
27.3347022587269,0.0,0.0,0.0,0.0,0.0,0.0,0,50000,0,0,1,0,1,0,0,0
20.421629021218344,0.0,0.0,0.0,0.0,0.0,0.0,0,100000,1,0,0,0,0,1,0,0
19.137577002053387,4.0,15.0,0.0,0.0,0.0,0.0,1,6000000,0,0,1,0,0,0,1,0
21.50034223134839,3.0,136.0,0.0,0.0,0.0,0.0,1,300000,1,0,0,0,0,0,0,0
18.770704996577688,0.0,0.0,0.0,0.0,0.0,0.0,0,25000,0,0,1,0,0,0,1,0
19.208761122518823,0.0,0.0,0.0,0.0,0.0,0.0,0,50000,0,0,0,0,0,0,0,0
19.96167008898015,0.0,0.0,0.0,0.0,0.0,0.0,0,75000,0,0,0,0,0,1,0,0
22.72689938398357,41.0,3261.0,5.0,2.0,0.13799448022079117,0.05519779208831647,1,40000000,1,0,0,0,0,0,1,0
18.661190965092402,0.0,0.0,0.0,0.0,0.0,0.0,0,100000,0,0,1,0,0,1,0,0
18.45311430527036,0.0,0.0,0.0,0.0,0.0,0.0,0,100000,0,0,0,1,0,1,0,0
24.09034907597536,0.0,0.0,0.0,0.0,0.0,0.0,0,2000000,1,0,0,0,1,0,0,0
20.468172484599588,0.0,0.0,0.0,0.0,0.0,0.0,0,50000,0,0,0,0,1,0,0,0
20.813141683778234,0.0,0.0,0.0,0.0,0.0,0.0,0,500000,0,0,1,0,0,0,1,0
17.804243668720055,0.0,0.0,0.0,0.0,0.0,0.0,0,100000,0,0,0,0,0,1,0,0
21.0403832991102,17.0,499.0,2.0,1.0,0.3607214428857715,0.18036072144288576,1,10000000,0,0,0,0,0,1,0,0
21.07049965776865,27.0,1049.0,2.0,1.0,0.17159199237368922,0.08579599618684461,1,16000000,0,0,0,0,0,1,0,0
20.698151950718685,0.0,0.0,0.0,0.0,0.0,0.0,0,100000,1,0,0,0,1,0,0,0
21.505817932922657,26.0,1478.0,0.0,1.0,0.0,0.06089309878213803,1,7000000,0,0,1,0,0,0,1,0
22.431211498973305,39.0,2049.0,2.0,3.0,0.08784773060029283,0.13177159590043924,1,2500000,0,0,1,0,1,0,0,0
17.883641341546884,0.0,0.0,0.0,0.0,0.0,0.0,0,100000,0,1,0,0,1,0,0,0
22.784394250513348,53.0,3205.0,0.0,0.0,0.0,0.0,1,9000000,1,0,0,0,1,0,0,0
19.863107460643395,58.0,2327.0,13.0,8.0,0.5027932960893855,0.3094112591319295,1,40000000,0,0,0,0,0,0,0,0
21.188227241615333,7.0,32.0,0.0,1.0,0.0,0.0,1,7000000,0,0,0,0,0,0,0,1
21.44284736481862,0.0,0.0,0.0,0.0,0.0,0.0,0,100000,1,0,0,0,0,0,0,0
20.72826830937714,0.0,0.0,0.0,0.0,0.0,0.0,0,100000,1,0,0,0,0,0,0,0
26.05612594113621,37.0,1535.0,7.0,2.0,0.4104234527687296,0.11726384364820848,1,7000000,0,0,0,0,0,0,0,0
21.590691307323752,0.0,0.0,0.0,0.0,0.0,0.0,0,200000,1,0,0,0,1,0,0,0
19.025325119780973,0.0,0.0,0.0,0.0,0.0,0.0,0,450000,0,0,0,0,0,0,1,0
21.149897330595483,0.0,0.0,0.0,0.0,0.0,0.0,0,10000,0,0,1,0,1,0,0,0
22.414784394250514,137.0,7370.0,3.0,4.0,0.036635006784260515,0.04884667571234736,1,55000000,0,0,1,0,0,1,0,0
19.359342915811087,0.0,0.0,0.0,0.0,0.0,0.0,0,50000,0,1,0,0,0,0,0,0
23.364818617385353,1.0,17.0,0.0,0.0,0.0,0.0,1,150000,1,0,0,0,0,0,0,0
29.61806981519507,29.0,2172.0,1.0,0.0,0.04143646408839779,0.0,1,3000000,0,0,1,0,1,0,0,0
22.190280629705683,7.0,249.0,0.0,0.0,0.0,0.0,1,500000,0,0,1,0,0,0,0,0
21.089664613278575,4.0,122.0,2.0,0.0,0.0,0.0,1,1000000,0,0,0,0,0,0,0,1
20.06297056810404,2.0,2.0,0.0,0.0,0.0,0.0,1,500000,0,0,0,0,1,0,0,0
19.88227241615332,23.0,971.0,0.0,2.0,0.0,0.1853759011328527,1,18000000,0,0,1,0,1,0,0,0
18.9596167008898,0.0,0.0,0.0,0.0,0.0,0.0,0,100000,0,0,0,0,1,0,0,0
19.479808350444902,0.0,0.0,0.0,0.0,0.0,0.0,0,450000,0,0,0,0,0,0,1,0
19.444216290212182,0.0,0.0,0.0,0.0,0.0,0.0,0,100000,1,0,0,0,1,0,0,0
23.195071868583163,64.0,2929.0,2.0,6.0,0.06145442130419939,0.18436326391259816,1,8000000,1,0,0,0,0,0,0,1
20.854209445585216,8.0,58.0,0.0,0.0,0.0,0.0,1,1000000,0,0,1,0,1,0,0,0
20.216290212183434,1.0,1.0,0.0,0.0,0.0,0.0,1,100000,0,0,1,0,0,1,0,0
20.637919233401778,2.0,46.0,0.0,0.0,0.0,0.0,1,150000,0,0,1,0,0,0,0,0
22.61738535249829,47.0,1800.0,3.0,2.0,0.15000000000000002,0.1,1,2500000,0,0,0,0,1,0,0,0
20.706365503080082,2.0,180.0,0.0,0.0,0.0,0.0,1,200000,0,1,0,0,1,0,0,0
19.920602327173167,9.0,98.0,1.0,0.0,0.0,0.0,1,800000,0,0,0,0,0,0,1,0
18.981519507186857,0.0,0.0,0.0,0.0,0.0,0.0,0,400000,1,0,0,0,0,0,1,0
22.220396988364133,26.0,1672.0,0.0,1.0,0.0,0.053827751196172245,1,3000000,0,0,1,0,0,0,1,0
20.098562628336754,5.0,148.0,0.0,0.0,0.0,0.0,1,1500000,0,0,1,0,0,0,1,0
20.71731690622861,9.0,173.0,0.0,0.0,0.0,0.0,1,150000,0,0,0,0,1,0,0,0
21.53593429158111,0.0,0.0,0.0,0.0,0.0,0.0,0,200000,0,0,0,0,0,0,0,0
18.16016427104723,2.0,21.0,0.0,0.0,0.0,0.0,1,800000,0,0,0,0,0,1,0,0
23.019849418206707,70.0,3504.0,5.0,0.0,0.12842465753424656,0.0,1,6000000,0,0,1,0,0,0,1,0
20.410677618069816,13.0,983.0,1.0,1.0,0.09155645981688708,0.09155645981688708,1,1000000,1,0,0,0,1,0,0,0
19.86858316221766,0.0,0.0,0.0,0.0,0.0,0.0,0,200000,0,1,0,0,0,0,0,0
21.99041752224504,49.0,2758.0,0.0,4.0,0.0,0.13052936910804933,1,6800000,0,0,1,0,0,0,1,0
22.017796030116358,1.0,1.0,0.0,0.0,0.0,0.0,1,100000,0,0,1,0,1,0,0,0
19.080082135523615,6.0,211.0,0.0,0.0,0.0,0.0,1,600000,0,0,0,0,0,0,0,1
19.690622861054074,2.0,67.0,0.0,0.0,0.0,0.0,1,150000,1,0,0,0,1,0,0,0
19.446954140999317,0.0,0.0,0.0,0.0,0.0,0.0,0,500000,0,1,0,0,0,1,0,0
20.199863107460644,2.0,17.0,0.0,0.0,0.0,0.0,1,2500000,0,0,1,0,0,1,0,0
19.156741957563312,0.0,0.0,0.0,0.0,0.0,0.0,0,150000,0,0,0,0,1,0,0,0
21.44284736481862,95.0,4697.0,12.0,7.0,0.2299340004258037,0.13412816691505217,1,12000000,0,0,1,0,0,1,0,0
21.240246406570844,19.0,1312.0,1.0,0.0,0.06859756097560976,0.0,1,15000000,1,0,0,0,0,1,0,0
19.19233401779603,0.0,0.0,0.0,0.0,0.0,0.0,0,500000,1,0,0,0,0,1,0,0
19.364818617385353,4.0,21.0,0.0,1.0,0.0,0.0,1,200000,0,0,0,0,1,0,0,0
20.292950034223136,7.0,430.0,0.0,0.0,0.0,0.0,1,100000,1,0,0,0,1,0,0,0
19.4031485284052,0.0,0.0,0.0,0.0,0.0,0.0,0,1500000,0,0,0,0,0,0,1,0
20.28747433264887,17.0,620.0,0.0,0.0,0.0,0.0,1,10000000,1,0,0,0,0,0,1,0
22.94318959616701,41.0,2856.0,1.0,0.0,0.031512605042016806,0.0,1,12000000,1,0,0,0,0,0,0,0
18.770704996577688,1.0,1.0,0.0,0.0,0.0,0.0,1,500000,0,0,1,0,0,1,0,0
19.370294318959616,0.0,0.0,0.0,0.0,0.0,0.0,0,500000,1,0,0,0,0,1,0,0
21.82067077344285,9.0,340.0,0.0,0.0,0.0,0.0,1,3500000,1,0,0,0,0,0,0,0
18.78986995208761,0.0,0.0,0.0,0.0,0.0,0.0,0,100000,0,0,1,0,0,0,1,0
19.00889801505818,0.0,0.0,0.0,0.0,0.0,0.0,0,200000,0,1,0,0,0,0,1,0
19.1813826146475,0.0,0.0,0.0,0.0,0.0,0.0,0,50000,0,0,0,0,1,0,0,0
20.298425735797398,8.0,90.0,1.0,0.0,0.0,0.0,1,1000000,0,0,0,0,1,0,0,0
19.50444900752909,0.0,0.0,0.0,0.0,0.0,0.0,0,100000,0,0,1,0,1,0,0,0
19.430527036276523,40.0,2297.0,6.0,1.0,0.2350892468437092,0.0391815411406182,1,18000000,0,0,0,0,1,0,0,0
19.42778918548939,19.0,753.0,0.0,4.0,0.0,0.4780876494023904,1,8000000,0,0,1,0,1,0,0,0
19.033538672142367,2.0,12.0,0.0,0.0,0.0,0.0,1,1200000,1,0,0,0,0,1,0,0
19.44147843942505,1.0,15.0,0.0,0.0,0.0,0.0,1,200000,0,0,1,0,1,0,0,0
19.225188227241617,1.0,7.0,0.0,0.0,0.0,0.0,1,150000,0,0,1,0,1,0,0,0
20.358658453114305,3.0,270.0,0.0,0.0,0.0,0.0,1,1800000,1,0,0,0,0,1,0,0
20.23545516769336,0.0,0.0,0.0,0.0,0.0,0.0,0,350000,1,0,0,0,1,0,0,0
20.024640657084188,1.0,90.0,0.0,0.0,0.0,0.0,1,200000,0,1,0,0,1,0,0,0
17.253935660506503,0.0,0.0,0.0,0.0,0.0,0.0,0,400000,0,1,0,0,0,0,1,0
18.874743326488705,2.0,36.0,0.0,0.0,0.0,0.0,1,1500000,1,0,0,0,0,0,1,0
18.93223819301848,12.0,714.0,0.0,0.0,0.0,0.0,1,20000000,1,0,0,0,0,1,0,0
21.284052019164957,28.0,1303.0,4.0,6.0,0.2762854950115119,0.41442824251726784,1,6000000,0,0,0,0,1,0,0,0
20.00273785078713,16.0,820.0,0.0,1.0,0.0,0.10975609756097561,1,5000000,0,0,1,0,0,0,1,0
17.765913757700204,2.0,9.0,0.0,0.0,0.0,0.0,1,150000,1,0,0,0,1,0,0,0
19.315537303216974,6.0,189.0,0.0,0.0,0.0,0.0,1,150000,0,0,0,0,1,0,0,0
19.849418206707735,4.0,210.0,0.0,0.0,0.0,0.0,1,100000,0,0,0,0,1,0,0,0
19.76728268309377,4.0,43.0,0.0,0.0,0.0,0.0,1,200000,0,0,1,0,1,0,0,0
19.353867214236825,0.0,0.0,0.0,0.0,0.0,0.0,0,400000,0,0,1,0,0,0,0,1
21.456536618754278,29.0,873.0,2.0,2.0,0.2061855670103093,0.2061855670103093,1,15000000,1,0,0,0,0,0,1,0
21.281314168377822,4.0,116.0,0.0,0.0,0.0,0.0,1,500000,1,0,0,0,1,0,0,0
19.38945927446954,1.0,4.0,0.0,0.0,0.0,0.0,1,150000,0,0,1,0,0,1,0,0
25.347022587268995,40.0,3364.0,0.0,1.0,0.0,0.0267538644470868,1,3000000,1,0,0,0,1,0,0,0
19.364818617385353,0.0,0.0,0.0,0.0,0.0,0.0,0,500000,0,0,0,0,0,0,1,0
20.607802874743328,47.0,2334.0,3.0,2.0,0.11568123393316194,0.07712082262210797,1,15000000,1,0,0,0,1,0,0,0
19.069130732375086,0.0,0.0,0.0,0.0,0.0,0.0,0,200000,1,0,0,0,1,0,0,0
19.813826146475016,1.0,10.0,0.0,0.0,0.0,0.0,1,2500000,0,0,1,0,0,0,1,0
20.295687885010267,33.0,980.0,1.0,0.0,0.09183673469387756,0.0,1,12000000,0,0,0,0,0,1,0,0
18.425735797399042,4.0,352.0,0.0,0.0,0.0,0.0,1,3500000,0,1,0,0,0,0,1,0
23.21697467488022,32.0,1707.0,10.0,3.0,0.5272407732864675,0.15817223198594024,1,22000000,0,0,0,0,1,0,0,0
19.279945242984258,0.0,0.0,0.0,0.0,0.0,0.0,0,250000,1,0,0,0,0,0,0,1
20.421629021218344,31.0,952.0,2.0,2.0,0.18907563025210083,0.18907563025210083,1,15000000,0,0,1,0,0,0,0,0
19.627652292950035,0.0,0.0,0.0,0.0,0.0,0.0,0,1000000,1,0,0,0,0,1,0,0
19.422313483915126,0.0,0.0,0.0,0.0,0.0,0.0,0,250000,1,0,0,0,0,0,0,1
19.83025325119781,2.0,7.0,0.0,0.0,0.0,0.0,1,2000000,0,0,0,0,0,0,1,0
23.186858316221766,56.0,3111.0,11.0,2.0,0.31822565091610416,0.057859209257473475,1,25000000,0,0,1,0,0,1,0,0
20.142368240930868,2.0,51.0,0.0,0.0,0.0,0.0,1,1000000,1,0,0,0,0,0,1,0
20.83778234086242,0.0,0.0,0.0,0.0,0.0,0.0,0,150000,0,0,0,0,0,0,0,1
23.12662559890486,30.0,2570.0,0.0,0.0,0.0,0.0,1,7000000,0,1,0,0,0,0,0,1
19.34839151266256,0.0,0.0,0.0,0.0,0.0,0.0,0,75000,1,0,0,0,0,0,1,0
19.822039698836413,0.0,0.0,0.0,0.0,0.0,0.0,0,400000,0,0,0,0,0,0,1,0
20.61054072553046,20.0,942.0,1.0,3.0,0.09554140127388534,0.28662420382165604,1,12000000,0,0,1,0,0,1,0,0
21.240246406570844,13.0,355.0,0.0,0.0,0.0,0.0,1,4000000,0,0,1,0,0,0,1,0
22.661190965092402,27.0,575.0,2.0,1.0,0.3130434782608696,0.1565217391304348,1,600000,0,0,0,0,1,0,0,0
20.28473648186174,0.0,0.0,0.0,0.0,0.0,0.0,0,100000,0,0,0,0,0,0,0,0
21.412731006160165,2.0,21.0,0.0,0.0,0.0,0.0,1,100000,1,0,0,0,0,0,0,0
19.761806981519506,1.0,2.0,0.0,0.0,0.0,0.0,1,300000,0,0,0,0,0,0,0,0
20.386036960985628,6.0,121.0,0.0,0.0,0.0,0.0,1,2000000,0,0,0,0,0,0,0,1
19.38398357289528,0.0,0.0,0.0,0.0,0.0,0.0,0,200000,0,0,1,0,0,0,0,1
18.521560574948666,0.0,0.0,0.0,0.0,0.0,0.0,0,75000,0,1,0,0,0,0,1,0
22.54072553045859,1.0,71.0,0.0,0.0,0.0,0.0,1,1200000,0,0,0,0,0,1,0,0
20.78302532511978,1.0,69.0,0.0,0.0,0.0,0.0,1,50000,0,0,1,0,0,0,0,0
20.88432580424367,37.0,2855.0,0.0,2.0,0.0,0.06304728546409807,1,55000000,1,0,0,0,1,0,0,0
20.410677618069816,0.0,0.0,0.0,0.0,0.0,0.0,0,300000,1,0,0,0,0,0,1,0
20.95003422313484,1.0,9.0,0.0,0.0,0.0,0.0,1,150000,0,0,0,0,1,0,0,0
21.084188911704313,19.0,842.0,0.0,1.0,0.0,0.10688836104513065,1,3000000,0,0,1,0,1,0,0,0
19.93429158110883,9.0,142.0,0.0,0.0,0.0,0.0,1,500000,0,0,0,0,1,0,0,0
21.12251882272416,39.0,1339.0,1.0,0.0,0.06721433905899926,0.0,1,5000000,0,0,1,0,1,0,0,0
20.079397672826833,36.0,1559.0,2.0,0.0,0.11545862732520847,0.0,1,25000000,1,0,0,0,0,1,0,0
19.912388774811774,8.0,256.0,0.0,0.0,0.0,0.0,1,1800000,1,0,0,0,0,0,1,0
22.510609171800137,36.0,2022.0,3.0,6.0,0.13353115727002968,0.26706231454005935,1,12000000,0,0,0,0,0,0,1,0
21.11978097193703,71.0,4501.0,2.0,0.0,0.03999111308598089,0.0,1,15000000,1,0,0,0,1,0,0,0
20.39425051334702,42.0,3513.0,1.0,1.0,0.025619128949615714,0.025619128949615714,1,30000000,1,0,0,0,0,0,0,0
20.079397672826833,3.0,47.0,0.0,0.0,0.0,0.0,1,10000000,0,0,0,0,0,1,0,0
23.915126625598905,114.0,9530.0,4.0,2.0,0.037775445960125914,0.018887722980062957,1,50000000,1,0,0,0,0,1,0,0
18.965092402464066,4.0,295.0,0.0,0.0,0.0,0.0,1,1200000,1,0,0,0,0,1,0,0
19.8466803559206,44.0,2889.0,0.0,0.0,0.0,0.0,1,28000000,1,0,0,0,0,1,0,0
21.634496919917865,0.0,0.0,0.0,0.0,0.0,0.0,0,50000,0,1,0,0,0,0,0,0
21.3305954825462,4.0,273.0,1.0,0.0,0.32967032967032966,0.0,1,3500000,1,0,0,0,0,1,0,0
18.611909650924023,0.0,0.0,0.0,0.0,0.0,0.0,0,4000000,0,1,0,0,0,0,0,1
18.803559206023273,0.0,0.0,0.0,0.0,0.0,0.0,0,150000,0,1,0,0,0,0,0,1
19.21423682409309,7.0,246.0,0.0,0.0,0.0,0.0,1,3000000,1,0,0,0,0,0,0,1
19.129363449691994,9.0,108.0,0.0,0.0,0.0,0.0,1,4000000,0,0,1,0,0,0,0,1
18.469541409993155,1.0,13.0,0.0,0.0,0.0,0.0,1,1300000,1,0,0,0,0,0,0,1
18.803559206023273,0.0,0.0,0.0,0.0,0.0,0.0,0,100000,1,0,0,0,0,0,0,1
19.38945927446954,0.0,0.0,0.0,0.0,0.0,0.0,0,250000,0,0,1,0,0,0,0,1
22.858316221765914,20.0,1560.0,0.0,1.0,0.0,0.057692307692307696,1,6000000,1,0,0,0,1,0,0,0
18.491444216290212,1.0,31.0,0.0,0.0,0.0,0.0,1,1000000,0,0,1,0,0,0,1,0
21.29226557152635,10.0,363.0,0.0,0.0,0.0,0.0,1,8000000,1,0,0,0,0,1,0,0
16.689938398357288,2.0,48.0,0.0,0.0,0.0,0.0,1,500000,0,0,0,0,0,0,0,0
20.366872005475702,30.0,1270.0,0.0,0.0,0.0,0.0,1,9000000,0,0,1,0,1,0,0,0
20.249144421629023,3.0,23.0,0.0,0.0,0.0,0.0,1,300000,0,0,0,0,1,0,0,0
19.41409993155373,49.0,1800.0,2.0,2.0,0.1,0.1,1,25000000,0,0,1,0,0,1,0,0
18.781656399726216,2.0,62.0,0.0,0.0,0.0,0.0,1,1000000,0,0,1,0,0,1,0,0
19.10198494182067,1.0,21.0,0.0,0.0,0.0,0.0,1,400000,0,0,0,0,1,0,0,0
23.058179329226558,63.0,4523.0,3.0,4.0,0.05969489277028521,0.07959319036038028,1,6000000,0,0,1,0,1,0,0,0
18.718685831622178,7.0,375.0,0.0,0.0,0.0,0.0,1,5000000,1,0,0,0,0,1,0,0
21.864476386036962,118.0,7273.0,23.0,18.0,0.2846143269627389,0.22274164718823042,1,45000000,0,0,0,0,0,1,0,0
19.83299110198494,15.0,1120.0,5.0,2.0,0.40178571428571425,0.1607142857142857,1,60000000,0,0,0,0,0,1,0,0
20.16974674880219,7.0,274.0,0.0,0.0,0.0,0.0,1,3000000,1,0,0,0,0,0,1,0
19.76728268309377,0.0,0.0,0.0,0.0,0.0,0.0,0,75000,0,1,0,0,0,1,0,0
20.309377138945926,8.0,93.0,0.0,0.0,0.0,0.0,1,800000,0,0,0,0,0,0,0,0
21.95482546201232,2.0,30.0,0.0,0.0,0.0,0.0,1,800000,0,0,0,0,0,1,0,0
19.033538672142367,0.0,0.0,0.0,0.0,0.0,0.0,0,1500000,1,0,0,0,0,0,1,0
21.574264202600958,104.0,5650.0,4.0,1.0,0.06371681415929203,0.01592920353982301,1,15000000,0,0,1,0,1,0,0,0
21.251197809719372,0.0,0.0,0.0,0.0,0.0,0.0,0,300000,1,0,0,0,1,0,0,0
23.865845311430526,92.0,5435.0,30.0,5.0,0.49678012879484823,0.0827966881324747,1,7000000,0,0,0,0,0,0,1,0
19.405886379192335,1.0,8.0,0.0,0.0,0.0,0.0,1,6000000,0,0,1,0,0,0,1,0
19.04996577686516,6.0,190.0,0.0,0.0,0.0,0.0,1,5000000,1,0,0,0,0,0,0,0
19.028062970568104,36.0,1557.0,5.0,1.0,0.2890173410404624,0.057803468208092484,1,30000000,0,0,1,0,0,0,0,0
20.11772758384668,50.0,4118.0,2.0,1.0,0.043710539096648855,0.021855269548324428,1,25000000,1,0,0,0,0,0,0,0
17.163586584531142,0.0,0.0,0.0,0.0,0.0,0.0,0,100000,0,1,0,0,0,1,0,0
17.00752908966461,0.0,0.0,0.0,0.0,0.0,0.0,0,200000,0,1,0,0,0,1,0,0
21.215605749486652,23.0,2014.0,3.0,0.0,0.13406156901688182,0.0,1,20000000,1,0,0,0,1,0,0,0
20.490075290896645,0.0,0.0,0.0,0.0,0.0,0.0,0,150000,0,0,1,0,1,0,0,0
18.16016427104723,0.0,0.0,0.0,0.0,0.0,0.0,0,50000,0,0,1,0,1,0,0,0
19.509924709103355,1.0,7.0,0.0,0.0,0.0,0.0,1,50000,0,0,0,0,0,0,0,0
19.0362765229295,0.0,0.0,0.0,0.0,0.0,0.0,0,150000,0,1,0,0,0,0,0,1
18.239561943874058,0.0,0.0,0.0,0.0,0.0,0.0,0,800000,0,0,0,0,0,0,1,0
20.2217659137577,0.0,0.0,0.0,0.0,0.0,0.0,0,300000,1,0,0,0,0,0,0,1
19.906913073237508,2.0,44.0,0.0,1.0,0.0,0.0,1,300000,0,0,0,0,0,0,0,0
19.57015742642026,1.0,3.0,0.0,0.0,0.0,0.0,1,50000,0,0,1,0,1,0,0,0
19.520876112251884,0.0,0.0,0.0,0.0,0.0,0.0,0,100000,1,0,0,0,1,0,0,0
19.789185489390828,2.0,74.0,0.0,0.0,0.0,0.0,1,250000,1,0,0,0,1,0,0,0
19.378507871321013,0.0,0.0,0.0,0.0,0.0,0.0,0,50000,1,0,0,0,1,0,0,0
20.251882272416154,3.0,138.0,1.0,0.0,0.0,0.0,1,600000,1,0,0,0,1,0,0,0
17.481177275838466,1.0,7.0,0.0,0.0,0.0,0.0,1,200000,0,0,0,0,0,1,0,0
19.43600273785079,5.0,47.0,0.0,0.0,0.0,0.0,1,1700000,0,0,0,0,0,0,0,1
22.90759753593429,25.0,1649.0,2.0,3.0,0.1091570648878108,0.1637355973317162,1,10000000,1,0,0,0,0,0,0,0
20.862422997946613,1.0,72.0,0.0,0.0,0.0,0.0,1,150000,1,0,0,0,0,0,0,0
21.752224503764545,29.0,2181.0,2.0,0.0,0.08253094910591471,0.0,1,7500000,1,0,0,0,0,0,0,0
20.40520191649555,3.0,8.0,0.0,0.0,0.0,0.0,1,50000,0,0,0,0,1,0,0,0
21.54688569472964,36.0,2138.0,5.0,3.0,0.21047708138447146,0.12628624883068287,1,12000000,0,0,0,0,0,0,0,1
23.08829568788501,14.0,746.0,0.0,0.0,0.0,0.0,1,900000,1,0,0,0,1,0,0,0
21.596167008898014,22.0,606.0,2.0,1.0,0.297029702970297,0.1485148514851485,1,1000000,0,0,1,0,0,0,0,0
22.642026009582477,43.0,1852.0,9.0,4.0,0.4373650107991361,0.19438444924406048,1,15000000,0,0,0,0,0,0,0,0
21.522245037645447,0.0,0.0,0.0,0.0,0.0,0.0,0,200000,1,0,0,0,1,0,0,0
19.24435318275154,32.0,1458.0,5.0,2.0,0.30864197530864196,0.12345679012345678,1,1200000,0,0,0,0,0,1,0,0
19.89322381930185,2.0,180.0,0.0,0.0,0.0,0.0,1,1000000,0,1,0,0,1,0,0,0
21.371663244353183,2.0,49.0,0.0,0.0,0.0,0.0,1,200000,0,0,0,0,0,0,0,0
20.257357973990416,8.0,197.0,1.0,0.0,0.0,0.0,1,2000000,0,0,0,0,0,0,0,1
20.030116358658454,0.0,0.0,0.0,0.0,0.0,0.0,0,75000,1,0,0,0,0,0,1,0
18.510609171800137,8.0,212.0,0.0,0.0,0.0,0.0,1,5000000,0,0,0,0,0,1,0,0
19.93429158110883,4.0,205.0,0.0,0.0,0.0,0.0,1,500000,0,0,0,0,0,1,0,0
21.845311430527037,31.0,1351.0,1.0,0.0,0.06661732050333086,0.0,1,6500000,0,0,1,0,0,0,1,0
17.6290212183436,0.0,0.0,0.0,0.0,0.0,0.0,0,700000,0,0,0,0,1,0,0,0
19.975359342915812,4.0,28.0,0.0,0.0,0.0,0.0,1,150000,0,0,1,0,1,0,0,0
18.60369609856263,0.0,0.0,0.0,0.0,0.0,0.0,0,350000,1,0,0,0,0,1,0,0
18.926762491444215,18.0,362.0,0.0,1.0,0.0,0.24861878453038672,1,8000000,0,0,1,0,0,1,0,0
18.72142368240931,4.0,135.0,0.0,0.0,0.0,0.0,1,8000000,0,0,0,0,0,1,0,0
19.225188227241617,3.0,58.0,0.0,1.0,0.0,0.0,1,800000,0,0,0,0,0,0,0,1
21.23750855578371,1.0,8.0,0.0,0.0,0.0,0.0,1,500000,0,0,0,0,0,0,0,1
20.804928131416837,4.0,149.0,0.0,0.0,0.0,0.0,1,50000,0,0,1,0,0,0,0,0
18.713210130047912,2.0,36.0,0.0,0.0,0.0,0.0,1,700000,1,0,0,0,0,0,0,1
20.980150581793293,30.0,1339.0,1.0,1.0,0.06721433905899926,0.06721433905899926,1,12000000,1,0,0,0,0,0,1,0
19.121149897330596,5.0,87.0,0.0,0.0,0.0,0.0,1,100000,0,0,0,0,1,0,0,0
20.21902806297057,2.0,4.0,0.0,0.0,0.0,0.0,1,75000,0,0,0,0,0,1,0,0
19.923340177960302,2.0,106.0,0.0,0.0,0.0,0.0,1,300000,1,0,0,0,0,1,0,0
19.88501026694045,3.0,12.0,0.0,0.0,0.0,0.0,1,1000000,1,0,0,0,0,1,0,0
19.874058863791923,2.0,12.0,0.0,0.0,0.0,0.0,1,700000,0,0,1,0,0,0,1,0
18.62012320328542,0.0,0.0,0.0,0.0,0.0,0.0,0,300000,0,1,0,0,0,0,0,1
19.854893908281998,0.0,0.0,0.0,0.0,0.0,0.0,0,50000,0,1,0,0,0,0,1,0
17.533196440793976,0.0,0.0,0.0,0.0,0.0,0.0,0,3000000,0,0,1,0,0,0,0,0
19.964407939767284,0.0,0.0,0.0,0.0,0.0,0.0,0,100000,0,0,1,0,0,0,1,0
20.980150581793293,0.0,0.0,0.0,0.0,0.0,0.0,0,75000,0,0,1,0,1,0,0,0
21.568788501026695,2.0,126.0,0.0,0.0,0.0,0.0,1,300000,1,0,0,0,1,0,0,0
21.437371663244353,0.0,0.0,0.0,0.0,0.0,0.0,0,25000,0,0,1,0,1,0,0,0
19.94524298425736,0.0,0.0,0.0,0.0,0.0,0.0,0,250000,0,0,1,0,0,0,0,1
19.04996577686516,16.0,438.0,1.0,0.0,0.2054794520547945,0.0,1,8000000,0,0,1,0,1,0,0,0
20.372347707049965,0.0,0.0,0.0,0.0,0.0,0.0,0,50000,0,0,1,0,1,0,0,0
19.01163586584531,0.0,0.0,0.0,0.0,0.0,0.0,0,1200000,1,0,0,0,1,0,0,0
18.858316221765914,13.0,457.0,1.0,2.0,0.19693654266958424,0.3938730853391685,1,8000000,0,0,0,0,1,0,0,0
19.64681724845996,0.0,0.0,0.0,0.0,0.0,0.0,0,700000,1,0,0,0,0,0,1,0
19.750855578370977,0.0,0.0,0.0,0.0,0.0,0.0,0,450000,0,0,1,0,0,0,1,0
22.677618069815196,3.0,121.0,0.0,0.0,0.0,0.0,1,300000,0,0,1,0,0,0,0,0
18.746064339493497,2.0,42.0,0.0,0.0,0.0,0.0,1,500000,1,0,0,0,0,0,0,0
21.19917864476386,0.0,0.0,0.0,0.0,0.0,0.0,0,150000,0,0,0,0,0,0,0,0
20.73100616016427,3.0,94.0,0.0,0.0,0.0,0.0,1,200000,0,0,1,0,0,0,0,0
25.338809034907598,35.0,1605.0,2.0,3.0,0.11214953271028037,0.16822429906542058,1,3000000,0,0,0,0,0,0,0,0
19.28542094455852,0.0,0.0,0.0,0.0,0.0,0.0,0,200000,0,0,0,0,0,0,1,0
20.73100616016427,1.0,90.0,0.0,0.0,0.0,0.0,1,3000000,0,1,0,0,0,0,0,0
22.978781656399725,1.0,6.0,0.0,0.0,0.0,0.0,1,300000,1,0,0,0,0,0,0,0
20.27104722792608,0.0,0.0,0.0,0.0,0.0,0.0,0,50000,0,0,0,0,0,0,0,0
22.23134839151266,2.0,81.0,0.0,0.0,0.0,0.0,1,50000,0,0,1,0,0,0,0,0
18.60917180013689,1.0,8.0,0.0,0.0,0.0,0.0,1,500000,0,0,0,0,0,0,0,0
19.110198494182068,41.0,2061.0,9.0,4.0,0.3930131004366812,0.17467248908296942,1,80000000,0,0,0,0,0,1,0,0
18.809034907597535,38.0,1748.0,3.0,1.0,0.15446224256292906,0.05148741418764302,1,45000000,0,0,0,0,0,0,0,0
17.779603011635867,8.0,361.0,0.0,0.0,0.0,0.0,1,5000000,1,0,0,0,0,0,1,0
18.1492128678987,7.0,383.0,1.0,0.0,0.2349869451697128,0.0,1,15000000,0,0,0,0,0,0,0,1
18.217659137577,39.0,1033.0,1.0,1.0,0.08712487899322362,0.08712487899322362,1,15000000,0,0,0,0,0,0,1,0
18.743326488706366,16.0,809.0,1.0,0.0,0.11124845488257107,0.0,1,15000000,0,0,0,0,0,0,0,1
18.483230663928815,1.0,6.0,0.0,0.0,0.0,0.0,1,700000,1,0,0,0,0,0,0,1
19.293634496919918,12.0,416.0,0.0,0.0,0.0,0.0,1,4000000,0,0,0,0,0,0,0,1
19.11841204654346,0.0,0.0,0.0,0.0,0.0,0.0,0,200000,1,0,0,0,0,0,1,0
19.564681724845997,0.0,0.0,0.0,0.0,0.0,0.0,0,100000,0,0,1,0,0,0,1,0
19.01163586584531,60.0,2398.0,8.0,3.0,0.3002502085070892,0.11259382819015847,1,25000000,0,0,0,0,0,1,0,0
21.366187542778917,1.0,1.0,0.0,0.0,0.0,0.0,1,2500000,0,0,0,0,0,1,0,0
21.17453798767967,31.0,1801.0,3.0,3.0,0.14991671293725709,0.14991671293725709,1,3000000,0,0,0,0,0,0,0,0
19.84394250513347,1.0,72.0,0.0,0.0,0.0,0.0,1,150000,1,0,0,0,0,0,0,0
20.39425051334702,0.0,0.0,0.0,0.0,0.0,0.0,0,25000,0,1,0,0,0,0,0,0
20.722792607802873,74.0,4221.0,16.0,4.0,0.3411513859275053,0.08528784648187633,1,30000000,0,0,0,0,0,0,1,0
21.111567419575632,46.0,3298.0,0.0,0.0,0.0,0.0,1,15000000,1,0,0,0,0,0,0,0
20.917180013689254,9.0,408.0,0.0,0.0,0.0,0.0,1,300000,0,0,1,0,0,0,0,0
21.95756331279945,5.0,71.0,0.0,0.0,0.0,0.0,1,200000,0,0,0,0,0,0,0,0
19.93429158110883,21.0,466.0,2.0,1.0,0.38626609442060084,0.19313304721030042,1,5000000,0,0,0,0,0,0,1,0
19.84394250513347,0.0,0.0,0.0,0.0,0.0,0.0,0,75000,1,0,0,0,0,0,1,0
20.637919233401778,0.0,0.0,0.0,0.0,0.0,0.0,0,150000,1,0,0,0,0,0,1,0
23.378507871321013,0.0,0.0,0.0,0.0,0.0,0.0,0,200000,1,0,0,0,0,0,0,0
23.318275154004105,19.0,638.0,0.0,0.0,0.0,0.0,1,6000000,1,0,0,0,0,1,0,0
20.865160848733744,27.0,1438.0,13.0,0.0,0.8136300417246176,0.0,1,20000000,0,0,0,0,0,0,0,0
20.79397672826831,21.0,1143.0,0.0,1.0,0.0,0.07874015748031496,1,2000000,0,0,0,0,0,0,0,0
20.815879534565365,18.0,521.0,2.0,1.0,0.345489443378119,0.1727447216890595,1,800000,0,0,0,0,0,0,0,0
20.8186173853525,7.0,136.0,0.0,0.0,0.0,0.0,1,500000,0,0,1,0,0,0,0,0
20.23545516769336,0.0,0.0,0.0,0.0,0.0,0.0,0,150000,0,1,0,0,0,0,0,0
19.561943874058862,3.0,122.0,0.0,1.0,0.0,0.0,1,200000,0,0,0,0,0,0,0,0
21.675564681724847,5.0,65.0,0.0,0.0,0.0,0.0,1,300000,0,0,0,0,0,0,0,0
21.711156741957563,3.0,225.0,0.0,0.0,0.0,0.0,1,200000,1,0,0,0,0,0,0,0
20.416153319644078,0.0,0.0,0.0,0.0,0.0,0.0,0,100000,0,0,1,0,0,0,0,0
18.77344284736482,0.0,0.0,0.0,0.0,0.0,0.0,0,150000,1,0,0,0,0,0,0,0
22.031485284052017,52.0,2466.0,4.0,2.0,0.14598540145985403,0.07299270072992702,1,16000000,0,0,1,0,0,0,0,0
20.643394934976044,11.0,441.0,3.0,1.0,0.6122448979591837,0.20408163265306123,1,800000,0,0,0,0,0,0,0,0
23.64955509924709,37.0,2513.0,16.0,1.0,0.5730202944687625,0.035813768404297654,1,35000000,0,0,0,0,1,0,0,0
20.856947296372347,0.0,0.0,0.0,0.0,0.0,0.0,0,150000,0,0,0,0,0,0,0,0
21.127994524298426,10.0,419.0,0.0,0.0,0.0,0.0,1,800000,1,0,0,0,0,0,0,0
17.659137577002053,3.0,111.0,1.0,2.0,0.0,0.0,1,300000,0,0,1,0,0,1,0,0
20.23545516769336,48.0,3172.0,7.0,15.0,0.1986128625472888,0.4255989911727616,1,40000000,0,0,0,0,0,0,0,1
20.05475701574264,38.0,1877.0,1.0,1.0,0.04794885455514118,0.04794885455514118,1,2000000,0,0,1,0,1,0,0,0
18.261464750171115,0.0,0.0,0.0,0.0,0.0,0.0,0,500000,0,1,0,0,0,0,0,1
19.408624229979466,0.0,0.0,0.0,0.0,0.0,0.0,0,50000,0,0,1,0,1,0,0,0
18.915811088295687,12.0,128.0,0.0,0.0,0.0,0.0,1,3000000,0,0,0,0,0,1,0,0
19.359342915811087,0.0,0.0,0.0,0.0,0.0,0.0,0,150000,1,0,0,0,0,0,0,1
17.401779603011637,17.0,554.0,2.0,1.0,0.3249097472924188,0.1624548736462094,1,17000000,0,0,1,0,0,0,0,1
23.093771389459274,0.0,0.0,0.0,0.0,0.0,0.0,0,50000,0,1,0,0,1,0,0,0
18.38466803559206,18.0,833.0,1.0,1.0,0.10804321728691475,0.10804321728691475,1,10000000,0,0,1,0,0,0,0,0
16.602327173169062,0.0,0.0,0.0,0.0,0.0,0.0,0,300000,0,0,1,0,0,1,0,0
21.065023956194388,26.0,1717.0,1.0,0.0,0.052417006406523005,0.0,1,2500000,1,0,0,0,1,0,0,0
20.361396303901437,1.0,27.0,0.0,0.0,0.0,0.0,1,200000,1,0,0,0,0,1,0,0
19.72621492128679,0.0,0.0,0.0,0.0,0.0,0.0,0,200000,0,1,0,0,0,0,1,0
18.50239561943874,1.0,1.0,0.0,0.0,0.0,0.0,1,75000,0,0,0,0,1,0,0,0
19.94524298425736,2.0,180.0,0.0,0.0,0.0,0.0,1,200000,0,1,0,0,1,0,0,0
18.60369609856263,15.0,1060.0,1.0,1.0,0.08490566037735849,0.08490566037735849,1,18000000,1,0,0,0,0,0,0,1
21.689253935660506,11.0,87.0,1.0,0.0,0.0,0.0,1,800000,0,0,0,0,0,0,0,1
19.381245722108144,0.0,0.0,0.0,0.0,0.0,0.0,0,250000,0,0,1,0,0,0,0,1
18.510609171800137,4.0,20.0,0.0,0.0,0.0,0.0,1,350000,0,0,1,0,0,0,0,1
21.45927446954141,31.0,2115.0,2.0,1.0,0.0851063829787234,0.0425531914893617,1,20000000,0,0,1,0,1,0,0,0
20.16974674880219,0.0,0.0,0.0,0.0,0.0,0.0,0,400000,0,0,1,0,0,0,1,0
18.379192334017795,9.0,603.0,1.0,0.0,0.1492537313432836,0.0,1,10000000,1,0,0,0,0,0,0,1
18.258726899383984,39.0,1949.0,9.0,8.0,0.41559774243201647,0.36942021549512566,1,60000000,0,0,1,0,0,0,0,1
18.403832991101986,2.0,44.0,0.0,0.0,0.0,0.0,1,200000,1,0,0,0,1,0,0,0
19.41409993155373,26.0,668.0,0.0,0.0,0.0,0.0,1,2500000,0,0,1,0,1,0,0,0
18.77891854893908,0.0,0.0,0.0,0.0,0.0,0.0,0,1000000,0,1,0,0,1,0,0,0
19.143052703627653,0.0,0.0,0.0,0.0,0.0,0.0,0,150000,0,1,0,0,1,0,0,0
18.94866529774127,9.0,441.0,1.0,0.0,0.20408163265306123,0.0,1,5000000,1,0,0,0,1,0,0,0
18.559890485968516,2.0,22.0,0.0,0.0,0.0,0.0,1,1000000,0,0,1,0,1,0,0,0
22.940451745379878,88.0,6429.0,3.0,5.0,0.041997200186654225,0.0699953336444237,1,18000000,1,0,0,0,0,0,0,0
18.261464750171115,41.0,2172.0,1.0,1.0,0.04143646408839779,0.04143646408839779,1,30000000,1,0,0,0,0,0,1,0
18.795345653661876,10.0,468.0,0.0,0.0,0.0,0.0,1,8000000,1,0,0,0,0,0,0,1
19.696098562628336,24.0,1278.0,0.0,1.0,0.0,0.07042253521126761,1,30000000,1,0,0,0,0,1,0,0
20.657084188911703,27.0,538.0,2.0,0.0,0.33457249070631967,0.0,1,5000000,0,0,0,0,1,0,0,0
19.857631759069132,0.0,0.0,0.0,0.0,0.0,0.0,0,100000,1,0,0,0,1,0,0,0
18.65845311430527,2.0,88.0,1.0,0.0,0.0,0.0,1,300000,0,0,0,0,1,0,0,0
18.581793292265573,8.0,148.0,0.0,0.0,0.0,0.0,1,1000000,0,0,1,0,0,0,0,0
20.700889801505816,14.0,262.0,0.0,0.0,0.0,0.0,1,1000000,0,0,1,0,0,1,0,0
20.292950034223136,3.0,34.0,0.0,0.0,0.0,0.0,1,100000,0,0,1,0,0,0,1,0
22.015058179329227,3.0,127.0,0.0,1.0,0.0,0.0,1,1500000,1,0,0,0,0,0,1,0
18.694045174537987,1.0,2.0,0.0,0.0,0.0,0.0,1,100000,0,0,0,0,1,0,0,0
22.17385352498289,31.0,1336.0,3.0,1.0,0.20209580838323352,0.06736526946107785,1,700000,0,0,0,0,0,0,1,0
17.234770704996578,3.0,22.0,0.0,0.0,0.0,0.0,1,5000000,0,0,0,0,0,0,0,1
19.01163586584531,27.0,2122.0,1.0,0.0,0.04241281809613572,0.0,1,28000000,1,0,0,0,0,0,0,1
18.8911704312115,2.0,32.0,0.0,0.0,0.0,0.0,1,500000,0,0,1,0,0,0,1,0
17.99315537303217,1.0,15.0,0.0,0.0,0.0,0.0,1,400000,0,0,0,0,0,1,0,0
19.964407939767284,4.0,144.0,0.0,0.0,0.0,0.0,1,12000000,1,0,0,0,0,1,0,0
19.449691991786448,18.0,1286.0,1.0,0.0,0.06998444790046657,0.0,1,25000000,1,0,0,0,0,1,0,0
19.852156057494867,0.0,0.0,0.0,0.0,0.0,0.0,0,50000,0,0,1,0,0,0,1,0
20.21902806297057,2.0,35.0,0.0,0.0,0.0,0.0,1,200000,0,0,0,0,1,0,0,0
21.30321697467488,10.0,95.0,0.0,0.0,0.0,0.0,1,1000000,0,0,0,0,1,0,0,0
22.412046543463383,31.0,2612.0,2.0,8.0,0.06891271056661562,0.27565084226646247,1,15000000,1,0,0,0,1,0,0,0
18.636550308008214,0.0,0.0,0.0,0.0,0.0,0.0,0,100000,0,0,1,0,0,1,0,0
17.82340862422998,1.0,63.0,0.0,0.0,0.0,0.0,1,100000,1,0,0,0,0,1,0,0
26.171115674195757,35.0,2881.0,0.0,0.0,0.0,0.0,1,7000000,1,0,0,0,1,0,0,0
19.761806981519506,2.0,2.0,0.0,0.0,0.0,0.0,1,300000,0,0,0,0,0,1,0,0
21.462012320328544,4.0,315.0,0.0,0.0,0.0,0.0,1,1000000,1,0,0,0,1,0,0,0
19.50718685831622,9.0,282.0,0.0,2.0,0.0,0.6382978723404256,1,3500000,0,0,0,0,0,1,0,0
22.431211498973305,9.0,445.0,0.0,0.0,0.0,0.0,1,700000,0,0,0,0,1,0,0,0
20.632443531827516,24.0,512.0,1.0,0.0,0.17578125,0.0,1,1500000,0,0,0,0,1,0,0,0
19.96167008898015,15.0,587.0,1.0,0.0,0.15332197614991483,0.0,1,5000000,0,0,0,0,1,0,0,0
18.663928815879533,82.0,4891.0,0.0,3.0,0.0,0.05520343488039256,1,50000000,0,0,1,0,1,0,0,0
19.939767282683093,16.0,890.0,2.0,1.0,0.20224719101123598,0.10112359550561799,1,1000000,0,0,0,0,1,0,0,0
21.13347022587269,2.0,30.0,0.0,0.0,0.0,0.0,1,200000,1,0,0,0,1,0,0,0
20.024640657084188,8.0,83.0,1.0,0.0,0.0,0.0,1,2000000,0,0,0,0,0,0,1,0
21.44284736481862,16.0,883.0,0.0,0.0,0.0,0.0,1,800000,0,0,0,0,0,0,0,0
20.8186173853525,0.0,0.0,0.0,0.0,0.0,0.0,0,50000,0,0,0,0,1,0,0,0
19.225188227241617,9.0,541.0,0.0,0.0,0.0,0.0,1,2000000,1,0,0,0,1,0,0,0
18.811772758384667,31.0,1291.0,5.0,0.0,0.34856700232378,0.0,1,15000000,0,0,0,0,1,0,0,0
20.747433264887064,2.0,31.0,0.0,0.0,0.0,0.0,1,2300000,0,0,0,0,0,0,1,0
19.21423682409309,0.0,0.0,0.0,0.0,0.0,0.0,0,50000,1,0,0,0,0,0,0,0
18.24229979466119,4.0,75.0,0.0,0.0,0.0,0.0,1,200000,0,0,0,0,1,0,0,0
19.378507871321013,10.0,398.0,0.0,1.0,0.0,0.22613065326633167,1,2000000,1,0,0,0,0,1,0,0
19.370294318959616,20.0,858.0,0.0,3.0,0.0,0.3146853146853147,1,12000000,0,0,1,0,0,1,0,0
19.457905544147845,0.0,0.0,0.0,0.0,0.0,0.0,0,4000000,0,0,0,0,0,0,0,1
19.080082135523615,2.0,16.0,0.0,0.0,0.0,0.0,1,1000000,1,0,0,0,0,1,0,0
19.94524298425736,6.0,187.0,0.0,0.0,0.0,0.0,1,2000000,0,0,0,0,0,0,0,0
17.136208076659823,2.0,25.0,0.0,0.0,0.0,0.0,1,500000,0,0,1,0,0,1,0,0
17.760438056125942,30.0,1024.0,2.0,1.0,0.17578125,0.087890625,1,30000000,0,0,0,0,0,1,0,0
17.763175906913073,3.0,33.0,0.0,0.0,0.0,0.0,1,150000,0,0,0,0,1,0,0,0
21.492128678986994,81.0,4032.0,9.0,10.0,0.20089285714285712,0.2232142857142857,1,7000000,0,0,0,0,1,0,0,0
20.465434633812457,0.0,0.0,0.0,0.0,0.0,0.0,0,800000,1,0,0,0,0,0,1,0
21.429158110882955,51.0,4261.0,0.0,6.0,0.0,0.12673081436282563,1,28000000,1,0,0,0,0,1,0,0
19.184120465434635,9.0,121.0,1.0,0.0,0.0,0.0,1,300000,0,0,0,0,1,0,0,0
21.973990417522245,37.0,2783.0,2.0,1.0,0.06467840459935321,0.03233920229967661,1,7000000,1,0,0,0,1,0,0,0
21.6290212183436,4.0,81.0,0.0,0.0,0.0,0.0,1,300000,0,0,0,0,0,0,1,0
21.420944558521562,52.0,4475.0,3.0,0.0,0.060335195530726256,0.0,1,15000000,1,0,0,0,0,0,1,0
21.99041752224504,36.0,2925.0,1.0,0.0,0.03076923076923077,0.0,1,10000000,1,0,0,0,1,0,0,0
18.921286789869953,16.0,413.0,1.0,0.0,0.2179176755447942,0.0,1,4000000,0,0,1,0,0,0,0,1
19.211498973305954,2.0,169.0,0.0,0.0,0.0,0.0,1,4000000,0,0,1,0,0,0,0,1
21.426420260095824,2.0,48.0,0.0,0.0,0.0,0.0,1,100000,0,0,0,0,1,0,0,0
18.699520876112253,7.0,97.0,0.0,0.0,0.0,0.0,1,1000000,0,0,0,0,0,0,0,1
20.632443531827516,10.0,183.0,0.0,0.0,0.0,0.0,1,3500000,0,0,1,0,0,0,1,0
19.37577002053388,2.0,27.0,0.0,0.0,0.0,0.0,1,3000000,0,0,1,0,0,0,0,1
19.477070499657767,6.0,252.0,0.0,0.0,0.0,0.0,1,1000000,1,0,0,0,1,0,0,0
19.756331279945243,39.0,1156.0,4.0,1.0,0.31141868512110726,0.07785467128027682,1,7000000,0,0,0,0,1,0,0,0
20.35318275154004,39.0,2257.0,3.0,2.0,0.11962782454585734,0.07975188303057155,1,10000000,0,0,1,0,1,0,0,0
19.805612594113622,7.0,103.0,0.0,0.0,0.0,0.0,1,300000,0,0,1,0,1,0,0,0
20.243668720054757,14.0,380.0,0.0,0.0,0.0,0.0,1,1800000,1,0,0,0,1,0,0,0
20.139630390143736,57.0,4299.0,0.0,0.0,0.0,0.0,1,10000000,1,0,0,0,1,0,0,0
22.806297056810404,0.0,0.0,0.0,0.0,0.0,0.0,0,200000,0,0,0,0,0,0,0,0
23.041752224503764,59.0,3419.0,5.0,9.0,0.13161743199766013,0.23691137759578823,1,12000000,0,0,0,0,0,0,0,0
23.991786447638603,20.0,1415.0,3.0,4.0,0.1908127208480565,0.254416961130742,1,3000000,0,0,0,0,0,0,0,0
19.362080766598222,2.0,14.0,0.0,0.0,0.0,0.0,1,500000,1,0,0,0,0,0,0,1
22.171115674195757,16.0,822.0,0.0,4.0,0.0,0.43795620437956206,1,4500000,0,0,0,0,0,0,0,0
23.849418206707735,1.0,20.0,0.0,0.0,0.0,0.0,1,25000,0,0,1,0,0,0,0,0
21.09240246406571,19.0,1506.0,0.0,1.0,0.0,0.0597609561752988,1,8000000,1,0,0,0,0,0,1,0
20.637919233401778,7.0,327.0,0.0,1.0,0.0,0.27522935779816515,1,5000000,1,0,0,0,1,0,0,0
20.65160848733744,33.0,2137.0,1.0,3.0,0.04211511464670099,0.12634534394010294,1,22000000,0,0,1,0,1,0,0,0
19.077344284736483,0.0,0.0,0.0,0.0,0.0,0.0,0,4000000,0,0,1,0,0,0,0,1
19.277207392197127,34.0,790.0,5.0,5.0,0.569620253164557,0.569620253164557,1,18000000,0,0,0,0,1,0,0,0
17.423682409308693,0.0,0.0,0.0,0.0,0.0,0.0,0,300000,0,1,0,0,0,1,0,0
18.625598904859686,3.0,155.0,0.0,1.0,0.0,0.0,1,300000,0,0,0,0,1,0,0,0
19.57015742642026,15.0,323.0,2.0,1.0,0.5572755417956656,0.2786377708978328,1,1500000,0,0,0,0,1,0,0,0
18.532511978097194,0.0,0.0,0.0,0.0,0.0,0.0,0,800000,1,0,0,0,0,0,0,1
20.125941136208077,20.0,1402.0,2.0,1.0,0.12838801711840228,0.06419400855920114,1,12000000,1,0,0,0,1,0,0,0
20.262833675564682,4.0,266.0,0.0,0.0,0.0,0.0,1,3500000,0,0,1,0,0,0,1,0
22.38193018480493,2.0,38.0,0.0,0.0,0.0,0.0,1,25000,1,0,0,0,0,0,0,0
19.567419575633128,0.0,0.0,0.0,0.0,0.0,0.0,0,25000,0,1,0,0,0,0,0,0
23.789185489390828,15.0,884.0,0.0,0.0,0.0,0.0,1,1200000,1,0,0,0,1,0,0,0
18.647501711156742,29.0,1067.0,5.0,2.0,0.42174320524835984,0.16869728209934395,1,18000000,0,0,0,0,1,0,0,0
20.37782340862423,30.0,1371.0,0.0,1.0,0.0,0.06564551422319474,1,3500000,0,0,1,0,0,1,0,0
20.61054072553046,9.0,607.0,0.0,0.0,0.0,0.0,1,100000,1,0,0,0,0,1,0,0
22.69678302532512,33.0,2425.0,0.0,0.0,0.0,0.0,1,6000000,1,0,0,0,0,0,0,0
21.188227241615333,24.0,1021.0,0.0,0.0,0.0,0.0,1,1200000,1,0,0,0,1,0,0,0
20.933607118412045,15.0,410.0,0.0,0.0,0.0,0.0,1,8000000,0,0,0,0,0,0,0,1
18.72416153319644,0.0,0.0,0.0,0.0,0.0,0.0,0,500000,0,1,0,0,0,1,0,0
21.089664613278575,14.0,603.0,1.0,1.0,0.1492537313432836,0.1492537313432836,1,10000000,1,0,0,0,0,0,0,1
20.0684462696783,7.0,589.0,2.0,0.0,0.30560271646859083,0.0,1,1000000,1,0,0,0,0,0,0,0
21.637234770704996,0.0,0.0,0.0,0.0,0.0,0.0,0,50000,0,0,0,0,0,0,0,0
20.191649555099247,0.0,0.0,0.0,0.0,0.0,0.0,0,5000000,1,0,0,0,0,0,0,1
18.967830253251197,5.0,69.0,0.0,0.0,0.0,0.0,1,3000000,0,0,1,0,0,0,0,1
20.522929500342233,12.0,510.0,0.0,2.0,0.0,0.3529411764705882,1,12000000,0,0,0,0,1,0,0,0
18.704996577686515,0.0,0.0,0.0,0.0,0.0,0.0,0,125000,0,0,1,0,0,0,0,1
21.267624914442163,23.0,756.0,5.0,0.0,0.5952380952380952,0.0,1,9000000,0,0,0,0,1,0,0,0
19.04996577686516,5.0,53.0,0.0,0.0,0.0,0.0,1,800000,0,0,0,0,0,0,0,1
16.692676249144423,1.0,6.0,0.0,0.0,0.0,0.0,1,500000,0,0,1,0,0,0,0,1
21.61533196440794,0.0,0.0,0.0,0.0,0.0,0.0,0,450000,1,0,0,0,0,0,0,1
19.575633127994525,0.0,0.0,0.0,0.0,0.0,0.0,0,25000,1,0,0,0,0,0,0,0
20.8870636550308,0.0,0.0,0.0,0.0,0.0,0.0,0,200000,1,0,0,0,0,0,0,0
20.407939767282684,6.0,396.0,0.0,0.0,0.0,0.0,1,300000,1,0,0,0,0,0,1,0
18.666666666666668,0.0,0.0,0.0,0.0,0.0,0.0,0,175000,0,0,1,0,0,0,0,1
22.91854893908282,23.0,1808.0,1.0,0.0,0.049778761061946904,0.0,1,10000000,1,0,0,0,0,0,1,0
19.6249144421629,0.0,0.0,0.0,0.0,0.0,0.0,0,1000000,1,0,0,0,0,0,1,0
20.591375770020534,0.0,0.0,0.0,0.0,0.0,0.0,0,400000,1,0,0,0,1,0,0,0
19.030800821355236,0.0,0.0,0.0,0.0,0.0,0.0,0,200000,1,0,0,0,1,0,0,0
19.84394250513347,1.0,3.0,0.0,0.0,0.0,0.0,1,300000,0,0,0,0,1,0,0,0
20.298425735797398,27.0,809.0,5.0,1.0,0.5562422744128553,0.11124845488257107,1,8000000,0,0,0,0,1,0,0,0
20.213552361396303,5.0,99.0,1.0,0.0,0.0,0.0,1,1000000,0,0,0,0,1,0,0,0
21.53867214236824,11.0,264.0,0.0,2.0,0.0,0.0,1,300000,1,0,0,0,0,0,0,0
19.748117727583846,6.0,373.0,0.0,0.0,0.0,0.0,1,800000,1,0,0,0,1,0,0,0
19.750855578370977,36.0,2038.0,13.0,5.0,0.5740922473012757,0.2208047105004907,1,45000000,0,0,0,0,0,0,0,1
21.149897330595483,0.0,0.0,0.0,0.0,0.0,0.0,0,250000,0,0,0,0,0,0,0,1
20.944558521560573,5.0,437.0,0.0,0.0,0.0,0.0,1,300000,0,1,0,0,0,0,0,0
18.494182067077343,17.0,266.0,0.0,2.0,0.0,0.0,1,8000000,0,0,1,0,1,0,0,0
18.62012320328542,2.0,8.0,0.0,0.0,0.0,0.0,1,300000,0,0,1,0,1,0,0,0
21.125256673511295,1.0,32.0,0.0,0.0,0.0,0.0,1,500000,1,0,0,0,0,0,1,0
20.227241615331966,11.0,241.0,0.0,0.0,0.0,0.0,1,1200000,0,0,1,0,1,0,0,0
20.40246406570842,1.0,6.0,0.0,0.0,0.0,0.0,1,200000,0,0,0,0,1,0,0,0
20.92539356605065,41.0,1681.0,2.0,1.0,0.10707911957168352,0.05353955978584176,1,7000000,1,0,0,0,1,0,0,0
17.284052019164957,0.0,0.0,0.0,0.0,0.0,0.0,0,800000,0,0,1,0,0,0,1,0
19.698836413415467,24.0,575.0,1.0,0.0,0.1565217391304348,0.0,1,8000000,0,0,0,0,1,0,0,0
20.347707049965777,30.0,1602.0,0.0,1.0,0.0,0.056179775280898875,1,5000000,0,0,1,0,1,0,0,0
19.874058863791923,9.0,373.0,1.0,0.0,0.24128686327077747,0.0,1,3000000,0,0,0,0,1,0,0,0
17.968514715947983,0.0,0.0,0.0,0.0,0.0,0.0,0,150000,1,0,0,0,0,0,0,0
20.522929500342233,11.0,773.0,0.0,0.0,0.0,0.0,1,12000000,0,0,1,0,0,1,0,0
19.718001368925393,0.0,0.0,0.0,0.0,0.0,0.0,0,25000,0,0,0,0,0,0,0,0
17.853524982888434,1.0,21.0,0.0,0.0,0.0,0.0,1,50000,1,0,0,0,0,0,0,0
18.913073237508556,0.0,0.0,0.0,0.0,0.0,0.0,0,175000,1,0,0,0,0,0,1,0
21.689253935660506,17.0,1446.0,0.0,0.0,0.0,0.0,1,4500000,1,0,0,0,1,0,0,0
19.49075975359343,9.0,75.0,1.0,0.0,0.0,0.0,1,1000000,0,0,1,0,1,0,0,0
18.798083504449007,15.0,239.0,1.0,2.0,0.0,0.0,1,4000000,0,0,0,0,1,0,0,0
19.310061601642712,1.0,2.0,0.0,0.0,0.0,0.0,1,50000,0,0,0,0,0,0,0,0
18.026009582477755,5.0,62.0,0.0,0.0,0.0,0.0,1,5000000,0,0,1,0,0,0,0,1
18.351813826146476,46.0,1643.0,5.0,6.0,0.273889227023737,0.3286670724284845,1,30000000,0,0,0,0,1,0,0,0
20.199863107460644,5.0,114.0,0.0,0.0,0.0,0.0,1,7500000,0,0,1,0,0,0,0,0
18.406570841889117,7.0,328.0,0.0,1.0,0.0,0.27439024390243905,1,3000000,1,0,0,0,1,0,0,0
16.421629021218344,13.0,477.0,1.0,1.0,0.18867924528301888,0.18867924528301888,1,30000000,0,0,0,0,0,1,0,0
19.266255989048595,30.0,1541.0,1.0,2.0,0.05840363400389357,0.11680726800778714,1,15000000,0,0,1,0,1,0,0,0
20.517453798767967,60.0,3268.0,6.0,12.0,0.16523867809057527,0.33047735618115054,1,30000000,0,0,0,0,0,0,1,0
20.290212183436,27.0,1884.0,2.0,2.0,0.09554140127388534,0.09554140127388534,1,18000000,1,0,0,0,1,0,0,0
19.137577002053387,5.0,235.0,0.0,0.0,0.0,0.0,1,2000000,0,0,1,0,1,0,0,0
21.166324435318277,15.0,1168.0,1.0,1.0,0.07705479452054795,0.07705479452054795,1,3500000,1,0,0,0,0,0,1,0
19.364818617385353,0.0,0.0,0.0,0.0,0.0,0.0,0,50000,0,1,0,0,0,0,1,0
19.73990417522245,0.0,0.0,0.0,0.0,0.0,0.0,0,200000,0,1,0,0,0,0,1,0
18.688569472963724,0.0,0.0,0.0,0.0,0.0,0.0,0,3000000,0,0,0,0,0,0,1,0
19.87953456536619,21.0,357.0,0.0,0.0,0.0,0.0,1,1000000,0,0,1,0,1,0,0,0
17.281314168377822,8.0,178.0,0.0,0.0,0.0,0.0,1,2000000,0,0,0,0,1,0,0,0
18.253251197809718,9.0,235.0,2.0,0.0,0.0,0.0,1,10000000,0,0,0,0,1,0,0,0
18.223134839151268,23.0,1093.0,1.0,1.0,0.08234217749313816,0.08234217749313816,1,15000000,0,0,1,0,1,0,0,0
18.286105407255306,0.0,0.0,0.0,0.0,0.0,0.0,0,800000,0,0,0,0,0,0,0,0
17.765913757700204,1.0,16.0,0.0,0.0,0.0,0.0,1,2000000,0,0,0,0,0,1,0,0
20.629705681040384,0.0,0.0,0.0,0.0,0.0,0.0,0,300000,1,0,0,0,1,0,0,0
17.533196440793976,4.0,117.0,0.0,0.0,0.0,0.0,1,1000000,0,0,1,0,1,0,0,0
17.66461327857632,1.0,11.0,0.0,0.0,0.0,0.0,1,1500000,0,0,1,0,0,0,1,0
20.465434633812457,3.0,138.0,0.0,0.0,0.0,0.0,1,200000,0,0,1,0,0,0,0,0
19.34839151266256,14.0,491.0,0.0,1.0,0.0,0.18329938900203666,1,5000000,0,0,0,0,0,0,0,1
22.902121834360027,0.0,0.0,0.0,0.0,0.0,0.0,0,50000,1,0,0,0,0,0,0,0
18.702258726899384,0.0,0.0,0.0,0.0,0.0,0.0,0,100000,0,1,0,0,0,0,0,0
17.152635181382614,5.0,157.0,0.0,0.0,0.0,0.0,1,12000000,0,0,0,0,1,0,0,0
18.10814510609172,6.0,41.0,0.0,0.0,0.0,0.0,1,1500000,0,0,0,0,1,0,0,0
20.996577686516083,18.0,1375.0,1.0,0.0,0.06545454545454545,0.0,1,10000000,1,0,0,0,0,0,1,0
17.60164271047228,8.0,498.0,1.0,0.0,0.18072289156626503,0.0,1,4000000,1,0,0,0,1,0,0,0
19.978097193702943,4.0,44.0,0.0,0.0,0.0,0.0,1,100000,0,0,0,0,1,0,0,0
22.76249144421629,1.0,84.0,0.0,0.0,0.0,0.0,1,200000,0,0,0,0,0,0,0,0
19.430527036276523,1.0,3.0,0.0,0.0,0.0,0.0,1,50000,0,0,0,0,0,0,0,0
18.713210130047912,31.0,2000.0,3.0,2.0,0.135,0.09,1,20000000,0,0,1,0,0,1,0,0
18.42299794661191,2.0,68.0,0.0,0.0,0.0,0.0,1,10000000,0,0,1,0,0,0,1,0
18.817248459958932,15.0,714.0,1.0,0.0,0.12605042016806722,0.0,1,1500000,0,0,0,0,0,0,0,0
19.482546201232033,13.0,184.0,2.0,0.0,0.0,0.0,1,1500000,0,0,0,0,1,0,0,0
19.734428473648187,0.0,0.0,0.0,0.0,0.0,0.0,0,5000000,0,0,0,0,0,0,0,1
19.975359342915812,11.0,386.0,0.0,1.0,0.0,0.23316062176165803,1,800000,0,0,0,0,1,0,0,0
21.05407255304586,4.0,13.0,0.0,0.0,0.0,0.0,1,50000,0,0,0,0,1,0,0,0
18.365503080082135,20.0,1724.0,0.0,0.0,0.0,0.0,1,25000000,1,0,0,0,1,0,0,0
18.217659137577,32.0,1414.0,2.0,0.0,0.1272984441301273,0.0,1,20000000,0,0,1,0,1,0,0,0
19.123887748117728,1.0,13.0,0.0,0.0,0.0,0.0,1,50000,1,0,0,0,1,0,0,0
20.35044490075291,5.0,110.0,0.0,0.0,0.0,0.0,1,1200000,0,0,1,0,1,0,0,0
20.334017796030118,9.0,199.0,0.0,0.0,0.0,0.0,1,200000,0,0,1,0,0,0,0,0
19.37577002053388,0.0,0.0,0.0,0.0,0.0,0.0,0,1500000,0,1,0,0,0,0,1,0
16.941820670773442,1.0,1.0,0.0,0.0,0.0,0.0,1,2000000,1,0,0,0,0,0,0,1
18.636550308008214,14.0,698.0,0.0,0.0,0.0,0.0,1,1000000,1,0,0,0,0,0,0,0
18.70773442847365,2.0,95.0,0.0,1.0,0.0,0.0,1,100000,1,0,0,0,0,0,0,0
19.356605065023956,4.0,81.0,0.0,0.0,0.0,0.0,1,3000000,1,0,0,0,1,0,0,0
22.390143737166323,37.0,793.0,6.0,3.0,0.6809583858764187,0.34047919293820933,1,1000000,0,0,0,0,0,0,0,1
19.16769336071184,0.0,0.0,0.0,0.0,0.0,0.0,0,4000000,1,0,0,0,0,1,0,0
19.030800821355236,19.0,601.0,0.0,1.0,0.0,0.1497504159733777,1,1000000,0,0,0,0,0,0,0,0
16.520191649555098,11.0,428.0,0.0,0.0,0.0,0.0,1,10000000,0,0,1,0,1,0,0,0
18.704996577686515,0.0,0.0,0.0,0.0,0.0,0.0,0,50000,0,1,0,0,0,0,0,0
19.21423682409309,10.0,435.0,0.0,0.0,0.0,0.0,1,5000000,1,0,0,0,0,0,1,0
19.860369609856264,34.0,1824.0,2.0,6.0,0.09868421052631579,0.29605263157894735,1,15000000,0,0,0,0,0,0,0,0
20.021902806297057,1.0,45.0,0.0,0.0,0.0,0.0,1,300000,1,0,0,0,0,0,0,0
23.444216290212182,9.0,431.0,1.0,0.0,0.2088167053364269,0.0,1,1000000,0,0,0,0,0,0,0,0
18.28062970568104,13.0,435.0,2.0,2.0,0.41379310344827586,0.41379310344827586,1,4500000,0,0,0,0,1,0,0,0
19.288158795345655,13.0,403.0,0.0,1.0,0.0,0.22332506203473945,1,2800000,0,0,1,0,0,0,0,0
20.28473648186174,8.0,407.0,0.0,0.0,0.0,0.0,1,1000000,1,0,0,0,0,0,1,0
21.311430527036276,2.0,48.0,0.0,0.0,0.0,0.0,1,2500000,0,0,0,0,0,1,0,0
19.039014373716633,5.0,180.0,0.0,1.0,0.0,0.0,1,1000000,0,0,0,0,0,0,0,0
21.697467488021903,4.0,286.0,0.0,1.0,0.0,0.3146853146853147,1,50000,0,0,0,0,0,0,0,0
20.646132785763175,3.0,112.0,0.0,0.0,0.0,0.0,1,25000,0,0,1,0,0,0,0,0
19.64955509924709,0.0,0.0,0.0,0.0,0.0,0.0,0,250000,0,0,0,0,0,0,0,1
19.835728952772072,44.0,1983.0,7.0,9.0,0.3177004538577912,0.4084720121028744,1,40000000,0,0,0,0,0,0,0,1
19.4031485284052,1.0,20.0,0.0,0.0,0.0,0.0,1,25000,0,0,0,0,0,0,0,0
19.422313483915126,3.0,159.0,0.0,0.0,0.0,0.0,1,500000,0,0,1,0,0,0,0,0
19.37303216974675,9.0,330.0,2.0,0.0,0.5454545454545454,0.0,1,7000000,0,0,0,0,0,0,1,0
17.765913757700204,5.0,218.0,0.0,0.0,0.0,0.0,1,300000,1,0,0,0,0,0,0,0
18.83915126625599,16.0,817.0,0.0,2.0,0.0,0.22031823745410034,1,20000000,0,0,1,0,0,0,0,0
16.01368925393566,1.0,6.0,0.0,0.0,0.0,0.0,1,1000000,0,0,0,0,0,0,0,1
17.242984257357975,1.0,3.0,0.0,0.0,0.0,0.0,1,1000000,0,0,0,0,0,0,0,1
19.753593429158112,0.0,0.0,0.0,0.0,0.0,0.0,0,25000,1,0,0,0,0,0,0,0
20.019164955509925,5.0,99.0,0.0,0.0,0.0,0.0,1,300000,0,0,1,0,0,0,0,0
19.531827515400412,51.0,3618.0,16.0,11.0,0.3980099502487562,0.2736318407960199,1,90000000,0,0,0,0,0,0,0,1
19.761806981519506,1.0,10.0,0.0,0.0,0.0,0.0,1,25000,0,0,1,0,0,0,0,0
17.75770020533881,6.0,134.0,0.0,0.0,0.0,0.0,1,3000000,0,0,1,0,0,0,0,0
18.403832991101986,4.0,142.0,0.0,0.0,0.0,0.0,1,4000000,0,0,1,0,0,0,0,1
